vibration_rms,vibration_peak,vibration_crest_factor,temp_surface_c,temp_bearing_c,belt_speed_mps,load_kg,ir_offset_mm,label
2.9812349546912067,7.973875277007752,4.112657971168078,46.82387359952236,85.1153325010844,1.7718604499862582,97.18642304383054,0.9168820594927479,BEARING_FAULT
1.2950878189815067,2.0075536380736967,1.5241055448406138,42.474281695730355,58.569853340638865,1.9395914220958044,116.01074306164392,12.753211759684358,MISALIGNMENT
3.956005314560314,7.841118275717212,4.945204002593421,40.811262579007085,97.23023068568246,1.8333581721202046,86.58505290663541,2.0113061870194215,BEARING_FAULT
1.0917861947054777,1.2833427457007696,1.4861771955708192,35.3986093528673,46.5578517709253,2.0298158465990523,104.93654847643151,-0.49757249830921385,NORMAL
2.317764344571222,4.555079432515209,2.815331594812525,77.52226241549141,52.01367313363247,1.8877463355028863,108.87766730011226,2.7586507280612285,SPLICE_FAULT
1.3669192656265192,1.5253117392090765,1.5673191766071244,40.90454216040536,63.8920965878186,1.9840606712783382,94.92283230850286,13.381059287435352,MISALIGNMENT
1.8245106754262195,2.8533725174234963,1.4870702542964491,80.61487924924587,59.96832929767372,1.0545360920462412,392.5464523479859,3.878921950216689,OVERLOAD
4.054175112662553,7.100879100061692,4.217223618798788,45.319427343077216,81.21999285532077,1.6452003162952142,107.93786688274723,-0.15313793338883852,BEARING_FAULT
1.01202956317119,1.4759463258383203,1.3758463418492823,37.06082590843054,44.74617082668048,1.9777525103221734,95.11726157548455,0.6863535550145331,NORMAL
3.034970542674199,5.69678223428334,2.603470792494428,68.8077082799982,58.4412047541267,1.930928576126834,87.02372133930493,2.803451275452321,SPLICE_FAULT
3.674707100444199,8.679856292255126,4.689561816534619,52.11864754835076,79.26173621587465,2.0401678028458905,101.76408928718968,2.082252050150913,BEARING_FAULT
0.9323077999694042,1.3177333571334204,1.1905011485942836,34.41908950473056,41.798465129851934,1.9711451304124294,104.44773807831595,0.20953423026279433,NORMAL
1.5749555818503878,2.051133167748863,1.563148589609343,39.065076150532505,61.4947653585871,2.059296409602738,101.88073356991774,10.396947408461306,MISALIGNMENT
1.974485902342788,3.2802723975666743,1.5097488939023698,59.05991771658117,59.58294632626719,1.194785050873672,372.5687840469651,-1.157640078163106,OVERLOAD
2.557516090720509,5.428504438029259,2.847035604657818,64.05387909219922,53.19243386446566,1.7477832802180797,104.52365924183074,1.115548947983694,SPLICE_FAULT
1.554315348713522,1.89490117428296,1.5234080366737954,44.84042269953561,66.62846896407385,1.6603917711669582,115.92024898576084,11.84249475738196,MISALIGNMENT
1.5048379527621183,1.717870982563502,1.2643113073371803,45.539826390115394,56.5500932278168,1.8611431779508796,96.99325639556318,9.98461174322058,MISALIGNMENT
0.8484808937801448,1.3592186269272308,1.3186593480764943,35.972875762515166,35.73891894419379,2.005225849049748,84.62415203550825,0.4802605014059249,NORMAL
2.1335189829452053,5.213111966376233,2.8875916081759154,75.22167260259542,56.915951926886635,1.909967152758158,102.06536847735195,-1.252861517833154,SPLICE_FAULT
2.5336804879105324,5.3422705161787745,2.878713528210212,72.6448489745108,52.475108824963506,1.9022749855408623,100.68282917229254,0.6021942359513905,SPLICE_FAULT
0.8521478009632573,1.3205108323096868,1.2980577963947195,38.479569175992204,40.49107568834597,2.071460979063662,91.88999136371154,0.025210867540082116,NORMAL
0.9377300480179406,1.483044429669949,1.4510067282741748,42.35740260341224,43.837406382040804,1.9711961126077924,108.49611988516213,0.0013256887344072295,NORMAL
1.394015842437243,2.0713474842940918,1.4012494384969967,39.94038374053869,59.08603968764201,1.7243131300598498,88.3213469270829,13.156250791589544,MISALIGNMENT
3.98819055643243,8.573009997174823,5.046027705719401,46.31983515136174,95.74198082653413,1.573361315727451,115.16287942756635,-0.5044978338231676,BEARING_FAULT
1.6451417008637477,2.8262072275780787,1.2026693828707442,66.02712286247397,57.92454331637336,1.274012376859792,374.75866886210076,-0.0010760815401922308,OVERLOAD
2.201200378070979,5.121486976772548,1.8814560918846404,66.64704589288426,63.09053391523844,2.1369743195422513,87.3712216319257,1.700939270913462,SPLICE_FAULT
2.132947881911047,5.847750533058243,2.924199789090222,67.35003317867975,60.12703285375643,1.640745962390553,111.76982807661956,2.417254560971296,SPLICE_FAULT
2.0462406468355216,2.601192554953589,1.4627935674668675,45.07331266646517,54.36204524395618,1.0817394119324564,383.45456943321426,2.7297545476822673,OVERLOAD
1.089959987543325,1.3299458303619776,1.514920286130912,40.01144185172364,45.245300183018486,2.1676393027208203,113.93454527524432,-0.8051717517428763,NORMAL
2.093515522032761,2.6061273027560214,1.387579990305302,60.718226640773196,59.49296085139068,1.0698441842200048,356.6967827243882,1.1524115780350161,OVERLOAD
1.5240854161486133,1.927349329479846,1.7104362888267153,44.33079507706449,54.34372715593521,1.8553356953185394,79.85936725762237,14.610833692839561,MISALIGNMENT
1.9868815359842376,2.797697780894649,1.6366214785205788,58.22561346900619,58.55670919660385,1.3517083400678893,364.53695405955847,0.43013805018913454,OVERLOAD
1.2890343254040548,2.3071747070363586,1.5576378873795822,39.13614569414982,53.889171966552965,2.0120967023614376,100.81277167591068,10.50409158534422,MISALIGNMENT
2.3169595474197155,6.2004344072206905,2.6983698545944232,80.42712319255517,56.272703231997696,1.7637681917182964,106.37872144949355,1.6590477020366077,SPLICE_FAULT
0.9506999065341167,1.410872883732876,1.5546559428534603,38.90142307883249,41.26775857897739,1.751219134346492,105.82571318808806,-0.9575689550152119,NORMAL
1.533061966466943,2.104611311050448,1.5133466357069982,42.026365327896215,59.97686840592833,1.8495871326348334,93.8182495789983,10.223040186457037,MISALIGNMENT
3.6892181091352003,7.635470001589072,4.774439257760167,40.21133362923908,78.67461088061924,1.9879595590393369,87.22736201310353,1.506793936577337,BEARING_FAULT
0.9181779316766527,1.3659563608976253,1.3318812720920135,37.942218860796814,38.8232772388302,1.8451039474946525,96.535734939931,0.4964001177339411,NORMAL
1.081286211883896,1.494781075981003,1.431925002064917,33.33872370195181,43.86620997091815,1.8846649489404041,104.29340822801734,-2.169677417725702,NORMAL
2.300894513633365,3.1259440368671143,1.4322988823209657,63.553620665205315,63.54557194816642,0.8920265868963136,347.5504671120782,1.030041009706045,OVERLOAD
1.0173180925851182,1.2202732151510087,1.3207742758950314,39.05434462262475,44.545292646615856,1.846495975246764,100.07880184694729,0.8396638644311888,NORMAL
0.8803793375919329,1.2847890274639484,1.2763461125536508,32.754404080285454,38.28701273301811,1.947066788755163,103.12378210466572,-0.29175863225853715,NORMAL
1.1831458765854355,1.2681618902402643,1.4223147872868958,33.910477986221565,39.219905073458065,1.992433439567417,107.5109945450731,-2.1715714047604475,NORMAL
1.4357832430660609,1.9026086748753903,1.7297717160185342,41.32958248428918,60.040679563891786,1.9141979913874005,102.11879178828885,9.371194358013618,MISALIGNMENT
2.060972735405113,2.1347172759543955,1.4609605532882857,62.35293985523744,58.19456418306565,1.2185926578259967,420.4863894150123,0.0876412779031911,OVERLOAD
1.8464904596126472,3.0710562051410504,1.53424508791769,46.796063827128386,59.77477760772423,0.9538748857741668,411.151581114789,4.58951844215018,OVERLOAD
2.289758686654027,5.953931740421489,3.6185880295348856,71.93847334514055,53.600804620785304,1.87947233804695,101.88447321023443,2.4073208454523565,SPLICE_FAULT
0.8275082167486967,1.6434902375540192,1.3264040257366378,37.194408056282505,45.052984400530505,1.9416400673653995,106.92855755817811,0.045491476330752,NORMAL
2.262288219404773,5.595035173451481,2.8053737081145917,80.42238150699663,52.35197975598854,1.7251543818987307,88.38363451820187,1.575185152363589,SPLICE_FAULT
1.8303763173781946,3.156641872357947,1.5906834146372926,64.99712769158897,63.785280009097086,1.1017604554582905,353.2791174421317,-1.0990145716788127,OVERLOAD
1.6360601324832658,1.8544560770328493,1.5629616945175402,40.56937061806849,60.04842671873275,1.8911626712473604,96.97730607917474,11.418697714669378,MISALIGNMENT
3.27457872750052,7.842965105803387,4.348369611166647,40.02951942022034,70.91490845329997,1.9029432812597722,105.1764180873502,-2.0729869097049876,BEARING_FAULT
1.1053802052034902,1.294526965355395,1.4075162648532054,37.07611541108288,38.43100002272892,2.1278865813313392,101.5946250680413,0.3485951198609804,NORMAL
2.435310140731164,6.537872432473746,2.27896456067635,83.70161605654027,57.36503977483702,1.8438944418027223,123.58019010857195,1.2930804594274314,SPLICE_FAULT
0.931997527842151,1.2328952096427201,1.3933170182563832,35.28280309741214,47.612895526115345,1.7093011780678358,112.52842634427483,-0.24907184465304072,NORMAL
2.4749136482089993,5.953302943879353,2.668498731831199,79.48222492880939,51.9924424261507,1.8703707715444247,88.2823858471213,3.430446536163504,SPLICE_FAULT
1.8622209399898428,2.836747277612336,1.5133499419061371,58.30361494356863,60.85242340348457,1.0596438362167877,409.75561101523573,1.0596991811740242,OVERLOAD
1.2487326901178974,1.8311872086591545,1.5042212702211089,35.347226761923686,56.03281051862725,1.834523022437605,104.10383276786892,12.262448713943567,MISALIGNMENT
2.1243630523683774,5.350196219315043,2.9090700883036553,70.8671951588995,55.44855284559658,1.8672107825041502,90.05372396803811,-1.375482816248728,SPLICE_FAULT
1.3234758779524673,1.8523532649888763,1.4523187196850134,36.6669571128894,55.454530973442154,2.0236832466127264,88.46293676369636,10.213297750354254,MISALIGNMENT
1.6026671134980073,1.6520875427839519,1.6162357111198193,47.233751610225745,59.776690977950686,1.8310888202278208,93.65725283182687,10.833656456130761,MISALIGNMENT
1.4989176861670417,1.7471626426724307,1.573953250208334,38.32146192656195,51.54528890253388,1.9155155342865355,89.42163381389766,5.958305986854531,MISALIGNMENT
1.3744421351917706,1.333393941971452,1.7099061761198153,47.613223446924344,58.455840733332195,1.755808964388819,111.43361530205829,10.972993510814046,MISALIGNMENT
1.1632411303931636,1.3843038468869886,1.4835923603481125,30.683548525170714,44.544522638000004,1.912167692282026,103.19524670782955,0.8500793324175533,NORMAL
0.9614917719583683,1.4851878035457309,1.4166823169287142,43.32593267782853,39.50453337530867,1.9290558997572453,105.50797572273663,0.2106684652031108,NORMAL
1.5204732113921031,1.9342938635180782,1.70937992647488,42.89362857307154,63.96793267738131,1.9895796218235928,101.01630053533425,10.097109219350132,MISALIGNMENT
2.046776775031273,2.689893215583507,1.6298693290993425,72.72168371669852,63.52394721219493,1.0829967808839052,365.79429855337406,-0.39157143842655273,OVERLOAD
2.228955945399401,2.825491888790748,1.532982306086851,75.57483898921767,53.47998411081681,1.0353842586979425,402.7832652146775,0.5933354610298083,OVERLOAD
2.1314843200636626,2.6538498450912567,1.5763902908575644,53.983968299859015,56.58532446842407,0.9643557220022616,290.9489470929244,0.7221011276044628,OVERLOAD
1.0543360192379936,1.4924436366672458,1.3292362657932868,40.33680951053634,44.23501593863185,1.7506729179669922,98.62689034211121,0.5179947763914519,NORMAL
1.97158578937524,3.0054144562149676,1.3228577448556156,62.67506802038186,60.53252700709593,1.2853225654254605,354.4408626485008,1.1012050378858345,OVERLOAD
2.386376828261059,5.836248779325223,2.478977656282741,64.0551808457052,49.53649068376457,1.6813104468931535,91.44862453067637,1.4857987643788269,SPLICE_FAULT
1.7006002044923463,5.5181402816304015,2.7182143478962764,86.21667532144404,55.23789708576394,1.7407968264147362,89.85956127426606,3.5555895034428193,SPLICE_FAULT
3.5614596517186476,8.117306070116939,4.79873646694838,40.0146820890063,90.41624375840645,1.9080685342614105,103.40641425243535,0.7939902825267297,BEARING_FAULT
0.965728548347323,1.265478757134869,1.3360032194643674,41.519373912759924,41.006074850450034,2.164948089432392,90.8367908092658,-0.9741218462163683,NORMAL
1.3985232787024424,1.6448634680008536,1.6385884676979394,38.76140144350188,55.90518277239383,1.8450841058236223,107.41319816907914,11.311023207527121,MISALIGNMENT
3.4658324668667735,8.484919759806775,3.973738472501311,39.59570216619401,85.9363282846501,1.9361790956556737,117.85486949708985,2.506308291752897,BEARING_FAULT
2.3278075035378936,6.1463155025606735,2.542331020466064,67.05569205312595,61.747365526308116,1.8143736820769243,109.68991536344917,4.656663612768705,SPLICE_FAULT
3.5357442954384957,8.866713714866682,3.840799308763267,45.979099364446796,87.05088786990773,1.9622371092547173,85.01394433444493,2.6600125419670633,BEARING_FAULT
2.471884336052806,6.312225903985906,2.6528756356982157,82.67273719993297,57.38817195504942,1.7330197308165685,123.26441827526385,4.390812997845879,SPLICE_FAULT
3.9497656599883557,6.644768575019675,4.227172302818707,44.44572950641036,72.98088814648386,1.7836873465749574,91.79403710253399,1.2510473883076128,BEARING_FAULT
2.839159067322826,7.232214132133652,5.071027296176124,40.42298073494152,101.27799326522072,1.8805237025933514,113.46045008889408,1.446542158602497,BEARING_FAULT
1.3013941169007912,2.124986509060648,1.2244864923427474,41.39939623709889,58.220312837033,1.8292560455187812,99.03999338266142,8.983133958937708,MISALIGNMENT
3.5545245182254672,8.547283992747793,4.900802579863186,45.13206350773944,74.66157300057239,1.847738286987514,104.65828118465673,3.7683523659983975,BEARING_FAULT
4.255143595183456,8.606187291367924,4.722437458338561,47.388224398954165,86.4570789680894,1.7677958178919744,105.12390076194008,3.4369960935974397,BEARING_FAULT
1.0259882794248423,1.4121190824562948,1.425964330835306,39.864715669568156,49.280149459036565,2.0432262950634157,90.0485151814662,-0.6538983883255765,NORMAL
1.907579445426274,5.948010913656808,2.331996726205583,81.27865798547842,49.50652092465734,2.0930341050345733,93.3087075750207,3.1944007412628537,SPLICE_FAULT
1.6806408490386644,2.567559346559341,1.459298410819323,57.690943599156085,69.79841990977941,0.8363318864086893,355.1479033475525,1.2748628656880778,OVERLOAD
1.9409294920870324,5.9885937108446665,3.0145928747302144,74.28174523729595,49.032042179829915,1.9991235775128042,96.12548725144293,3.512622581378816,SPLICE_FAULT
2.0486186213545077,5.184428356123424,2.9784759344748784,68.874614900839,58.110324524951,1.7030031191564232,99.58041788452184,5.820871264266827,SPLICE_FAULT
1.0595157025436914,1.2268181640706728,1.3965678162774893,40.353812863694074,40.482759887214186,1.9095931710264,102.24234744535292,1.0743330047702437,NORMAL
2.070337086872394,3.068479018469668,1.3663022041859445,67.62503722083822,53.365612203164886,1.091734782540152,377.51339048375405,3.31218579224838,OVERLOAD
2.3591270391925714,4.932361292724659,2.4822028902376574,79.21712751929711,53.37170159703199,1.9130767907272515,92.63501686617238,2.06690824040297,SPLICE_FAULT
2.0671939472871603,2.9515784029522605,1.5595131185913769,65.7363734462329,67.41416433192954,0.8566519080059353,381.0161164830573,2.01065325150439,OVERLOAD
1.6267025469477672,3.0802424326701083,1.6329534243970525,65.10699352717855,59.5622322677328,1.0877548459983135,437.02495445197235,1.7159440132141348,OVERLOAD
1.1551151975522522,1.2718298395662664,1.373900232669255,36.68984079187821,43.44620018200616,2.084073448212955,95.19166210488021,1.146027575013415,NORMAL
2.200021560117659,6.211544953257917,2.6411407404028244,64.79609225345186,57.69547052127551,1.9725981002069213,98.5241237705518,1.5800944327177606,SPLICE_FAULT
2.781520897866179,8.20856492957702,4.894866062316003,45.95423228255819,96.88921060114676,1.6381257274643262,104.94412866031817,0.7791848615898365,BEARING_FAULT
1.027669079933002,1.4246171954660636,1.4676936261994888,37.94387373066231,49.86237927308993,1.8997782981073275,82.28931446911909,0.9944473755089074,NORMAL
1.9682001540043892,2.5874535695412724,1.5913607217568035,65.44332161674733,63.266841918979424,0.72940050756809,402.266298872795,0.695547485278172,OVERLOAD
3.338674093071317,8.286993110486643,4.530894135114824,45.80037623651357,98.23610624692027,1.9295408260329432,84.88018634294298,0.45824525792278514,BEARING_FAULT
0.9280155791605291,1.3172731716302797,1.2520847786590195,34.91697457722213,42.790461645993176,1.7950058721422522,88.85953549838007,-1.5431182279428703,NORMAL
1.3288732737344051,2.0490301728569635,1.5100354857135487,42.42991891500001,52.717514646873695,1.9475258604717312,107.57176821102023,10.1918093763352,MISALIGNMENT
1.804581981913278,2.767242071649834,1.4410421004063871,66.29019165766074,55.83568362422732,1.0475206005385345,414.7626450352961,0.8095182801925294,OVERLOAD
1.9756722123246022,2.440740306620451,1.5284566790474525,67.08604125347,54.12928813759443,1.08458488077686,385.0820922473621,1.4116902664207625,OVERLOAD
1.349713387719796,1.9014725362847134,1.5310594988191688,47.800079243143074,52.095137581678074,1.749695314064252,107.9643036664211,12.222141810221142,MISALIGNMENT
3.401059629140435,7.386122011249468,4.717063490770486,48.738870983313966,78.83904714214597,1.860064799078442,113.16624743262228,0.6162846817734153,BEARING_FAULT
0.9102745628514168,1.575738848332871,1.208524850754972,38.05884997308197,47.05504283612553,1.8454270213309267,115.28031359387833,0.9452115346114836,NORMAL
0.9672337853402232,1.4239122728333118,1.4170792619561314,37.67117058822251,46.33089601040644,2.0419609972024118,110.57368305378225,-0.2084682105404079,NORMAL
1.9458170527108847,2.619848009375811,1.613785777596937,59.14680238631221,56.76581847916188,1.0271614831932487,368.0172565704195,0.7290199269314185,OVERLOAD
2.568539947127063,5.7928925587232944,2.9542318948842166,74.50428558398814,52.57711728247469,1.8210683061214532,93.8139409559211,3.1828651986421357,SPLICE_FAULT
0.9407606075761131,1.4235328686075084,1.4038058960962185,39.820169177408545,40.75141678534424,2.032297450361767,97.05757494363543,1.4069347458917507,NORMAL
2.2679751787081925,6.10607842860895,2.967234146194284,67.46087342639655,61.08583567448322,1.7772101577057124,84.68342476027345,1.2539925494778523,SPLICE_FAULT
4.238159872500152,7.118332348179147,4.9305489945033365,38.10911007373858,77.25533128676938,1.7830544286076397,109.86885950300572,1.9118042813749225,BEARING_FAULT
1.053891004368466,1.3403140103869702,1.5051143199246628,39.56754231579727,53.77871311930898,2.193515404006023,89.68044757905565,-0.19819567637971988,NORMAL
3.4848428672821243,9.212756117035386,4.297965274873763,44.648766593460586,85.10321036454644,1.8294408507661295,96.43899172562769,0.41975564448027103,BEARING_FAULT
1.0496714153011233,1.4408386339974424,1.3600179602118327,43.703572057259024,39.83478733998824,1.8092192442122608,91.76064513028001,0.24365722370271442,NORMAL
1.130547880715433,1.3385645361135659,1.3433855451325842,40.222473036260375,43.10294787897426,1.9638537233306015,85.00984039541599,-0.17791787580439816,NORMAL
1.7431870281237178,3.3906271928301877,1.568871274455477,58.02373736403343,61.47008199653315,1.053405614024468,420.2399020864904,3.188741491283037,OVERLOAD
4.0444149443731225,7.193214858170947,4.550337751549467,50.567966304725324,83.81103693254836,1.699595064132187,99.66454662615946,-0.025868053930262258,BEARING_FAULT
2.873469524244618,6.440590215872502,2.8490630108505575,61.150005750527946,64.73628369332141,1.8211691792198694,94.51627703579517,3.1293014430071144,SPLICE_FAULT
2.0647218789281765,3.166813537849579,1.496457985930849,63.14093059181556,60.84846578985642,1.0829627197653817,449.99106686334403,-3.3677059170758987,OVERLOAD
1.1916051904683513,1.609814421777755,1.6038182545035728,34.84528347314826,62.32034991069474,2.109940752050251,101.81253948345051,10.07428742857124,MISALIGNMENT
2.4424782669138985,3.1712393775200614,1.4235150771691898,66.57585192723015,54.6492076824657,0.954798055311608,389.0052514785356,-0.09049223857558508,OVERLOAD
1.4506247486844925,2.8875198176134926,1.4432192157815895,64.04510317077363,65.87407028792846,1.2878238555449166,385.0090287000249,1.166601209793449,OVERLOAD
3.8991817288570196,6.642947011907022,4.533294413451461,39.04696714870787,78.57566079148604,1.6179431701540126,114.03167591994776,3.552935134047766,BEARING_FAULT
3.2358474517857845,6.255059809867458,3.901830050394894,46.605867433926186,95.17534642737893,1.7951971793269395,101.71929629635324,3.7879549381118873,BEARING_FAULT
1.6217107847534664,1.8002732208423096,1.5568090019956184,37.11806481615805,56.23367932280921,2.033422919417269,83.95294990202189,10.385903318149797,MISALIGNMENT
1.3646433132714997,2.0380147352673226,1.4765888432594498,43.24084877271504,61.821066016694274,1.8539693237425636,100.18252460856112,10.872244334337307,MISALIGNMENT
1.3978594470575916,1.8538827202952772,1.624283953590624,38.60679829349224,55.98310127015659,1.805350920401157,109.067872729324,13.149059580459863,MISALIGNMENT
3.646158483294477,8.216737074165954,5.362999001047169,47.14595090848532,74.19362061911453,1.621859832393398,90.71133849550338,3.305938447515351,BEARING_FAULT
1.9244757397438486,2.843021788321391,1.403166413674644,61.45311902044634,50.33813956252096,1.0769286833178449,379.2550905762006,1.3922778950887453,OVERLOAD
3.322208188048918,8.655978913877428,4.113292536692492,40.469570837914986,79.79924995753076,1.717671921055162,103.1151314024117,0.9161832822048543,BEARING_FAULT
2.322867222266341,2.813113119097595,1.496186543117536,64.39582476309694,63.918302371133535,1.217896114829819,424.49776654569774,1.3924378953711563,OVERLOAD
1.4146740762061882,1.8894989862922695,1.5633355250355816,38.77601688170141,47.752627571651594,1.9281211682584065,97.66791501793605,12.213524300412814,MISALIGNMENT
1.1628615545571293,1.2029081204397192,1.273590193652052,38.0428192035093,47.71240976871902,2.0573744421004414,105.16946515748371,0.5232231857370332,NORMAL
0.9116142563798867,1.3452533815372014,1.2422298968376244,37.92043622225282,40.17989911570411,2.071271202886133,98.3566479411461,-0.9006713825124801,NORMAL
2.070782705579881,2.704050320761576,1.4138556570535714,57.78397095336805,57.913673173388034,1.1278094984701643,369.2028338845025,-0.184028548853866,OVERLOAD
1.5786628782160215,1.7866589783889895,1.4050688728947978,42.7086709387927,62.46594173603626,1.678417757497933,104.7139126276499,12.073614938449808,MISALIGNMENT
3.2006467277235866,8.079059236013146,4.0507547566135775,45.14511717055334,79.47730350041324,1.7262884374965657,99.09943326471942,-0.2955825072396159,BEARING_FAULT
2.535869835094328,5.805696916993317,2.849408187285797,68.90046343450507,59.92925889500753,1.7762701423686547,96.60770463210433,1.1216893321063792,SPLICE_FAULT
1.7687685460701816,2.7555331333470634,1.4288680089453432,63.54362846413383,62.48124283122714,1.1753352080527961,374.16246010880997,1.999813797973946,OVERLOAD
3.8283868557251983,7.110519434668777,3.9594453260879434,49.49187748634294,97.36886848345128,1.7035269004198332,100.88543490233518,1.27287589802036,BEARING_FAULT
2.251576254672234,4.924407540868618,3.2924847512063895,66.97263056348663,51.70022993426701,1.837107229419565,106.59033904906704,2.751242463406083,SPLICE_FAULT
3.680915997028367,7.37937120854992,4.01255784768048,39.25852469181244,91.77081140964816,1.9032162036606404,105.96690702886819,1.6351252163101606,BEARING_FAULT
0.9937320902726828,1.2749324758188565,1.3963706538570861,37.617352638867395,40.35519361522477,1.9522354417395995,92.61942916338609,-0.24861585376667736,NORMAL
4.218701386170597,6.842083126352847,4.276377447606347,39.21755919689375,80.63419167491045,1.9363333554553932,106.05159981851212,2.6194747838386894,BEARING_FAULT
4.017595685316667,8.265877097177603,4.1697763159962085,37.13162174837538,87.04447759189442,1.8639808935039814,96.62893673253089,-0.23254476061202745,BEARING_FAULT
3.899233669041462,8.632513267110138,4.234994620610017,53.403948759252444,84.86668693361645,1.9076897078733999,112.91153650364225,0.31158606874279315,BEARING_FAULT
1.1441273289066116,1.3287663327007142,1.4457305189316523,40.89619245377351,39.909684544711276,1.9784332362452368,86.09778074846537,0.3231854824582059,NORMAL
4.002374816006279,7.676430169660717,4.5990393085158,53.03563767638451,67.82294320027174,1.8187145794316077,112.20610548678933,2.596556288078303,BEARING_FAULT
2.556751834931501,5.836217170400041,2.745069318152987,74.35449716229431,58.19292333029275,1.8272668666968586,101.87804433406106,1.0366850978908515,SPLICE_FAULT
1.3812669671974898,1.9058381007871135,1.6587852988531957,46.68076658859279,55.19034943071037,1.9757032065053977,111.57244547731025,10.200458977113884,MISALIGNMENT
3.5667174658123972,9.450325776526999,4.303578054616397,41.90930643735817,76.75902315762579,1.8553372693243793,106.72419852091399,2.6762552605867143,BEARING_FAULT
0.9980983792097311,1.340141858592892,1.331881688647878,34.21950570448226,41.77815730317482,1.9406188591931295,94.1935169744605,-0.07938842440570287,NORMAL
3.8093599264270446,6.642323085368435,4.322574634324092,44.336636377351994,75.57497683719956,1.5035675903414534,96.96061623272837,-0.020690611454584618,BEARING_FAULT
0.9776537214674149,1.4171748537517248,1.4093676297607447,40.85937513612826,45.28940770143265,1.9219800870882537,104.64369863546574,-0.6074722876203072,NORMAL
2.4244360096755626,5.9124239453425025,2.7359615358017244,68.22514702140845,50.897073520730274,1.8767636309102163,106.49525088160212,-0.1457802314298351,SPLICE_FAULT
2.2057471480008304,2.854534369776148,1.5506587671697276,68.87358847375728,67.56033974570727,1.0013062808501734,454.5594177360106,2.0734136019596363,OVERLOAD
2.000056021910956,5.437212025445078,2.8309081546495247,64.6649358580772,49.75392615496418,1.8142828956804204,99.2866083477399,1.358308211329806,SPLICE_FAULT
2.1407276650712714,2.8096794432313756,1.475292056319228,68.25954178984564,59.974795648882356,0.8222619748564122,335.803801103742,-0.7393033256757331,OVERLOAD
3.6977990127121285,8.030467604575595,4.170683959522485,48.42928876762471,92.18902293384389,1.7132023418819318,98.66670078469764,-1.2871875206003875,BEARING_FAULT
0.9525054688839044,1.3847002372689383,1.3077106654600195,38.00062119475459,40.88847570422991,2.0441307151699246,110.90861670603698,-0.8782632528234666,NORMAL
0.9588123033877533,1.4711780507211163,1.4598926836130368,38.78375159370157,47.24208959374668,1.996771938895053,97.82868925053798,0.29497145570882155,NORMAL
1.8857520415436921,2.125451039650103,1.6554282441611026,62.586139863483666,62.61863882706927,0.964067281071096,367.3704239596047,1.8350769649501282,OVERLOAD
2.03713697589816,2.5165273831944797,1.5289338905642984,71.41668432874513,67.7917498007099,1.127518133970835,381.2907345504538,1.2680726865039293,OVERLOAD
1.1003532897892023,1.5304791586299227,1.2776873886828168,41.38011541048275,42.11381350634281,2.001840163078344,105.90422061251464,-1.9955317804517385,NORMAL
2.321606250798741,4.92477776251385,2.06481998931817,65.16147725236605,54.40806081327886,1.988522754338291,113.7093278612036,-0.6603790311070075,SPLICE_FAULT
3.739857456290014,8.342215155480488,4.091693485089507,55.389748829500896,91.59269264435412,1.8507891649673793,113.7411408181786,0.37010368239428715,BEARING_FAULT
0.9933920201352684,1.5436453522870377,1.3484464315289815,33.44637875995757,39.33227751531503,1.9896568775709715,110.7036516022993,-1.0461210850625042,NORMAL
1.986339692544812,5.34086568072968,2.8760972248527032,70.87111349581414,49.31329899694923,1.721854852768201,89.35105791546634,4.015062804977081,SPLICE_FAULT
2.0745972614099744,5.188697774306987,2.194042616614536,63.30492654445873,54.469003141129086,2.004415862327108,92.86400174396937,0.6004345115908074,SPLICE_FAULT
1.7206682477671913,3.033320514174356,1.4034173229104037,55.03277356889647,66.47574272097671,1.3220274615322798,403.01188068469105,2.507232537636869,OVERLOAD
1.2455282227187232,1.8947478413460295,1.654582926330552,41.413582069242075,61.318231735164204,2.063708240799274,107.09599479383567,10.795987439745476,MISALIGNMENT
2.23787676181418,6.321436779905479,2.557368332149068,69.01266019813002,55.0041066838973,1.9444850165868792,92.57129164610308,2.7193842086340934,SPLICE_FAULT
2.1589316316101375,2.9207548629205964,1.5226304207745134,52.84053334040338,63.93771662163432,1.3503212121951058,381.1423405818938,1.0831800027365488,OVERLOAD
3.6892786332900904,8.349614097658735,4.368591578736942,40.63843120477024,97.72668267141577,2.0007374446143116,109.60422267984389,1.3416105610669826,BEARING_FAULT
1.9955344612780666,2.932425927967885,1.2611468537522315,59.31810340629591,74.84754753872832,0.8321388077080607,386.31906335645175,1.2072891216869805,OVERLOAD
1.0047398671316414,1.465690460194603,1.220695151325073,39.725615048319696,46.41801202725294,2.1594442391749196,96.11756946478461,0.9578396311082676,NORMAL
1.7076711837283827,2.745479938715228,1.47268477534801,68.46357420320551,58.85607828040309,1.1524741869020132,308.6729051021869,-0.025790305019654847,OVERLOAD
1.021397991073422,1.1412343465466281,1.3013742410324456,34.78683896105285,44.04407853132884,2.1023530644185344,103.18521004798875,-0.4713157211511179,NORMAL
2.0629017884330625,5.304078037974203,2.6995788484218135,74.96326367060587,58.289563157963805,1.6565158258291421,101.03944913829925,2.468627977223108,SPLICE_FAULT
3.0458270763877726,8.01262781868852,3.916541099314278,45.443522011571346,78.46510799828033,1.5880963271261053,100.61921351896463,4.406076361769077,BEARING_FAULT
2.2683127355427875,5.976806993827075,2.5079198005497503,65.22457175983165,50.716936782249945,1.951136322951264,106.63315720385017,1.7591142747176471,SPLICE_FAULT
1.058685709380027,1.370503852575353,1.3551579531848097,44.222248009249924,44.765404505931755,1.9860602799336766,93.77965194445619,-0.7625192391465982,NORMAL
0.9735343166762044,1.3410679885079946,1.301550756821051,35.68136699652917,42.84190921347041,2.0975312458477977,79.24411990921467,0.2952799406208684,NORMAL
1.0214093744130204,1.382589460463445,1.51107097980213,41.56674011442393,41.87152985606527,2.2281651836538843,102.57198970355927,0.3243402100148682,NORMAL
3.8171621487348806,7.792257629193977,4.892444343747092,41.6833643100584,95.23691295342198,1.8321021584551256,103.99953688896333,2.5537545285950367,BEARING_FAULT
1.8367156525175148,2.4249351922315596,1.524489730171273,75.84115330487907,56.38463447543928,0.9349786375593447,379.19761096481227,3.2278248762206756,OVERLOAD
1.7152346230959123,3.061517327255241,1.5925904176727719,77.18695227843939,60.617287780845714,1.1230292685875527,359.34050274089697,0.10484128544857718,OVERLOAD
1.3691558219535127,2.2339845562809275,1.5444885405511808,40.82072939789562,60.059764995309045,1.9288028368305488,86.37956629145242,10.645663769770476,MISALIGNMENT
1.4461748558770826,1.9368618128156205,1.5662228409184864,46.81606788708542,67.26020022406836,2.005610125166999,107.06505463547253,14.085094422748234,MISALIGNMENT
3.210961287439409,7.100275449333605,4.492067040773243,49.06657282926353,82.2091840224704,2.0147833595661773,98.65197316532614,0.7576321900502261,BEARING_FAULT
1.3078880808455238,1.5300911748761175,1.429864871851837,39.998937502727635,42.87657818497912,2.1153590343316924,96.11653061698841,0.8614365256328049,NORMAL
1.462375525442909,1.9068750618052919,1.7301011636336454,38.61820862233756,60.45996743418248,2.118573061672257,103.35847264720068,9.775154218198264,MISALIGNMENT
2.1553085005706922,5.6699941555214,2.6549646493618377,64.42291269353694,54.42000636919707,1.9381876331046,105.43355348386302,0.0940634813351906,SPLICE_FAULT
1.0097676098548831,1.345181045922679,1.2249963314490766,37.297940422679055,40.450711068337284,2.040048138650633,120.15275110460641,1.4521176991825604,NORMAL
2.0656554988384705,5.3630694793392815,2.407702756265932,65.9788885451702,56.5652502440936,2.036580828851151,103.13494346225743,1.1699723964068596,SPLICE_FAULT
1.5606620750604208,1.551410493902667,1.6097345971301333,43.31138033919316,65.51367163152794,1.9789075201399908,80.29691418648599,9.473069393381778,MISALIGNMENT
1.1266911149186623,1.2501173312274927,1.4102673296883628,36.57133737936602,38.72419829881406,1.9118931663338707,86.04210797807515,-1.1571166187132709,NORMAL
2.0455426569280255,2.1815783727931284,1.3426370977883015,63.60878896024526,62.7329486284432,0.9926730850815878,406.9473371856869,0.9434230753516133,OVERLOAD
3.988960864660201,8.090528009114227,3.3417775715362548,51.076078290123924,74.93442167978459,1.8435999739669575,105.48683884901544,3.7992196984851296,BEARING_FAULT
1.1135565640180598,1.297232273007099,1.394498400752053,35.71182566430136,38.58694298872555,1.882195913262362,104.20191542894992,-0.0610756713523761,NORMAL
2.199296979055144,6.097311146297776,3.1231036726767654,75.90556447067061,59.292757350516894,1.9813963483635297,92.07730286872005,4.401259321959445,SPLICE_FAULT
3.3066064366384738,7.673062123435167,4.220387101022395,47.566500929764835,85.4235157458784,1.644225099357866,110.10732066135894,3.190921685148104,BEARING_FAULT
2.049554331930205,2.8735875227910803,1.4251909017151339,57.89028835264355,61.17658584242319,1.0119882858904983,355.20525872869297,1.626188547044749,OVERLOAD
3.4411378779132558,7.288860152752184,4.509398095992746,41.199832478936735,98.35506767638118,1.7736812347437356,102.11022741733842,0.39073414305892107,BEARING_FAULT
2.8979712502984785,7.824378734042288,5.089769133803869,45.532665957450824,100.51753154182707,1.9060588287601805,115.41912604177477,2.25499316076835,BEARING_FAULT
0.8991913689082596,1.4176690944062833,1.3359291350054132,32.87792612722116,40.28894590075896,2.1074318012715563,97.53616597485453,-0.25276325509618536,NORMAL
3.529851203926739,7.922248364941251,4.257990188401861,40.83597912686485,98.08884088477055,1.7829604608547878,118.22742831879786,2.3329412850204236,BEARING_FAULT
3.8864371421425283,7.385994370660952,3.856310703432327,43.36441530004202,79.89936113697972,1.7070193394063173,107.74215035130167,4.745212280550213,BEARING_FAULT
1.8258847275533279,3.1524285400699115,1.4874180648451667,66.52210132578858,56.09797697035686,1.2906268431613324,361.31808256988757,1.0407657515086959,OVERLOAD
2.056757215097236,2.753077216362159,1.467167905730944,55.940040976524756,61.09602093816794,1.0500440336391623,385.0044817855483,1.166902778751234,OVERLOAD
2.7796917192309456,8.363148710723019,5.09403093812553,44.145291317647136,89.00929656054761,1.5122115864661045,94.46793603957337,-0.8046895553191828,BEARING_FAULT
1.5212054284103107,1.9226788783933377,1.5141415893164956,41.15362266919826,59.906764172901426,2.065291305123042,89.3147924591756,6.025086482587741,MISALIGNMENT
0.9780328112162489,1.4366006476851882,1.3606832723825826,40.89455489929237,40.18241753772332,2.1200531658473873,88.80453871616831,2.0931979322099448,NORMAL
0.9986502775262066,1.3310390521705213,1.3429374361318998,40.85940990173974,41.929343547377286,2.045350871255447,97.64030012789028,-0.6108576398050658,NORMAL
1.033231401197959,1.55831565637983,1.33556160691275,36.58987355672149,47.4976711304376,1.9449884717063461,99.20932658135443,0.05586393984449697,NORMAL
3.2297725885635136,7.402226153210605,4.1290896791491205,45.3142928838445,88.97390205420575,1.7545838182311693,112.49555037445128,-1.230989239798956,BEARING_FAULT
3.138835997180829,8.156512422649852,4.213762488094204,45.63934140763239,90.22406350647923,1.8749121911908604,91.33753370602889,-0.19961275963823533,BEARING_FAULT
2.0594329319764966,2.9797252555884466,1.3638324969536368,47.54803553311697,59.60301809307253,1.068071017586545,355.22692713595524,1.4854487087694666,OVERLOAD
1.9974485999022669,2.9969219696469915,1.596322653389394,58.76759339502398,62.91855709911975,0.9719650572946091,354.1847802048407,1.780006571201215,OVERLOAD
1.3779192081971603,1.9782255753865452,1.7843500858987413,41.20322210021276,54.02005544995623,2.0889278795503996,106.29739514408737,11.667930299352381,MISALIGNMENT
2.044017448773338,4.5563497565851065,2.655239749986156,58.05554454625039,54.78441727443124,1.8038935945584835,89.36924349474079,3.048674571152092,SPLICE_FAULT
2.0963031630648388,2.478799488575021,1.486637227027323,67.86553291731803,49.194189482141454,1.1255664498082045,397.0199143095989,-0.8650433910198356,OVERLOAD
0.8964757677580626,1.4907274823111238,1.4554078028486368,36.73771461895684,41.308426124459245,1.9623699275075004,104.48635764514528,-0.941022700666379,NORMAL
0.8769135683566045,1.4717244078021758,1.3636332977900392,38.29394946041268,42.16480233299955,1.9732358909101206,86.51952888059833,-0.3173504922425348,NORMAL
3.753278071468766,7.476526503155918,4.816533273748614,46.15924478226648,93.24834191026129,1.5923432783679465,104.9243534032535,4.787655498076216,BEARING_FAULT
1.2390007951665656,1.565106107909351,1.6111627077469588,43.19840811780656,62.22227936035833,1.8520281103233862,86.33801662331082,11.046208692001462,MISALIGNMENT
0.9470239796232961,1.435315196184419,1.2617306715060903,36.57848195878725,42.07616526162723,1.8048898135961375,112.75390737999015,1.5091310134045506,NORMAL
1.8632020527793773,2.7738954330045584,1.477532009837013,74.05714395619313,63.245466921937506,1.1422375107628753,381.8729510998233,2.9407265362220887,OVERLOAD
3.194950833425792,6.669048017442893,4.236201328710474,42.28518347155355,91.57251299699692,2.048195212260313,87.58508343385904,0.5336955025200918,BEARING_FAULT
1.8738797461195247,5.054352657341753,3.3429014784893063,80.65422725794484,49.094974957845274,1.7100895996451648,94.52066378122063,1.0810792192495797,SPLICE_FAULT
0.8480630034045986,1.5204605097587827,1.3952407716505235,33.96238722958036,40.026496338443586,2.036761984020971,96.34494063014733,1.2676515111879738,NORMAL
1.1606159047138829,1.9012546312368837,1.650458538359766,36.895002425137754,58.78411508049096,1.8444713897398963,76.35144627208487,8.688584850166169,MISALIGNMENT
1.5458085448609582,2.044199390581127,1.6440975699624198,44.39392576374571,62.726558856179324,1.8294889479834038,104.35211528289602,13.868354073040653,MISALIGNMENT
0.8129208078974144,1.4213705209998344,1.359856384542759,34.65042668015402,36.53819009835445,2.0224339656778083,109.86376505905938,1.029413100955326,NORMAL
1.7861293260186046,2.6445597829999428,1.5507611822943248,62.60446012432423,61.35042205673882,1.1656928394469634,425.33849372332224,-0.9325271288060621,OVERLOAD
2.176901900758499,6.076036524820913,2.923462578840605,67.71788974507018,63.12095663861032,1.9439649088743733,113.81896452771936,0.7177751449110952,SPLICE_FAULT
1.4029187383278323,1.8911277088976877,1.3885748395029678,41.121943623074166,61.79750018758061,1.8711843969488882,116.47877605783674,8.808258378402565,MISALIGNMENT
2.4602738432518816,6.4230369906629665,2.455938454648086,81.53931693607379,54.066933891356975,1.7885474121981724,106.87008967808156,-0.3057324030942392,SPLICE_FAULT
1.7063266865802096,1.8347975008366302,1.4064001289258725,37.55656282613485,53.44191348923049,1.825976774745129,107.26511622336061,11.538105386031415,MISALIGNMENT
3.2199529632738346,8.023079115834548,4.484033054974595,46.91125661168262,85.65315767214602,1.6486195271343915,99.85583238343473,0.23713043874891704,BEARING_FAULT
3.0774918369007573,8.83333338646668,4.020542954997006,43.56122933719671,77.92495827710236,1.7698338307065862,112.978518254783,0.41474233640698865,BEARING_FAULT
1.1307142754282429,1.196450763991716,1.3502436816122731,36.825054297734624,38.224485267973996,1.7872772579648504,105.21279905013814,0.19189773587303607,NORMAL
0.9910879960487211,1.3453789836599153,1.3861897436999788,33.307275164866844,38.49666134619619,2.1588626928043597,102.99647687837349,1.3890243629627617,NORMAL
1.4647447444456394,1.9893963434019704,1.5690507261125053,46.12383380272966,62.07877243326035,1.8815710998167288,108.17467126698372,11.810070771711425,MISALIGNMENT
0.9353427115757473,1.4736340144838211,1.3128306162161287,40.350171527847785,40.421256430447734,2.1530195198863353,108.59584872343557,-0.7961368031864954,NORMAL
1.420388685082752,1.8316356359507728,1.5723005154683305,41.86718004046605,59.477558457951694,2.013815033096762,101.02541439817523,11.212987960580184,MISALIGNMENT
2.15156586004904,5.929519802298445,3.507417759853264,67.91554484571165,50.96002415442564,1.7684076866289902,102.14079798464584,1.6059262794463447,SPLICE_FAULT
1.6428181459491302,1.6042445752307428,1.634376823668326,41.07311995620628,62.971757599077115,1.799592036704497,117.3798498512352,8.015795965709273,MISALIGNMENT
1.6276789338899456,2.9337279553651383,1.4625609966793085,62.3957998740584,60.81111608449416,1.0214235244529908,334.9320424297916,-0.6020365638367664,OVERLOAD
1.0827183249036023,1.1615730336131453,1.3332541058278509,36.834444640733345,38.66409892267751,1.9247564762646965,104.71542380418205,0.6460061871145515,NORMAL
1.5984116700327702,1.9901925269552954,1.4268702986965252,44.02541116922076,61.091802831298324,1.9882397089789978,88.76804949124622,9.147673473033583,MISALIGNMENT
2.2997862354343117,4.354250339681859,3.242819610783532,70.70881870541803,56.20883444942155,1.8813638890536288,110.38870860678027,5.641773183118812,SPLICE_FAULT
1.983889343531004,4.734488077191203,3.2287434928195595,82.14589638297808,51.69272945024615,1.6459913402026034,100.88887285927284,0.24145107583864434,SPLICE_FAULT
3.3985438184429992,9.673678857294327,4.322226664404647,35.314480992490886,81.26515671680065,2.163465919592033,83.17898705799038,-0.0661289037357613,BEARING_FAULT
2.1201809032713994,5.151359619963985,2.8597579887172437,76.67176106640484,63.19648567603638,1.932112394679293,117.02827085249581,1.6400889016392504,SPLICE_FAULT
3.1908106263333513,8.077144303622804,4.0937077428723665,47.88194443301715,86.99780389642878,1.7839309174243987,111.23255423458473,1.2273986327195716,BEARING_FAULT
3.7509312481095236,7.673871537147252,4.8146190901476205,46.458407214819324,84.28219538937778,1.5421635065956678,123.38754500912114,0.8573674049999462,BEARING_FAULT
2.0979703155613962,2.882211652194791,1.4597166571525195,65.57016731163243,57.51897062129246,1.0071516795728477,326.86829592988454,3.9102349477525937,OVERLOAD
1.8897744528472862,3.033908854653848,1.6870138692821306,75.05381776307337,67.39256939286771,1.1422901454807743,433.4934355997752,0.727890947924215,OVERLOAD
1.1453534077157317,1.3202977637338196,1.4331923749916862,40.84257938636857,44.99057632039742,1.9498597853114363,87.71556168734237,2.0420696529278803,NORMAL
1.2836187765250273,1.7365183731171319,1.5207165977394639,43.676171510833456,54.49355214604225,1.8135714738059463,105.66540987081656,11.241269521786908,MISALIGNMENT
0.9555706739923888,1.3768696960877596,1.436080571087888,38.62180198819683,43.00252925173469,2.033614496302623,69.92367660306243,-2.0503574572842003,NORMAL
3.599836990429753,7.492382941252847,3.878163442905579,39.38828371034756,88.70615655318016,1.7116961212962012,106.58549653159643,3.4743709457419105,BEARING_FAULT
2.004837401187529,5.01801228495573,2.6646056647047227,71.28573259427074,63.580379731992586,1.8047527019381548,102.6306502948812,0.7443625080933629,SPLICE_FAULT
2.4857948031077326,5.792671610506539,3.1713961149320795,77.28823199709674,53.759514751840946,1.8142551052056604,99.17387609991361,0.47863652022819614,SPLICE_FAULT
1.8488692727507496,5.928057415610286,2.7179718923981966,74.77128674860359,57.790620065416974,1.7942637640666923,114.45725077602997,0.05328516113180659,SPLICE_FAULT
1.1119574911434578,1.4520266090536191,1.3154703749825563,39.38777387856185,41.43801294478087,2.1386349397262845,96.94380888931687,0.2513166482381024,NORMAL
3.6763279195622864,7.603480997696527,4.056099309831173,41.51693449423704,93.26049376288442,1.7311493309665635,109.60958641857302,2.9459268765820674,BEARING_FAULT
1.2891953752505656,1.7963861961049885,1.6695168414615735,41.91784703878877,47.32100075632597,1.9229094831646378,101.32597672026101,11.104745537455138,MISALIGNMENT
3.84197786042246,7.528656760241883,3.615868245249257,45.34190900139319,91.35148096728408,1.6127127466350353,112.05548564795987,1.7694990583073809,BEARING_FAULT
0.8788983800237543,1.4044241161816777,1.325745617373258,36.92891239758017,44.86590167471326,1.8760947297473358,112.71892421938657,0.4734074157124664,NORMAL
1.4830354296601689,2.112028763734254,1.3855968047162686,41.10661153132812,62.97279117870811,1.913885603243088,101.60268857417577,8.95049849984722,MISALIGNMENT
1.3806448827305324,1.8647732992898043,1.7022299882776963,36.19510764827859,65.87937904750984,1.75758323998124,107.34106335807249,10.757957937980871,MISALIGNMENT
2.3490104836727177,6.171081646866006,2.4176587651843215,71.82212041474884,63.00950392384936,1.8245226262423502,88.29862257240107,-0.16011495060348047,SPLICE_FAULT
1.4315454560332992,1.9163977627649438,1.6468455699928026,41.866180403451,58.062609321648935,2.0641428627722314,98.76107636764799,15.343605334793203,MISALIGNMENT
1.5550821582386312,1.9040834334425836,1.5327608564123458,45.899962116786405,61.9746155693778,1.7553501796459312,101.31119324675147,13.793520354796982,MISALIGNMENT
1.1158595579007404,1.6572101445922556,1.3595664294731324,39.563367285138014,39.22372612182124,1.9540909689781008,91.8698562773987,0.2766007655111807,NORMAL
2.0568512697479053,2.3768597750761673,1.4590679785413314,73.84698420542308,58.34996565687557,0.8709318806996367,385.08793029184807,0.6289105900788463,OVERLOAD
1.5460433374141769,1.8362307289010538,1.7644815697315792,43.612436113819285,49.394612395197655,2.199281057006064,95.44828216046236,7.99839596947565,MISALIGNMENT
0.7698078835264415,1.4072448992667748,1.3206540470548251,36.53831430765934,43.375160110654456,1.9919121502134538,92.95271564389117,-1.6313351104170732,NORMAL
1.5242088222339962,2.0521012239168286,1.4774111883286192,49.32366516741574,49.096871635462556,1.9953176254329352,102.52194854234287,10.400613008134222,MISALIGNMENT
1.2730348547811532,2.002024872250015,1.655607915554881,41.98468010391832,62.971494133438114,2.120646897988467,112.56197439413683,9.934012561148093,MISALIGNMENT
3.7156165987011036,8.480989430521339,4.045183913627649,43.053675014581046,80.84486942327565,1.7214821355248315,114.54666816029386,7.945980992651869e-05,BEARING_FAULT
0.9398293387770603,1.1469042444342217,1.3054006571993735,40.12464326976967,43.6938177776808,1.751167264658701,105.96441137581752,-1.5708814571259122,NORMAL
2.3372202228375234,4.927372166018423,2.4686865314259583,68.42651008865482,53.58489197230536,1.8819019578209941,120.19636571611568,2.5837226260293074,SPLICE_FAULT
1.0971570950954355,1.6070724430334238,1.2965484731568806,37.45632748034569,37.784430459589274,2.041820575588797,107.83589664798606,0.7717961772356612,NORMAL
0.9949761890550863,1.376091944781567,1.3403695068837123,43.385634067736966,43.07536085462886,1.9123226218788156,92.22628515154094,0.5925303073177614,NORMAL
1.4529154874871018,5.383872550499447,3.271054870431473,72.32017390301864,50.301922093604865,1.9133945998969601,108.67536094794131,1.861437759341736,SPLICE_FAULT
1.991890609715,6.437649271031807,2.3687305367904132,88.9536883637467,55.97303799230512,1.9730592303519505,79.74622043094286,1.2722584030733741,SPLICE_FAULT
1.7609660742603652,2.692214408708075,1.4577431580978781,72.7755671694425,63.99943644852992,1.0486632304779813,349.4347259187604,-1.1087895287981984,OVERLOAD
1.9071344947280786,3.0478436848121544,1.6003365892729144,61.06379145055607,58.35637593516854,0.9757546190634666,361.78030863587253,1.6618597332554068,OVERLOAD
3.250513586033443,6.750497142620455,4.245216748565084,50.995833850670124,90.85337861296729,1.8519051616366202,113.73169292381588,-0.9693620236593765,BEARING_FAULT
2.0931096046803814,5.423122951348131,2.692741869996084,81.34536306755896,57.439334168480045,1.8856823051393063,93.23065418125474,2.3373617188210187,SPLICE_FAULT
1.4104054703987103,1.3521719587725052,1.6900544945603957,38.60355257785198,59.57169341565715,1.8647912252546117,78.58569119680296,11.783396032020946,MISALIGNMENT
2.9397781994384093,6.035840696192063,3.2411502897281403,77.5080204811461,53.0605308753289,1.9006696998510026,116.03619668528336,2.4334039822190814,SPLICE_FAULT
2.0225069079209437,5.393606327265977,3.52735481598851,73.1209442788801,57.59751407096713,1.7519910960652507,99.19362520686543,0.5357221960585234,SPLICE_FAULT
1.0005243699718183,1.357155644390421,1.2983228656700372,40.15927382644455,43.04940007370372,2.019548173155329,100.18016872044447,1.6350663945275195,NORMAL
1.0717542255795962,1.4276635127643291,1.432396865406493,40.677792014897925,41.17802075451209,1.9902084753557097,71.60921340514574,0.8377642215465891,NORMAL
1.4563183786440879,1.9050770555944543,1.6888200537244387,44.223221342046855,59.58476003492058,1.8443282102142837,87.89257373370836,11.14457669424974,MISALIGNMENT
1.1564643655814006,1.3054270960805052,1.324687324024416,40.33898159680802,37.856866190538675,2.163185689908911,108.20158186755485,-1.0797363212758484,NORMAL
2.0780155329316847,3.129245491405949,1.4040645039351878,62.960097665890885,58.47688675822632,1.2447896576570674,353.4219522360467,1.6634224574954648,OVERLOAD
2.077325339524004,5.226259597234903,2.683301702101155,65.15900617569922,61.1645468703094,1.9767396852572043,113.02526956456015,2.4746962389790617,SPLICE_FAULT
1.3724219160261184,1.6619184528651019,1.5979073831527193,42.57795459794407,46.626894843969,1.9853348977340146,109.43715505756045,14.216134494345457,MISALIGNMENT
2.2921450910683454,2.6952214343956116,1.5432972928043636,63.48932795644173,56.18446823277262,1.0101045817064414,405.02166355548104,0.4247829716141699,OVERLOAD
2.106477741775353,3.20908218855991,1.6805668878116264,66.45470108381491,60.74380366667848,0.9093073626328848,395.1618012866139,0.12338533796764195,OVERLOAD
1.8783422029526826,3.1867395506312333,1.3729511754418178,63.87379036475578,58.73823259004555,1.1718503936137985,397.9873588344126,1.6570078877780903,OVERLOAD
0.8993982618500298,1.493405595470981,1.320223457914316,38.06739767843614,47.887761571592385,2.110387734331626,97.37340479683833,1.1801281737415277,NORMAL
1.0075804558193726,1.176238331950051,1.3758534171347827,40.01858370790046,43.688642580523066,2.1589838978180684,108.8750396741406,0.5008315910042116,NORMAL
2.045076262834376,3.126888856872748,1.4405327012837832,78.99809850951613,61.30433087360988,1.3523971391019947,393.6299429945669,1.8929849318389964,OVERLOAD
1.006277441543883,1.811630214551835,1.7152617123805474,42.77176026333451,59.681389446237816,2.1002427467644798,82.44494411295372,11.84464959489975,MISALIGNMENT
3.6061028094321608,7.9342855635417076,4.737301961517381,52.93309062368304,72.82853615268554,1.866756404984128,106.87101537222273,3.0915627887753705,BEARING_FAULT
1.8194131488462426,3.0446782733788487,1.6162648058686193,63.84436136743516,63.35343585363116,1.098669360156564,416.29681880057313,-0.5299530781515331,OVERLOAD
3.304982177437363,8.773022991387737,4.576007888918889,42.56038917220319,78.23497209608476,2.0238914921196054,134.97198291719138,-1.0194532465599448,BEARING_FAULT
1.14415686206579,1.3650691744165853,1.4429502642086554,36.42189547199726,41.42849068200657,1.8922623923015243,103.11652856004778,0.4147728907887909,NORMAL
2.5876881240654126,5.927430006919874,2.555178673232255,60.795218236888104,56.11839848247778,1.719974456906178,88.87503648374982,3.3812350442912367,SPLICE_FAULT
3.888253469044577,7.208067749581161,5.763505209164302,41.78636216083025,69.63189488941396,1.5148388356773022,104.85252281983158,-0.8584136695868678,BEARING_FAULT
2.191359373593754,3.1594676179603858,1.586033255941672,58.29060836386381,58.39687761846594,1.1200640861081346,362.25951860605164,-0.7089292388154018,OVERLOAD
1.0625851318698853,2.024617469577819,1.4290558504133444,39.10563078711094,52.90565021466632,1.8071734161344004,99.48764164467808,12.506379899465097,MISALIGNMENT
1.5451739036037806,2.119796671488393,1.7103988829310781,40.3506319210859,61.849843656676114,1.9399044140646526,86.52290769690596,7.632534864771903,MISALIGNMENT
3.6109684444949375,7.4961061206901,5.620306060087141,47.308822610111804,90.65580371576479,1.6551637490685243,102.29463262838733,3.475588016951047,BEARING_FAULT
4.115306256364814,7.940049942621021,4.345871685123306,39.83277018533153,88.76864323277509,1.7448205059455275,112.2379941644442,1.930650956101889,BEARING_FAULT
1.6400979673002931,2.446428164568948,1.3936741313468721,65.16992158206658,59.75840160632828,1.162599395249066,386.01184354629055,1.188337783710367,OVERLOAD
1.9217677582024966,2.4427762597789986,1.5039569724133648,67.06132746223962,58.9364004153454,1.0055938683190317,335.4858243490003,0.593327277457136,OVERLOAD
1.0852433334796223,1.324321338692939,1.4087902228839855,32.692772285332644,43.193781149840426,2.0937915537510654,96.89692294615097,0.5001430331138838,NORMAL
3.3635201069226817,7.627803656664735,5.09091414697102,41.4022080949613,67.5857623922252,1.801510051278387,103.9141583821961,1.5843680063597683,BEARING_FAULT
1.8584257798796853,6.592580335159738,3.0285081300153007,72.89675321395447,64.02677229562963,2.0165708038855135,89.70805047621468,4.527026085666298,SPLICE_FAULT
3.2238647506624383,7.121658909546363,4.572058181389841,43.2291317218713,98.77813912789621,1.4693276923679515,90.17086958822087,-0.6563186721666123,BEARING_FAULT
1.3016468420807834,1.9062983124523991,1.7395325470033831,35.62802154562309,63.19006263657981,1.844083616494079,76.45517077303398,12.877938937409585,MISALIGNMENT
1.4713382653892872,2.1361979810611342,1.5523519539893154,42.58034572497539,59.863240932400274,1.9056510648465554,89.95662173706094,11.35120709960874,MISALIGNMENT
3.2263815878483832,8.011724727896102,4.621551529164207,40.44959918014306,100.16459818582848,1.6985453245446591,102.95692791399834,2.903241593817668,BEARING_FAULT
1.173493818202212,2.0595701402764277,1.7530815886955846,47.25958440619676,54.429674410089106,1.8812272976420115,117.62979652537399,14.695733991404206,MISALIGNMENT
1.5286848237937014,1.8696065235367922,1.6026295149105207,42.307936585619,54.71482381491338,1.827843091765997,90.23379684136444,11.351148169851644,MISALIGNMENT
1.7671438737797995,6.024456041658969,2.453250267514167,70.75246691202501,59.93618619209629,1.5041583964198364,98.84841693684726,0.35496071163663423,SPLICE_FAULT
4.474394049691697,9.086685733144485,4.571815416994099,43.60757061919481,86.0031277744539,1.6269510972860148,112.56594118506432,-0.799761893043502,BEARING_FAULT
1.785639392613196,2.580756062317374,1.373436355491019,58.14234472170071,63.52574329469088,1.3042641370010335,342.6097911913738,1.540196426916344,OVERLOAD
3.8985553702572036,7.618419312036753,4.9234268715899505,48.20655886761477,80.95503531264649,2.09699225524359,109.63444938116062,1.3699587696219333,BEARING_FAULT
2.2441266472657913,2.5749931955302845,1.4263098647768202,66.35472820451312,62.93847450933906,1.0518380855811131,349.76113295259086,-0.9981886479149711,OVERLOAD
2.0565302176424716,6.305354069716109,2.2233072628306427,67.58651040027273,47.93541200292564,1.8297038047193643,107.06278471487587,-0.3552853397490261,SPLICE_FAULT
0.949305682462887,1.3380988963464742,1.3134322994730983,38.7318595937255,43.67441854355552,2.123000057271915,76.09695632530563,-0.5976676832548571,NORMAL
1.562316846948971,1.8224070062185094,1.5190345381266606,40.83711050201026,56.50151971667843,1.9798091048661561,92.34388842969813,12.981421693248171,MISALIGNMENT
2.5301285326770593,6.033303291723995,2.6080587115577525,82.0171384608768,53.471749524554596,1.7544169309807585,97.13231767045214,0.8122880197650626,SPLICE_FAULT
0.956744181218038,1.6202922966413171,1.4262299637762352,38.43016540202675,41.29033413834316,2.012307820165618,95.225892938072,1.2809395766667275,NORMAL
1.9947697406542308,2.4479108822359605,1.5194967705990758,60.19894820801537,65.13535150322069,0.902330037183654,392.04615907157614,0.242926807247273,OVERLOAD
2.424283073581615,5.998818552685593,2.934481170781681,68.18830318145713,52.122072730773546,1.9189696314950606,117.50078823961093,5.139269009155428,SPLICE_FAULT
1.10375399442579,1.1588407519761998,1.3670557302590152,37.74968609062892,39.144244619933296,2.1259233239786797,76.13070129804328,-0.15011695125380659,NORMAL
1.7413505100983362,2.72022274177827,1.4830671142884952,75.369976283398,60.23468149207614,1.2183131065828172,358.8903086805475,2.1134327613674557,OVERLOAD
0.887535790816213,1.373711952563088,1.2249447353042675,39.8135459790661,40.09332647578679,1.9596924010934968,85.94436946143713,-2.0199273321561364,NORMAL
1.2299254464790468,1.5403570521181784,1.4294851323806896,36.8219681439997,56.33269653409114,2.042732865159477,93.36835409873817,9.535400900525824,MISALIGNMENT
2.629051823085634,5.424779808401495,2.4277953468083853,73.32381094797724,50.74388304168437,1.825219032956014,102.92531391741078,1.2159202626057546,SPLICE_FAULT
1.0257550390722765,1.1001684710539534,1.4368716452665264,34.41822498080283,37.946776901375934,2.045060341286254,104.24066861518452,-0.19692180799688955,NORMAL
4.397872902172103,7.938255779109043,3.7206188734309293,49.11539661443838,87.39346768651039,1.7994963569940028,94.09246284177753,0.059080235380760904,BEARING_FAULT
2.487872767715541,5.560373266501265,2.925832371749165,83.15174355052048,60.68267427887384,1.81204681481709,106.10695313777528,0.08996459292104286,SPLICE_FAULT
1.0324166352488442,1.2964279662539366,1.2680650540536638,30.31299902361407,40.22293213304384,2.1121857856230473,109.49594571364489,0.3483417392461269,NORMAL
1.8414788309454833,5.792026318195299,2.9945989680500054,71.29397353844682,59.46502184099856,1.8135574172387796,92.68233291153763,2.966856461294922,SPLICE_FAULT
1.4748643724206623,2.057281242399163,1.5240172162956591,40.09132886204421,66.82456902775385,1.8797661093129912,116.17044924521683,12.563885070903837,MISALIGNMENT
2.5495976797669844,6.782833126980403,3.3474049063741345,79.04980100287145,61.350430738400476,1.9485178510900294,111.25666947907861,-0.3310587791526234,SPLICE_FAULT
2.035854407670369,2.342504517956782,1.6026087440960004,64.45854271135806,58.68579750268803,1.428745738258248,393.9820024483581,1.521874117181325,OVERLOAD
2.3098167746382376,5.622552965594216,2.770282436762626,72.58787104246328,53.239475029277855,1.769738444855747,105.17258581278982,2.5759886248540003,SPLICE_FAULT
3.5071890317473233,7.3207812543343715,4.488064515845274,40.8766994931222,81.96812740753447,1.612050036424741,104.85029581969046,1.0713529259454657,BEARING_FAULT
3.028523547281498,8.028642080028671,4.84083032569872,48.40001707187837,78.87615023646332,1.8230771490324962,100.58976179476392,0.9483966250860504,BEARING_FAULT
1.5490673321795658,2.2919674509489347,1.7358367154028844,41.05420099825123,54.125185879680075,1.7679922812262698,96.78247296009792,10.785242763179909,MISALIGNMENT
1.378511162695371,1.8779989002597897,1.3753934473891338,47.351767785605304,55.63177271174405,1.7515395208080347,95.54242540203151,12.988829056415168,MISALIGNMENT
1.7588164452910988,2.208064795963977,1.703429020152725,44.06228026537951,62.16589715635091,1.9580567687035615,97.90624386688087,14.220585960965742,MISALIGNMENT
3.2938424807538316,8.918016493305794,4.713918930268022,52.60706283480618,76.9831271629298,1.6436125269699262,99.65249195409085,3.6800956587220144,BEARING_FAULT
2.1627414196948602,2.597975728132038,1.621016609536532,72.77754025848802,63.50486161351983,1.097758388086839,390.87352605876833,1.523518402942119,OVERLOAD
2.76577180925165,7.705333831968659,5.097074074006564,43.813325053302115,88.64670142710511,1.5817066536148177,106.31522730078157,3.4231625871397684,BEARING_FAULT
3.1400568113458927,7.271841035017672,4.761842370689582,46.01150663006267,73.29197517356475,1.838679242594244,104.9427715909508,0.6466427203658629,BEARING_FAULT
0.9730593165555442,1.3979067747126337,1.2985160134146032,32.089688546864494,46.68866630552459,2.052225063601778,88.4884626344713,0.386382653848061,NORMAL
1.1201213922163944,1.4727084518411568,1.3303150009496043,36.112209818921635,45.66924920128598,2.0958385819842045,95.67226116411611,-0.9944285217997922,NORMAL
1.566876351258168,2.231625654858309,1.6384504962651034,60.050235880452554,58.41851731817577,1.0131306744489688,446.6096557401465,2.5855651287480486,OVERLOAD
1.9805193160803711,2.328330836776561,1.4991639212728542,66.22089202071372,67.79591145241176,1.0699619259780837,367.6351656485536,0.12946749572090333,OVERLOAD
1.0361395605508414,1.4995302230997156,1.4373048096475416,34.68288599454219,45.218934143298036,1.87306695034533,110.29457481598357,-0.13213658890154725,NORMAL
2.058398770315394,2.277375262688211,1.560513301575895,80.27632721565675,51.96698632320997,1.228468971972318,404.54941208959883,1.1544478636969158,OVERLOAD
2.51003347149923,2.554220060743188,1.4404694302306018,68.38204192562094,64.74631587141154,0.8849654115551839,398.76428000912153,-0.9774144380449128,OVERLOAD
1.820536696411491,2.7714625367339587,1.5032863373980214,71.84471480271485,55.80709670259249,1.361207548293006,327.89819546706684,0.6460298516995807,OVERLOAD
0.9160782476777362,1.3516715150295537,1.4838057909470164,42.177395900192984,40.25984027588987,1.9444453220513134,100.07178466907942,-0.8360621521000247,NORMAL
1.9236251342365869,2.600486224599066,1.3548165254831566,65.20486336004127,63.449701384480434,1.1791157977789997,381.66890371297364,1.272216822818584,OVERLOAD
1.7823514563076581,1.9221772765656835,1.6724043808282507,40.96656837374264,54.31485319423651,1.86924285828842,104.53905229441347,8.742730971241585,MISALIGNMENT
3.9846558502596667,8.925937556795061,4.89424947367551,39.309466123142386,82.97695947377301,1.8787297487587693,87.68675421123685,1.8432738121438612,BEARING_FAULT
1.2317373345716167,1.7509664459365297,1.413917577687805,38.623035096598244,68.62278114914507,2.0162573668187838,85.99928765598261,9.579969114216896,MISALIGNMENT
1.6453696709203722,1.7552070539064424,1.4601440244775936,40.73640355016126,59.57064748225333,1.8159228110101373,105.56874722368146,10.867775212095985,MISALIGNMENT
0.9797807347566105,1.6095905667966552,1.468202406484421,39.809562293247026,46.69024007649632,1.9999686327388226,92.63229864052379,-0.06953228624226938,NORMAL
2.252354698463739,6.024852806025764,2.436235445392674,74.63456926039376,57.176790635240735,1.7489751978899495,124.05187300159099,0.02616123353533739,SPLICE_FAULT
2.188222770373446,2.843028681111197,1.448453072691614,69.74403391214437,56.377338654828755,1.2634069754231911,350.26417347126335,2.777115848060021,OVERLOAD
1.4069118832449725,1.9597595560643524,1.6528370644379344,40.92602869675999,54.12196697698804,1.9818765970848815,104.09140922775994,11.74568449731165,MISALIGNMENT
1.190682724286739,2.0068729797272766,1.4369527779710907,44.73786096762132,62.06640203032296,1.82040296261495,106.25318334021503,11.99737982427109,MISALIGNMENT
1.4913103383686623,1.9479715491698593,1.58044847561298,40.75610847355791,56.861145104381826,1.9809657530148241,106.25584593675,8.835964429916128,MISALIGNMENT
3.2393183407127064,8.293732324034435,5.7384645668617065,44.937811385425704,80.43682608322605,1.9491777174042717,106.90282909922422,0.17104487628880705,BEARING_FAULT
2.2794834556817882,2.7781091704356164,1.4543300855306487,65.26344981126294,56.20918090250036,1.1646109900972776,362.1012891804965,0.6312713099334137,OVERLOAD
1.417115223833978,2.3210594858916624,1.7115319753417109,41.828188767533696,61.56633125398271,1.925699744558583,98.60457957072096,9.393131451657485,MISALIGNMENT
2.353507283890497,2.4606794110195085,1.3660482076434963,64.40834960597194,69.4844437393604,1.106339459744747,430.0339379901354,-2.3389031269371166,OVERLOAD
2.705483755251832,8.081905758678122,4.197662409184041,42.4702438476953,64.74855963377595,1.6923752096873368,91.73565172692004,1.1578429733227251,BEARING_FAULT
1.7747697203614619,2.6561938172031745,1.5933422954475864,64.57982133915174,50.87192410717677,0.927623059667483,394.9165394135958,-1.8155587319454636,OVERLOAD
1.0326927373764163,1.3625041324742253,1.300188051061244,38.480054677558364,37.89505488350157,2.032078572593268,95.15826048751263,0.6455877121741934,NORMAL
1.0337602662075203,1.5470418192163644,1.3908962079619986,41.6358319561592,39.153250437525486,1.8159922255494247,109.90166238959289,-0.5347566708443231,NORMAL
1.418521971374689,1.9733492815784512,1.5590808248736063,45.2494356379822,60.352549236892784,1.897481131647052,93.06195582098178,10.676465437668663,MISALIGNMENT
2.0404372621293194,6.907840794396039,3.3111948224542407,70.34417394251345,62.08270175496572,1.9536355892694686,105.19500766415518,3.3375949317305293,SPLICE_FAULT
1.4301267639673563,1.6362063003394978,1.5016054649706874,37.95823824725595,57.523294544016586,1.6927644818304,96.57695156550851,9.697114900272638,MISALIGNMENT
2.1510816160819077,5.090786911081569,2.536368633167383,80.35787591225191,52.30653659265936,1.9132117060405613,94.48143256030066,2.6227870021561452,SPLICE_FAULT
1.8179024216895725,3.2887955552324835,1.488701887689339,58.50295682678994,63.3494224510787,1.1361614118204943,317.3879226287145,4.129396151212122,OVERLOAD
2.561038017070119,5.582039593522906,2.3180359336970295,81.14102760330769,42.90435430962122,1.7887954190582798,101.4837457589083,3.337449010544957,SPLICE_FAULT
2.229230886093598,4.963948548496429,2.5098149817593627,72.17238191989757,50.33182891705278,1.8946180173193667,106.14266899791392,2.382015268590935,SPLICE_FAULT
1.7598051104387775,2.3613668634413756,1.2522493881370984,63.42931566594376,59.01322422332668,0.9163164589662366,402.8357711810453,0.2641063871448526,OVERLOAD
1.0791031947043046,1.3869362122670472,1.3545319939917686,32.06210056887264,42.52563425672554,1.9516438516153463,109.95581514002029,-0.01987363536831157,NORMAL
2.6035553966038893,4.222845874703841,3.540090211805455,64.91900807006927,51.7288986933612,1.88851831631257,94.48256435312813,1.0828946797376031,SPLICE_FAULT
1.3787705543993227,1.9075393146247845,1.4708301630495242,38.08554932870115,63.899942648448935,2.0030919338366906,92.3123358996148,12.773158985515298,MISALIGNMENT
3.5844499107378667,6.761133573102886,4.0744426065828065,41.837157522045736,85.37376096211977,1.8427922926751241,105.82590516875413,1.6961157885273748,BEARING_FAULT
1.8212981852521324,3.18441501943709,1.5641879061477768,65.72365128568147,66.42040138271143,1.0488043228009911,324.6874112362211,2.149683939774563,OVERLOAD
1.0813509636000638,1.539294393571617,1.2006770706341552,34.993437632655585,37.80208147559418,1.8985240506814147,91.55058561406504,-0.9355962987624259,NORMAL
2.1721239936403918,2.811269005414333,1.3057429428562592,54.57388281052794,62.60397152846377,0.9593069886732662,323.4240614640737,1.1650522358992739,OVERLOAD
0.9348399652394183,1.2578642921875047,1.303353804914485,39.51641047749988,42.933926020328656,2.1911419087139725,85.77025074738327,-0.5615577463306254,NORMAL
0.9136009230320183,1.2235901324191614,1.5019905547916172,37.45041014383884,38.609791982878924,1.9938996028144615,113.56583385827982,-0.4841184945848177,NORMAL
2.1046286397892637,2.553495752108493,1.5686827495452837,74.34296533819196,59.78571876169831,0.9845439351143218,374.2399618921574,-0.555989297452014,OVERLOAD
2.0509859643789987,2.759399729823067,1.5195162047141817,71.49957065776583,69.61112280134726,1.2418911440959157,386.1246161598808,0.01815258760640437,OVERLOAD
0.9973486124550783,1.338394426575553,1.415421303936023,44.6939004385779,43.6417943921339,1.9716861103256234,86.84184183572492,-1.745707432859652,NORMAL
1.7468286091578769,2.916594173809993,1.4638283012182736,62.91499820176454,62.275731904747595,1.1787188863251983,324.8108638231309,-1.4096883515606207,OVERLOAD
1.0711614878088889,1.5080872878761191,1.3266550984867567,34.248776798090844,41.64970225261426,1.9325065981209448,100.22630852676869,0.06783851391693768,NORMAL
0.9514636452170897,1.359874078713051,1.4722774741130027,39.90625409062768,43.37184121384573,1.9264696539318047,96.02320306385396,-0.35084943007647457,NORMAL
3.252160007958524,7.503072605243817,4.600462853282623,45.04532951347094,85.6375525390617,1.7510373560777859,110.92950809425129,1.7156061567312855,BEARING_FAULT
2.2481570257448573,2.9158499493995165,1.5336601427562166,62.89003889699471,70.08903224396515,0.9000174419073507,330.9109464470162,0.3534983412505913,OVERLOAD
1.3038378100192467,1.4192662797798938,1.6331861121990445,43.02877913196403,60.663916046613124,1.868332045406575,78.43554622994967,12.167674163078118,MISALIGNMENT
1.475463555293562,2.0550230243178174,1.3622453447197036,42.47428462760043,67.71764440561098,1.8619544095833649,111.63000969705304,13.38234608988019,MISALIGNMENT
1.7809072434174291,1.6927712856049606,1.6954555045080184,46.01797976844,70.02418771126986,1.706793484148004,95.47309851490466,9.0939190732703,MISALIGNMENT
1.4731662231626506,1.824284051357369,1.5655024967998052,44.085495744990425,61.49732123447851,2.0498011770304427,117.52291909122032,7.314126187504648,MISALIGNMENT
0.9944452301103381,1.4756517963134586,1.2645973668596582,40.0589553708701,41.522864368799844,2.029271548214185,93.11114457424594,-2.832325924984141,NORMAL
0.7528355499872711,1.3292313810859357,1.2758117492647543,31.539971240386265,42.97217108466468,2.1376496450019538,84.81089174909933,1.6043391083085963,NORMAL
0.8577746290402326,1.4016049976629283,1.445014351076925,39.38618267975569,40.50080947154511,1.9484781606191757,97.75681029121895,0.66536893503283,NORMAL
1.57189076496097,6.447169234287178,2.8103673996849206,80.48474698902463,53.894336041917896,1.8732353901101917,114.3779650381161,3.1742287941419667,SPLICE_FAULT
1.1876170839215887,1.4552834748690806,1.3206377728733343,37.20004301229675,38.11165000725032,2.007814306296965,94.51799701833227,0.9189148546583293,NORMAL
2.1090874537158775,5.305012843498799,2.677685066728918,81.47528476682736,47.43172912768841,1.9634312093472965,105.06692699613414,0.9012484627865451,SPLICE_FAULT
1.41542878668985,1.700338644941789,1.7263741110544994,41.75431686128252,53.37457689760682,2.057414678603241,98.45350293439166,13.504692724596016,MISALIGNMENT
2.501105825918793,3.086616571353955,1.6435856464085898,63.38793273485026,62.15641908443149,1.3893904994931925,331.8558706730581,1.7483716014466217,OVERLOAD
2.0319818005936447,2.706708560054178,1.4286807695633867,61.14723695701038,56.94242098980823,1.1327853333310574,407.44865999030674,3.9153761310663446,OVERLOAD
1.5997047002971068,3.081920644524131,1.5609737723336705,64.03013723312833,52.48422465200199,1.0741410950286154,382.7726344201771,0.6889648469589931,OVERLOAD
2.994451375706513,9.036798136511832,3.172458991060255,41.37047618894672,82.3992282282326,1.7409911343066398,121.00397298889294,1.565460198698607,BEARING_FAULT
3.4023139839297323,9.040877354772498,4.306881455644317,47.40632018160872,72.51653225755975,1.6666121756293624,123.54662133859586,3.1532929781568004,BEARING_FAULT
1.4654008662833868,1.8710242876104226,1.708183648068083,39.65293823249402,64.30424759999654,1.8726993251977415,95.48781173056123,13.821384640841789,MISALIGNMENT
1.154993440501754,1.4067116978895653,1.323033122310557,33.49108901481454,41.11473025728628,2.0443002130447376,98.77942867878723,-0.645572072035395,NORMAL
1.6451539110509898,2.426031410152172,1.5478847573217736,57.023845646395614,61.740476458936726,1.1367915398326411,449.23064683206354,0.8417125918435688,OVERLOAD
4.294090614268542,7.248312386321721,5.053636486001902,48.145192923601115,75.56846878314097,1.8094660682238037,107.46552095497319,1.5433087202617017,BEARING_FAULT
1.9324324080813478,2.8261614976111797,1.5186068432470547,57.60446561498651,56.818715825069816,1.0720777671551527,418.58756259364577,2.3791126431304708,OVERLOAD
3.4332641329224316,7.964297901546846,4.510014874412174,42.566251834435434,77.91168489291275,1.4967009715877906,125.9924951925509,0.8077302971176374,BEARING_FAULT
1.0224092481810416,1.2688329237528877,1.3553592573779898,35.56742746636898,41.89916230588886,1.9474120324104796,103.11109991143195,0.8524686434329506,NORMAL
2.754292065097411,8.246502669229203,5.374883252940415,45.392321801119174,80.96507839695515,1.5074883110213428,109.15922659057591,2.6194175849030907,BEARING_FAULT
1.965887018580745,6.742753272492918,2.85513112406648,73.4862829846753,54.85260942489031,1.779629926581373,105.65290327458905,1.2148766452848203,SPLICE_FAULT
0.9708306250206723,1.4813029822165138,1.5268418401273083,38.05654886883454,40.99776830706018,2.003444101170584,93.67244970114962,0.008556080824349832,NORMAL
2.500319452771229,5.167199875247159,3.053922050292055,70.16575344710994,56.502080497756346,1.931225938418386,109.58388713011144,-0.13745390841265293,SPLICE_FAULT
2.4876123534885486,4.891313505390218,3.1142025489607983,65.35908925735784,55.13999772597281,1.7427505661458818,83.01473589777427,0.32202887454068696,SPLICE_FAULT
1.1661819507464237,1.7011289868738253,1.4946479539402031,41.72137649582084,68.22240778599972,1.8600173265713473,101.21461064199546,9.894614092433006,MISALIGNMENT
2.0970321793885973,4.334983571504233,2.5436411434100377,70.82515197333699,49.303441639662246,1.7899094697571156,103.09582250438359,4.177821025330477,SPLICE_FAULT
2.0987203725006442,2.919258326971946,1.3376082157430034,72.95300131832754,59.13686823495761,0.991582961683326,387.78259973789477,-0.3719806029885948,OVERLOAD
2.063994286604693,2.5042800899717577,1.2053095780715986,63.17325187311062,58.33863649374956,1.1181155698327043,387.9888606932187,-0.0019125056892570491,OVERLOAD
1.0482472415243185,1.423270289434059,1.301542806159733,40.587180417148275,45.670706647255884,1.9669210775672443,88.2776624656336,0.1979166673420755,NORMAL
1.2842388778104825,2.234688377124597,1.4677190098891844,40.82877378515859,58.58853709230479,2.003138052527733,106.26877063529022,12.64028718824612,MISALIGNMENT
0.9153206281931595,1.3415801146249624,1.3525603319252615,36.075555214331146,39.59988430680706,2.089295387010877,101.81062742771083,0.1458364702153839,NORMAL
1.2060747924881987,1.41274025856426,1.3590616328430212,36.92497954393633,41.16334981754773,1.939264556678779,121.69936588080543,-0.4536363875916828,NORMAL
0.9110485570374477,1.434930232254657,1.3361643152061262,39.78067016684258,42.11471398488008,1.9054253939303218,110.01824853681937,-1.7422216926352752,NORMAL
2.041464756699668,3.037449230791887,1.4411891401075692,67.81114161691302,55.64204764465786,1.2903211484475436,365.4024299089804,1.4995876526005711,OVERLOAD
1.196472513291639,1.4426038452778014,1.4553692053871894,39.31021565520053,40.406357116177205,2.1695722877810866,107.49900239423711,1.481960768436536,NORMAL
0.9698896304410711,1.1696228456258273,1.2688194615445707,38.27853470342335,44.06912341573558,2.022421640429079,99.64992389993765,0.6986888135170435,NORMAL
1.0328751109659684,1.3050215030940484,1.3906393061530036,39.27218313339227,41.863766346203285,2.1218970789793663,102.6477531097798,0.18568858041873892,NORMAL
2.025769555382712,3.111101597310747,1.6692313019104876,57.66349832757095,61.42517371049681,0.9557792279734241,421.13296441735764,0.9680014275533687,OVERLOAD
1.9553297780980041,3.09157910303219,1.4921669151069843,70.90755736937479,55.704478629749296,1.105035147210351,377.8312202085654,3.196301908785381,OVERLOAD
1.5392368537016485,2.0683561549568026,1.677542443163986,38.510872049146194,42.77671730378419,1.8928879709169664,96.94367557593205,10.313616862626576,MISALIGNMENT
1.4117176602854025,1.779228213752609,1.6853223553419716,40.60143416416133,58.499131575498836,1.7125107935952466,106.38186998848573,7.463169148723855,MISALIGNMENT
1.1586016816145353,1.2912672668978133,1.4881571080986724,33.66843555159937,41.011656640958726,1.784761645539082,81.56206416519254,-0.8451539584261589,NORMAL
2.3497775456744994,4.252888150665687,2.4027082032060663,71.80143446899284,54.91963056918963,1.6705832409819341,104.13080395971555,2.1343753509879986,SPLICE_FAULT
1.3813967918915004,2.3165320644219594,1.4454568363990843,43.39929386223695,53.10872530969761,1.798735555855691,94.44726911986828,13.56247730704596,MISALIGNMENT
3.2801782416561656,8.450723488358442,5.335677042046564,52.26924327890243,62.93717096362106,1.680723748137925,122.45903632185619,4.420047693548343,BEARING_FAULT
3.540294323248538,8.332249181792267,4.603252812572915,45.08108756848915,85.9629850316445,1.9783925180159465,87.73196797293244,2.9374990720277117,BEARING_FAULT
0.9292330534381219,1.4065698667663686,1.3804926707906222,40.623167542138184,44.670742502509526,1.9287779236350948,105.913492417584,-1.3331283547778066,NORMAL
2.061150842970889,5.011840447384728,3.210288029544694,68.01581155623448,55.736399278837396,2.1047984615937225,112.10909565342745,1.915647787006719,SPLICE_FAULT
1.9509213547839848,6.071554304771227,2.8010722731042357,75.76928571078146,49.0951819107649,1.9270880507056538,117.81754157577483,2.1970244421593823,SPLICE_FAULT
1.7733774017722521,6.070799563666327,3.027916419351384,68.1246368011205,56.119233448898285,1.6575202862294052,118.10484735323203,3.870699638549464,SPLICE_FAULT
2.650818304239786,5.304110425732266,2.663236880533384,75.24599715492813,54.36146396425682,1.85894148621156,101.1406052750317,-0.016535515732690076,SPLICE_FAULT
2.2538480821688056,3.0689499010600496,1.509600926799705,64.79256664708508,63.092036078720675,1.3513878181414065,393.3167851712866,1.126015286386527,OVERLOAD
1.273635105481051,1.6606884142766627,1.5346083823419403,40.75831517317543,58.446976394658066,1.8989647710092263,107.19599497624891,10.497764330715118,MISALIGNMENT
2.116559698513055,5.112185477710382,2.5682340083131687,73.13844128930124,53.94248996574896,1.7948797851136922,104.458223266753,1.8007601004390525,SPLICE_FAULT
1.0296984673233187,1.1812006683782135,1.3320187678485853,37.84581882923454,48.265328318609775,1.9103357772684793,85.25867867957894,-0.5607609069798603,NORMAL
1.701656057864171,3.252493224624265,1.5229572641074254,69.75047164405234,63.51609127428372,1.0379703111786005,400.95197363988206,0.7786927178497722,OVERLOAD
3.24478793373905,5.353680038002089,4.575923774820786,47.070883056108286,90.6833962727316,1.919587844781005,130.19707645645374,-0.8209178268703785,BEARING_FAULT
3.5849198470641905,7.46788776057247,3.821088396467279,46.17827405030066,88.13027965696699,1.7355485809388107,103.58984281510308,0.804304095525181,BEARING_FAULT
2.408055299267622,6.047636087871886,3.4177401489442554,67.43084600105541,47.54825096269602,1.8672078611640237,107.5919643407834,1.3392730750127377,SPLICE_FAULT
4.135825333145031,9.165681460981924,4.015975102225152,44.68469648210618,82.7192358733733,1.9860575151908133,118.78911243001683,1.1324023694351089,BEARING_FAULT
1.5132318207447808,5.822820903492677,3.0111186255705396,74.52876598354476,60.210641543072214,1.8963735420221657,95.89541734272224,4.433673582848879,SPLICE_FAULT
0.9080575765766197,1.4734986764790774,1.361893396576169,45.933030041051104,40.747899559184745,2.0041325632270617,107.93175688218678,0.4730382821602152,NORMAL
2.088776733911748,4.746238513053793,2.727218340394083,64.65609889078503,58.17126438235713,2.018117701963166,122.73664175433755,2.6290274876053923,SPLICE_FAULT
1.5881507541136008,2.0729648876982023,1.5063712046101965,39.747811178983206,50.885615460942226,2.0501952965188597,97.11467099318203,12.306957963903482,MISALIGNMENT
3.478298158854341,7.885261426832857,4.61526683360567,50.603109104782604,102.12776237064283,1.8943095822389455,108.2183519002277,1.4329703978397157,BEARING_FAULT
2.3412259724643363,4.79018160080929,3.1159496018997395,77.44256067086128,52.477197338819444,1.672918550217181,113.11853368796625,1.879187735567729,SPLICE_FAULT
1.4899093127480918,5.827914649632108,2.633365535695004,73.03983269397905,59.9554643829902,1.8315869159221385,108.74367785648387,3.421028174243723,SPLICE_FAULT
3.7333619663192765,8.547088891145593,5.086950465787104,38.59924285295136,88.34140080521568,1.8323494181229096,98.99553034411325,0.6134314189097374,BEARING_FAULT
1.511547766331026,1.8024733158090074,1.4779537168554673,41.96545473577007,68.55648167049792,1.8118566294773004,96.75142073501453,9.133761822627717,MISALIGNMENT
1.0259722501721482,1.342303398408841,1.3793829850721073,40.086613272697335,46.73435417268655,1.8168317752793974,92.64798965236753,1.592669998282884,NORMAL
3.6295020268925975,7.716838889860985,4.997205140608815,40.05866408278608,75.97996602330804,1.5439706156710424,100.32390466582773,3.241833409731245,BEARING_FAULT
0.8816741487334225,1.3191148155091987,1.3887786253835581,35.94611052271999,36.88838523951984,2.0466545311450126,108.62223511886977,-1.5449373466767586,NORMAL
2.318881469075826,5.1519234143806365,2.960024422674195,71.2344165351268,54.72787849814347,1.843889872359294,114.62625852349048,5.08790120952229,SPLICE_FAULT
2.0565595221668556,3.303453976637461,1.5111981932621257,77.10665487905038,56.7460317246577,1.0100525732823602,365.67965424668495,-0.8239067269638523,OVERLOAD
1.5134732531474147,1.7946936625807912,1.5429535487474446,44.045230226445426,69.8370718201356,1.9577072183835138,98.53519329271839,11.683507841427078,MISALIGNMENT
1.4488366725180604,1.7047199902672405,1.4634835869836125,44.10759994180157,66.39873691110765,1.8441200427937658,96.8960319624403,10.336270276356041,MISALIGNMENT
2.272677446986086,5.5190618276185806,2.3675028915922565,72.80438908460036,62.82290620528707,1.890785477757789,99.94570670506795,0.17561345758776015,SPLICE_FAULT
0.8132734807408252,1.5191216928222697,1.4358005869847843,38.83213081387458,44.367170062126554,2.0757495149337486,102.69294752580734,-1.086054582118086,NORMAL
3.6609049378657508,7.4977960105940085,4.087888780316273,50.045995963209535,81.27741985327138,1.773040122898482,109.89239775412356,-0.3254438652652796,BEARING_FAULT
2.304119881660083,6.9353790302018545,2.6954671132971053,70.79232938671278,63.4780493006462,1.8268501554690342,97.9926420138365,0.9407397745965944,SPLICE_FAULT
1.1903291782363554,1.5190650613069072,1.3885597415101711,37.2857400049851,52.51194508862137,1.9914077164224033,94.54038072885072,11.228952117637558,MISALIGNMENT
2.401735832615847,6.06892359689401,2.9994241726870405,68.86198915028274,59.30709179938128,1.7894778975271692,108.17685612811297,3.4782373055464015,SPLICE_FAULT
1.4588951173476452,2.1045682943101527,1.4968083842218518,42.74244164292031,58.43986773564585,1.9281192017910274,102.92828843586683,9.851026589167448,MISALIGNMENT
2.2729664719756677,4.9230863876024715,2.7800220338814357,76.83372723505829,51.814026413702216,1.7774357773883502,111.0831104121184,0.8985982360654867,SPLICE_FAULT
1.0341151974816645,1.4667065339552077,1.2209150881698607,38.58420858415632,41.849386148874764,2.0776027913843476,92.40296882519714,0.1353383478922909,NORMAL
0.9591924626978449,1.6427702887607127,1.2825402723747048,42.6011831297495,41.2234367988905,2.005166097685108,107.93818467143815,0.249548189598077,NORMAL
4.028484450431031,7.328162074121039,4.868535335308836,41.16620247498077,72.2639323430508,2.0484483761705334,122.46989698175497,1.9920145769751079,BEARING_FAULT
1.401317548234722,2.107721213841763,1.492813829213691,39.487782824053525,56.865287669310376,1.8886437435209547,102.18718266141488,13.42635837678318,MISALIGNMENT
2.212239465467144,5.4177396865658665,2.474925820505804,70.15550368951773,59.902816294957674,1.8879722820111744,99.64075148914793,3.461870868203156,SPLICE_FAULT
1.3723781276475195,1.7962666560757579,1.3121642617113545,50.000715666960026,53.66012288735834,1.943594762971547,101.63334680677538,10.209906295660865,MISALIGNMENT
1.0048084946661382,1.2594868979976772,1.4146446238624917,36.838700892576796,42.64413954951158,2.206790633816355,117.98725018351311,-0.4884760801103597,NORMAL
2.2801714266056488,2.6417038671464987,1.4223305947027856,59.49643014693628,66.15322902089005,1.2090305785617406,409.8324326027072,-0.5802035511099153,OVERLOAD
2.2128524841906634,3.1366609999880106,1.4918544012222121,57.492632507733944,56.39923011489217,0.9503363326010968,355.47255239666924,3.56464487749686,OVERLOAD
1.1163163752154959,1.1844816926382569,1.3392786266661667,38.26597277288431,42.78132679000067,2.088140752892357,89.02631681028933,1.2949855848169558,NORMAL
1.3589406121749859,1.4583438447543495,1.4879783740191406,42.063278243551764,63.07968611781778,1.9879014154557006,131.57771283044298,9.405123765859802,MISALIGNMENT
1.6759878267940178,2.3635323504132066,1.5515719619170136,74.95321816673197,56.33304314542941,1.0783268237833357,323.9307777251937,2.7942253322891895,OVERLOAD
1.3966947703993593,2.2136364859054654,1.6270761482013412,43.428721060163,55.58033277524383,1.8293293231626993,97.79434059732687,9.017817729336773,MISALIGNMENT
1.4777152553044963,2.17819447160028,1.387549439034829,37.605075761685335,50.37214145969458,1.849557731670283,106.1908316938801,8.985610024946043,MISALIGNMENT
2.3862103656045646,2.6736609295596745,1.4076927603684422,61.723003374691885,55.22565459207962,1.0761197432620042,423.14586755626243,2.197972310786715,OVERLOAD
2.190581218880193,5.932436342977641,2.0171741963727494,62.69354499464957,50.21108321548516,1.7319262320940936,88.9652757121842,3.076458623660832,SPLICE_FAULT
3.0047355422658164,9.50704882494784,5.265023720780815,44.459821592548906,87.41544508002417,1.936803550648246,114.36814316922667,0.857771620368128,BEARING_FAULT
3.1225178274279695,7.7438643934234195,4.570146712850272,37.0118102535281,73.95543186042403,1.9629795836848234,108.60580015886302,0.6393666743934359,BEARING_FAULT
2.7412357275893213,6.041494993334708,3.018792159718973,80.16120717627892,49.06296922573159,1.79459615412949,107.44441333669012,4.213707248945138,SPLICE_FAULT
3.0233123465530625,7.756014960121336,5.216039301952282,50.9076880888588,88.15635227453339,2.1328115036296276,114.10492131943695,0.2879198563649443,BEARING_FAULT
1.36869974431693,1.8859559276964766,1.6972728586497516,41.33994591702098,62.45931511080374,2.0453840237121885,98.83428653546672,10.46446896255031,MISALIGNMENT
2.6325924171604225,2.5360847915846327,1.497019621814856,66.35925650558598,59.96372150767169,1.0470319729996331,396.4257959130686,0.852953393080318,OVERLOAD
2.5222819892260366,4.69049673751389,2.7907510675215277,79.0612645017883,56.08979087818702,1.927310741697295,102.6054782036421,6.025911698867965,SPLICE_FAULT
0.975461188399713,1.274763953065468,1.3145374199046793,37.41527515894196,44.575353349969994,1.990337632998511,106.6470274533311,-0.6724855960063362,NORMAL
3.1160109923423835,8.062462171116792,3.7713631709002735,47.00499634722881,90.23091603713902,2.102714509925323,103.11523181105508,2.473202724227363,BEARING_FAULT
2.0291270131189676,3.147541598941998,1.5453221902282896,61.76764231792135,63.147791830329176,1.1231972814854938,381.73262440001685,-0.41597752302183233,OVERLOAD
2.0134702937233504,5.389069010140789,2.771349788774118,74.69868988789246,54.130932435541396,1.645131063775356,107.19733305995001,1.1220984590023586,SPLICE_FAULT
1.9712029178058803,2.7184809880390874,1.5791140004355884,61.45871232679706,55.75811098058931,0.7614912342065873,362.448104858102,1.286385597632659,OVERLOAD
1.784202571958293,2.6401491193660225,1.444720908245482,64.50875493685497,52.98191894464095,1.1329637125910215,362.41144851343546,1.3444645833516953,OVERLOAD
2.9466130750176056,7.043539737421243,4.218466900102449,47.75314043395293,93.91265948908351,1.8550570189394953,101.08006375212285,2.3932429510829603,BEARING_FAULT
2.25448926310734,2.676273979045028,1.8377768241289363,61.15333007508338,54.3990059927941,1.1914863683981967,377.2220181419482,-0.4019133688853469,OVERLOAD
1.0012592400781795,1.566112851949298,1.3912751374163281,34.227266423256154,43.3642227364234,2.0177750106268033,81.10350707903848,-1.2291835978004162,NORMAL
3.356063815687845,7.851561172325717,4.891233010937337,43.70658532224514,78.9083555458892,1.6748708859189327,118.23760538012267,1.437588756944409,BEARING_FAULT
1.6411367459599264,2.0433178679519304,1.6662523874817625,39.58202480682176,56.16381499600357,1.9925676757713868,93.13267604432649,7.148044363109797,MISALIGNMENT
2.146764383648634,3.366287536187801,1.3485585937601878,68.5508071468701,59.25060983238916,0.9487980165243984,363.68269839460226,0.9298758191459465,OVERLOAD
1.1475356216949553,1.3922466475817157,1.3337060999858428,42.98441049718406,46.71905917564457,1.965909212265392,91.65718189965375,0.8393491142316022,NORMAL
3.378430940953851,8.143618641229969,5.414312631220913,48.652283223715436,83.30471525218015,1.6036832543271067,105.33649958535531,0.046081202483452044,BEARING_FAULT
2.136013475984216,5.648251393412443,2.8092501171701723,64.48824810130927,63.72084068073647,1.9647795771009844,83.22275136089793,1.3031883409911695,SPLICE_FAULT
1.4023546693936637,2.0395948060260194,1.55867024578855,36.14519126135134,50.85547696744136,1.8747375131197361,98.28504399611761,11.31429156740507,MISALIGNMENT
3.150895571684585,8.161509755433187,4.259067842257639,41.67906146533086,87.16969180223978,1.7797304989386447,95.76599527474919,1.8335666233958348,BEARING_FAULT
3.675209442131239,6.160435581064081,3.9511783182106948,41.45614972800044,81.53372661097717,1.8173431185632152,99.64835732832363,1.0159853025000523,BEARING_FAULT
0.9124381746615242,1.4599593209642978,1.3911126279727133,39.95135027760842,41.137657441798936,1.9816849528946705,98.67830644355628,0.1263141994832002,NORMAL
1.573844510455721,3.079266214837551,1.4738991275827686,60.091986891549524,58.80272453117208,1.0119543520969305,393.2690646840602,0.4439531271757271,OVERLOAD
1.0570890510693167,1.327575402700637,1.4562555313479246,33.177320406893074,43.954565974018514,2.1183493666889928,90.06137325165147,-0.6683451948468017,NORMAL
1.799119109034594,5.707699492632869,3.2426693343712376,65.1287351488916,57.517061060999566,1.7003372009464486,108.2908261924124,3.9253698341051386,SPLICE_FAULT
1.3913906952388946,1.8205353494897276,1.4742882999514653,42.17534844211695,58.3251231559439,1.8320111460263813,111.64990882563923,13.146825404820891,MISALIGNMENT
0.8922255222070694,1.287256796741608,1.2617433307422654,41.71683905881831,44.09370981761708,2.1249618905296668,104.87560297086719,-0.844324037183071,NORMAL
0.9598779528114164,1.5228140658539369,1.327493795430543,34.954717424516396,44.46103203783737,2.195325913752657,103.63115627744523,-0.5706404302001128,NORMAL
0.9584712086099199,1.517040274361352,1.3433515541897045,35.12854725531487,45.8170605003203,2.1331339061988404,94.90786637400865,0.29156367668197275,NORMAL
2.1641636796231,5.128822029551968,2.5725194966423084,61.45649590365444,46.18736444327493,1.7361401754051988,109.5808001029734,5.5228050998722304,SPLICE_FAULT
3.450675360373536,8.53466658368493,3.646387002714724,50.82199316831577,94.68052746540475,1.7503253601216269,107.8686384281935,0.24549225050305834,BEARING_FAULT
4.019416531907633,8.169904068818791,4.912976104462973,39.171309206316174,86.37726935685153,1.8931496348809103,103.29407335209932,0.9933764509470975,BEARING_FAULT
1.336416493651647,1.7656975586038908,1.5102377241094582,44.69553511365469,51.26002107816416,1.8008472958895367,101.26312514586999,10.496896199631728,MISALIGNMENT
0.9857620514978707,1.4262206162018365,1.479974276677565,39.06684004635698,39.500831828997725,2.0126177903661966,93.70115447636189,0.4892545350763276,NORMAL
3.7016375327775766,7.175923938808408,4.931913672077884,48.715404984200894,93.91387477394083,1.8180524873065758,111.89382542975625,2.2387252271169333,BEARING_FAULT
1.8835122554819872,2.5959542902744537,1.5577516954607211,74.40674905877398,63.019585207416874,1.3889518108581702,358.39164270236205,0.770379243277896,OVERLOAD
1.2977929647395638,1.8035372858127392,1.3896117799622096,40.04114953250376,57.58703712324355,1.8417938665906988,122.14329942556597,8.868634604360867,MISALIGNMENT
1.852030983414227,3.029100444915698,1.4949919401143534,84.72656712433243,63.367144063768464,1.0450049181996601,414.70411846740416,2.0113724626371483,OVERLOAD
2.087411449085974,4.950224171797264,2.448784768974928,65.5175648495569,56.74099414232224,1.7124689647456286,120.12890219940925,2.046809021488261,SPLICE_FAULT
1.2171073300216708,2.1043245968146076,1.5612228195726332,39.8912656858813,54.791364281739355,2.0059950169762377,90.28937970892267,10.304950114962285,MISALIGNMENT
1.076743472915291,1.20064143560263,1.2969679265959242,39.5261750696898,44.48919725363752,1.8452696011061636,110.81984809249943,-2.854626662904391,NORMAL
1.9056738210115958,4.9614465971458825,3.1131301080922014,71.83166522430122,44.372732010279286,1.9136367418699525,109.23160112654952,0.010697140057587262,SPLICE_FAULT
2.214289597105822,2.799817455303313,1.5930533319324591,67.28040464344299,60.07954329199816,1.2287559847958192,402.41176483472367,2.1195598627380585,OVERLOAD
3.6906454028079256,8.0901481601283,5.12783876287055,42.55911722984858,78.72710772755009,1.615131841375466,96.59565237330293,-1.977364470528748,BEARING_FAULT
0.9251513463443446,1.3737492940155178,1.605448605427589,38.797634688956144,44.4424552863548,1.985297457656915,94.20875890364253,-0.30964971398806124,NORMAL
1.8615290555270754,2.203088961670449,1.6191741614146908,42.722630271601226,49.411639258183015,2.0526812663577263,99.24328927342937,12.845955130280862,MISALIGNMENT
1.6397482711461548,2.0319062939178276,1.6680622812327377,43.32498769255818,63.261055779785295,1.871193720164872,95.409683268211,8.097547402197684,MISALIGNMENT
1.5365627749528354,1.829844358879689,1.7085194947448852,44.59586926840575,57.01953394661531,1.7093763379910618,97.36576364880496,11.537701572801984,MISALIGNMENT
0.8857029702169377,1.3535707367394896,1.2974484576822884,35.76529206558065,40.52429265748138,2.043731318703896,89.84121173010021,0.9427885141400756,NORMAL
0.8762184501173151,1.4752993052482888,1.318029105150832,31.111457140588286,44.195612112864886,2.0876455645502934,91.09682151980128,0.5533889830744267,NORMAL
1.0216458589581976,1.2397617664218963,1.4152589770031438,35.0793614008866,43.389554385802754,1.7974192126888622,94.71702953337021,-2.230468019124459,NORMAL
2.0704703533019884,6.097619501984515,2.5215971956936953,84.6287326521041,53.22838829875451,1.6622100891007916,123.98139519479483,1.1604605752663746,SPLICE_FAULT
2.4190240277612793,6.340641613376302,2.8309762158362584,67.22271861688023,59.31921046819391,1.5735386036614374,107.08192939171904,3.8017288810979886,SPLICE_FAULT
1.0296120277064575,1.3891359626690543,1.4235261186390216,37.223611811998694,41.163111209004576,2.104172466405885,94.28253958043939,-1.055089368176695,NORMAL
1.5560044382595268,2.8964957978774755,1.5548463273540571,71.66978884484631,52.96594727697564,0.8810319992123002,392.83030313029786,0.7330206880729824,OVERLOAD
1.7956945600157554,5.302877666746876,2.6177588165682995,63.26392587774438,54.311715607636614,1.8560108178284958,106.98569691004226,5.047891618326567,SPLICE_FAULT
2.2502051244421035,2.938646228817903,1.5450054671185147,56.46764901699241,64.30342710684315,0.9776612343171276,400.98350271819623,-0.7572246949564794,OVERLOAD
1.1989891893314097,1.8633398580947604,1.3965976845437211,42.09142924176189,52.7264777251704,1.8407534544619484,101.52525882897616,10.328428122040501,MISALIGNMENT
3.0459951607255724,9.26889130513705,4.930075397936273,51.39069998681993,92.30081851223795,1.6916549718069611,106.39351207898929,2.572225032720109,BEARING_FAULT
1.9571066620889066,5.892578436084565,2.6218168722992723,60.980532480785165,55.145520335742056,2.0173206862465625,103.21591539574013,2.7872697531491326,SPLICE_FAULT
1.9797985017132549,4.1238027865776035,2.545552452583554,60.713496583522385,59.42618306824989,1.881028988088457,105.66235753183739,2.715642125039796,SPLICE_FAULT
2.2083899631935884,5.091567034529377,3.279548616681595,82.0981413501176,52.03628135294026,1.7636576584536767,100.41583765331782,1.9203588477698006,SPLICE_FAULT
1.7042286211875588,2.2390805014135027,1.4715204443352567,64.27701551660384,60.08714476479051,1.3410528512373923,415.2152606110011,1.1607179946063524,OVERLOAD
1.0193999370954145,2.5677190232787837,1.537755473283791,70.96244157720774,72.62254638303747,1.29469102903027,373.25239307193436,0.618438374460157,OVERLOAD
0.9838714288333991,1.1632044991771315,1.3929207874856324,37.67809356798731,38.74454842032661,1.9270397530192591,98.59624941094664,-1.307369782230964,NORMAL
3.257737746595747,9.433425818890687,4.4625907898247075,44.60882001166319,70.26747506812352,1.6613387147655003,101.8388371936959,-0.40731610819015085,BEARING_FAULT
1.0377300493044852,1.5136968515968614,1.3517049318937555,38.20803301110875,41.534222853525755,1.9772523740046593,105.71179406219208,0.7391804947015679,NORMAL
1.725714032557384,2.756489892541473,1.5053384272479022,73.30922656276427,60.04033379705568,0.9102181946002705,430.48665166843494,1.0646881464295737,OVERLOAD
2.005995004753898,2.717355305446293,1.4740278828923468,59.50620622184924,58.4680228645674,1.0922430814159594,380.5390974504941,3.5239943719721705,OVERLOAD
1.5028384619447623,1.7298773494096102,1.814241670959154,39.43951355981598,53.73088456247812,1.9658143036002562,97.63462616631465,11.806599208333648,MISALIGNMENT
1.34121848519197,2.0406285084440006,1.47945724341104,45.57327204943857,54.69487472686253,1.7512138296509376,125.05448905356894,10.317814135716784,MISALIGNMENT
1.0064280019095462,1.5395486574876855,1.5144965703952258,43.40153354453256,46.21010991037557,1.9153149033874635,88.23826663445219,0.35037021638633825,NORMAL
2.0762713511766884,3.4446118881811154,1.4530270203510403,66.675440607326,63.729282590492886,0.998116709417285,407.35250371916794,-0.3160336027323405,OVERLOAD
1.4160754872889394,2.1206435144107316,1.6027383257610215,42.874136954447835,59.17727897555557,1.9622944030413307,101.4425352228204,10.930116999082735,MISALIGNMENT
2.211318324260524,2.437455338719277,1.3814185088985056,68.47436943616802,62.689879849132446,1.0657458811013543,382.3760878606893,2.8225984083874582,OVERLOAD
1.6067704441192256,1.7663713903344465,1.5311570205866352,44.61645931705216,60.32125619061502,1.8012134089860228,100.16374241931294,13.515226225153302,MISALIGNMENT
2.081086427798731,2.328902255724095,1.534936355348238,62.04940032406278,60.001593057325344,1.0964573030872315,388.1582177282162,1.4928446727812732,OVERLOAD
1.7207637345012634,5.0871947110930975,3.2697887342062635,72.51547225058168,49.678111178810184,1.8135150681016021,84.50837198141917,4.203835661282765,SPLICE_FAULT
3.9404878322910837,7.875950364241217,5.3368718769917125,50.75211488749305,83.65894779609309,1.9331434445070594,103.62708932089633,1.6186107869439197,BEARING_FAULT
1.9676195956344067,6.533015567281085,3.0435018952957766,64.86580565088667,53.57534590678411,2.0372440181005858,94.23287909140589,1.1950326343522395,SPLICE_FAULT
0.988767195030917,1.3065070870316242,1.4537595637248888,40.04064831635135,43.2258219231053,2.0175286778933925,90.08303336559689,0.718417423471641,NORMAL
2.3232762981645316,5.2830446199583925,3.3470114368873616,67.93384603275892,60.62916089505875,2.021841160564235,90.76117227867795,4.211870923915418,SPLICE_FAULT
1.2622681750235312,1.595942641551878,1.6296254742198122,45.573782044895495,57.19934930201031,2.119041700118842,89.2410617127574,11.78491203694104,MISALIGNMENT
2.0971061534193765,2.68287724407351,1.528191802075105,64.25270912188145,64.0477094412647,1.1197327460266244,374.550645832813,1.289198188759403,OVERLOAD
2.6195873831678242,4.813055045416614,2.7991924291105335,71.49690449932459,52.563300369804175,1.6865402513694534,111.5987546128489,0.7031077291675025,SPLICE_FAULT
1.8885511715432957,2.473409547082288,1.1624420899822399,64.52090507907323,59.61357381266853,0.9077877530332962,381.65624026977,1.2879906829334014,OVERLOAD
2.108565912480518,2.3477341166099737,1.4988099176905771,74.12384057610227,59.82296280477325,1.2192851373885774,380.85697288332756,-0.3830795707661401,OVERLOAD
1.0954001763493202,1.523637346122448,1.3864710217665288,35.69257295063811,41.395525398157446,2.1667224111551135,91.43501762590802,-1.0584406336416528,NORMAL
1.0241962271566034,1.3835962351583786,1.2925274187544642,42.83666188476627,38.63236558126676,1.871283643141575,98.20906714983843,0.7978437798957666,NORMAL
1.7692135065915955,6.44957142624043,2.72150942299618,63.173176687639774,55.701814533604214,1.9202202493051026,108.61929564734008,3.3010729779552035,SPLICE_FAULT
0.9751035851520926,1.347077448928682,1.4235383147660163,40.23257591449981,41.85330844957768,2.0425843658629828,81.48157268425342,-0.8873294588557712,NORMAL
2.1925125272293964,3.163428251089729,1.4214682079736762,63.91515532947664,59.947217825595736,0.9795917425662626,359.9270971958686,0.7088798015003577,OVERLOAD
2.279584534198282,2.8224662753114673,1.5056706648839266,78.42182646236978,54.290069646536594,1.135133062039934,385.2147057573454,2.27966539667461,OVERLOAD
1.704538085970943,4.586676817044488,3.128436966920855,71.42878652957059,60.45881745458322,1.8578202009299842,97.7423012722464,-0.4676731725083907,SPLICE_FAULT
3.0956474013641593,8.153153637875688,4.09380932265498,47.608671540462744,69.06251546920629,1.9274184382656496,108.45270509612288,1.4009670210809568,BEARING_FAULT
1.2861852113096937,2.136797488639378,1.3466031873780064,38.06351039641345,59.38776256746766,1.8922178563863525,101.94955092412188,13.69388248877799,MISALIGNMENT
2.0709777646840952,2.841202397369531,1.3661276293864426,57.32758487108446,68.38211708922037,1.2558090589163275,355.12569543669787,1.452687895979309,OVERLOAD
2.030882300460273,2.8820843743497115,1.4784169244563845,68.58903290200877,61.4728840027016,0.9655500000542008,371.19705793060064,0.30261547845291914,OVERLOAD
0.9169049883588962,1.5796837624640143,1.2720376556263489,40.66296627762151,45.77144765058772,1.9466399693560834,102.31842092134848,-0.038742894989543024,NORMAL
0.9021236284217693,1.4162987945300578,1.286317931455721,34.9881278837555,38.27471827355512,2.100713333647316,84.34351968394404,-1.9493717553224232,NORMAL
2.0095613553687275,5.225541497494963,2.5534969006805284,65.43549333561188,60.89362043292811,1.8013360769885052,103.70784147600207,0.31837439688043534,SPLICE_FAULT
2.182595471681821,5.93694286438352,3.362666085388556,73.72820831072586,51.880428990775435,1.828599393500634,89.74208259218273,3.057554317817524,SPLICE_FAULT
3.539410409962155,9.539870689663893,4.260653905530404,44.679451728480764,91.25143135572422,1.8546255094713617,111.54641992824503,-1.841699336004873,BEARING_FAULT
2.456799187091964,4.848428359852879,3.2350325710647216,69.3599095203211,54.209529815704045,1.8296323415257376,91.6348736924141,2.6362846293927453,SPLICE_FAULT
1.0099332305429225,1.3741318856057962,1.4067561453711233,36.32509473816191,42.294202618616836,2.127951866976016,95.45205282622307,0.7228268949855121,NORMAL
2.3500999621961878,4.373985801197275,2.969162237519061,67.80507865214399,50.026413629820404,2.1132710182165333,102.65863066319757,0.2484374498944899,SPLICE_FAULT
0.9780899471191136,1.3424888246520574,1.3655685964189794,39.50534820850263,47.961827997692424,2.0194051943605875,90.33753680246745,0.019381237698025213,NORMAL
2.791203517439947,6.350246220005887,3.146866466424608,70.79979448551413,50.21766428130195,2.1314365476166195,81.46845490152495,2.6948209553902047,SPLICE_FAULT
1.5138236624245414,2.1163028172599483,1.6918268051070673,41.808764143488105,50.95540448654738,1.9377263259342226,103.04492201680145,12.4543359777842,MISALIGNMENT
3.4953640862724713,8.128780398069724,4.96899480014567,46.40809931515712,82.24523276053033,1.820973790698908,118.99903441169559,2.1398518676755165,BEARING_FAULT
1.7929548590316229,2.6978978551351287,1.4813426746944636,66.24752040430374,62.264371633974456,0.864018059065744,384.3076947643848,-0.17429976544623704,OVERLOAD
1.7017566572452159,2.5473703930835834,1.4533772608282889,58.18174899977686,58.02466546936395,1.2221803189542988,401.6067205071622,1.4670849065446407,OVERLOAD
2.397059818992851,6.326419947268691,3.2018716746297713,60.183847087821874,52.706165851669034,1.7953989505134635,105.55669872838624,4.939287773316848,SPLICE_FAULT
1.5191900574417816,1.9214415924080266,1.7168306393014388,42.58523077626781,59.815021424030384,1.723186896729328,99.35662352620834,13.221822289468866,MISALIGNMENT
1.3229149060026735,1.650035932082127,1.6089734613073283,45.87138222412905,51.43515735026364,1.8779271243041633,104.84591378839275,11.215520110905086,MISALIGNMENT
2.25595186506502,5.20104134413525,2.7118773240500835,79.08572135357034,50.33919472567319,1.8448352081316093,93.4711195611325,4.436515845239453,SPLICE_FAULT
1.0322718560338089,1.4183720736278644,1.4694150855167618,41.84493138501131,38.60815399518742,2.0458168114788697,111.16833775529955,-0.5376457577798165,NORMAL
1.400472159035949,1.6888721020402806,1.6807885950908996,44.43511671483979,57.81709980061577,1.6781430034048899,106.38543317267599,10.613835851986774,MISALIGNMENT
1.8426915591531452,3.2741019312468906,1.4796831471015321,68.8563029157889,56.50377967885463,1.035181843530587,359.3793669692512,3.1770631916055727,OVERLOAD
1.788093196875779,3.1403919099463167,1.548684206896749,71.44019949466983,55.81830731751856,1.197437199746926,366.30113642834283,-0.2479566621177971,OVERLOAD
1.0774634053429337,1.4259518181306614,1.4038545081015967,38.58076973410263,43.65975365995435,2.143633540570598,98.04609648822976,0.6620518347584732,NORMAL
2.0718668353802108,6.559745445803112,3.502784633551812,72.67928439071143,50.201963438940794,1.963425717470046,110.07419182382428,2.241990868727001,SPLICE_FAULT
2.4232687358684792,3.896675569317191,2.775038738319813,74.14919262550553,49.71347706234343,1.6948551521354565,112.39632329301116,2.598301945914892,SPLICE_FAULT
2.4546510387938567,4.3515965031919075,3.1180068833156427,86.51279694678024,52.89115456117047,1.6929387389596402,85.72998077218452,1.275331083450274,SPLICE_FAULT
4.629666803761092,6.817782313797347,4.122012354342494,47.483319781159466,81.84673522779141,1.7125605756601099,103.02471395708785,3.5560439833574637,BEARING_FAULT
1.5436898082823525,2.1724264807370157,1.494011111455667,42.96751398086971,59.974789851616535,1.973513211305409,87.54948776496005,15.053634232084786,MISALIGNMENT
2.0860806624898482,6.123664835338355,3.385906799603033,69.81253585301117,55.858268849844485,1.7941095928307047,98.03764689930831,1.5607563185367914,SPLICE_FAULT
1.2307906167788458,1.575323494011751,1.498783496607769,44.47920995199157,55.081389332186994,1.8886407838298034,107.79828640755049,11.73852755529981,MISALIGNMENT
2.468041868327797,5.4495222501104585,2.3476497930899605,74.14102189526426,49.465414734923726,2.0405231561871373,117.8876522322982,5.702308124038231,SPLICE_FAULT
1.4597220897683805,1.8692189546050624,1.7144122224332445,40.36917931172084,56.76059940460669,1.997784756465433,115.84494375157058,10.17310259305641,MISALIGNMENT
2.368158785461154,5.6839073238818765,1.9076612293421618,78.52028663687793,53.9575368448986,1.8930257256655074,100.63442890796864,4.35088128991173,SPLICE_FAULT
3.3863441781244132,8.877938149938165,4.50860979136528,44.99371277050722,84.47576707608839,1.7721291584850334,93.67117186645727,-0.5075127379829092,BEARING_FAULT
0.9892969640045443,1.3469335114810266,1.3634768781015691,40.6606621702919,39.84624332775719,2.108876965421667,114.62195938717636,-0.3152966552861244,NORMAL
0.9300274492007414,1.4878518840446524,1.1802516080793124,41.70734657546646,38.69312355049073,2.0156693728246524,90.49089270312768,-0.5655763678739903,NORMAL
3.483487690643052,7.372926608732253,5.171388482211501,39.51897364316846,82.54581852269095,2.0339612920925947,107.7845878944741,3.093858008600044,BEARING_FAULT
1.8775031298608784,5.387497669762737,2.9988305972140856,70.15406286096412,57.58513822412379,1.754686178343796,109.17530516400679,1.3138481385172036,SPLICE_FAULT
0.9400607354555978,1.4010549074141958,1.4418909879542974,36.92766373156872,40.0507043194552,2.1190548594343595,116.40614563488288,-0.9845340504819681,NORMAL
3.4558395344393644,7.543939728652277,3.8009509926590623,40.89585900977904,89.72289766491957,1.636809981205639,98.24281997584468,0.1761040707847299,BEARING_FAULT
4.078729136044614,8.445623697990243,3.2448889294797936,48.99752378557116,90.4612200583407,2.087677200241,114.71088338382202,1.6500729416666178,BEARING_FAULT
4.016170129846745,8.310286034732476,4.204779614898363,46.77024971609123,96.59433942723061,1.9056507901721393,102.26007526836956,4.431993815193734,BEARING_FAULT
2.159138301718316,2.6824988171487902,1.5522020635110767,60.448008790743366,63.40996649627073,1.0903534324821131,406.5087364691292,3.728615785293708,OVERLOAD
1.2088651821384806,1.9441167075474721,1.7398540101564282,41.62040226075882,66.32801606843263,1.9570487330863573,111.37776780668662,7.5904485115439115,MISALIGNMENT
3.051886874442374,5.824496926230695,2.901410409419912,68.52720214151637,58.66420903498817,1.824313067524158,128.61318651757836,5.7743321233424965,SPLICE_FAULT
1.3706452203279647,1.9151152745340074,1.5309754769100252,43.03835198639317,59.53067276551378,1.8958751871020796,96.47546268362258,11.625644473533693,MISALIGNMENT
2.1935745115142993,5.479023582307971,2.8203855262307833,59.013246223131354,55.13632253817237,1.8413113823218523,113.72721179823112,2.3930238520024294,SPLICE_FAULT
2.379605507663045,2.569469344928952,1.461350510967721,58.80480034274353,56.69926066331762,1.1573175755888778,367.3339794558577,-0.014509573645318241,OVERLOAD
1.4433775509678086,2.1667771491001147,1.6092772858646773,38.03295769595012,61.10673369984551,1.863750099711793,107.98566673110591,10.132019075568087,MISALIGNMENT
3.831110085748767,8.24584748298907,4.3910158075196355,41.76095783360027,74.43013009869047,1.6581797490008012,100.5830989557152,1.5281665850819204,BEARING_FAULT
1.859197566489345,2.800877790003831,1.5206677628539116,68.97964028758686,53.070366670148765,1.3144279487788988,357.60309943190265,0.2169485652373655,OVERLOAD
3.7515756438785894,5.69938125789738,4.323909775940207,42.48070078301436,77.1522326517914,1.9842491565816693,99.05586301422028,0.2576914415110543,BEARING_FAULT
3.0538319985879174,10.299266158407931,4.6205394882029065,47.06800121005574,79.00266439243269,1.8997144634586545,114.2918956154771,2.1531234790964113,BEARING_FAULT
1.4844973606087066,6.357864915708925,2.7393524730973002,68.29621132907846,53.12608074980804,1.8827706630235868,94.22989769795096,0.7072646593080618,SPLICE_FAULT
1.3898192927450777,1.4692538852417076,1.4936282642795435,43.810937216882216,60.220725855436285,1.6559295985224916,113.28646411544644,5.509400892655231,MISALIGNMENT
1.0529804177915283,1.3319933295560968,1.3556041730490547,39.476056543978395,43.92143938560247,2.0879417041137405,103.81309612264785,0.00161903135694112,NORMAL
2.892631205596284,8.450175888065663,3.809805076637966,47.128464536745525,94.60640655542761,1.9829914798849249,99.75771551895413,0.3508793157796055,BEARING_FAULT
2.3262406721976046,2.3944877403926057,1.423033359098861,68.65705937727463,61.19733494390218,1.3422174881370992,372.98276043665317,1.385027846337218,OVERLOAD
2.379834087772661,1.8944329688296622,1.4546740474052957,65.46731436188405,62.666625153071735,1.197440729766933,356.9939142464626,0.08011927802489271,OVERLOAD
2.125272502327193,3.079868606558142,1.564914772107042,65.27876763892513,57.82589693566943,0.9776318412247142,345.716279150108,2.7942005756366606,OVERLOAD
2.073321107251213,2.574649834112836,1.5646743935418645,72.24501916971153,49.899717927383875,1.0860109001687355,391.9701427773156,0.307036603043074,OVERLOAD
2.252863811691587,5.358144436977592,2.9405130886545847,54.17796454764971,60.992868354331264,1.87123510996878,104.1975295512755,5.019403638375292,SPLICE_FAULT
2.007240349358129,4.546898118155097,3.4039314948640644,66.1078615170413,58.77513896759824,1.6781576442534947,105.70613971947856,-0.18909195023800018,SPLICE_FAULT
2.046985444108189,2.5095614206443018,1.465283851758155,70.48226991405555,68.01422123588985,1.057818130656757,374.73925476815475,0.21534353967325548,OVERLOAD
1.8697767740240592,2.7741513687701516,1.5899561376738307,60.82591553500091,61.37234167818283,1.0942608076303768,401.20865029761626,0.6151077463157147,OVERLOAD
2.002171933835106,5.364013225860215,2.8233344143948247,73.25314639960663,61.49096955848305,1.8534474430965566,100.31993193550433,1.4796864407466497,SPLICE_FAULT
2.0215539068637773,4.860007978648736,2.7252293920301147,69.03146384643115,56.98138769943436,1.6072548611325095,109.5985650505946,5.331358161027792,SPLICE_FAULT
3.7669421137818713,8.014202036938629,4.354333996937527,43.43892987627353,76.95443930145446,2.1190946120624354,97.3973760029652,1.0078360674596385,BEARING_FAULT
2.362474879599824,4.945417498911198,2.4408783591876624,66.51086080464677,73.05675031407834,1.6245371703508222,116.00646686857405,5.99568954725429,SPLICE_FAULT
1.730421233342693,2.8533489399116303,1.5011369908798493,63.168145078888614,57.97248316722956,1.3782481036220986,382.56019327384683,-0.615225460440584,OVERLOAD
1.5292541383320684,2.7719172929900897,1.4162176938832218,50.70342588756161,63.95195538267735,0.7309346266855693,415.5289829347018,2.2819409658260543,OVERLOAD
1.0074094780419776,1.538878411594804,1.3177081229406404,40.19229235719958,41.100485411175356,2.088903712227989,109.56703186385658,-2.914255989816941,NORMAL
1.3193864647520153,2.3565993234087443,1.5675664453256977,66.80745488054833,66.66605280690023,1.0258253039277534,391.7051657864026,-2.925669676146816,OVERLOAD
1.0186454314769429,1.2301975151113451,1.4785876460815994,36.4731091228775,44.82393174230245,1.8745077331997708,103.79767636040896,-0.2725447213618092,NORMAL
3.367362488427382,7.992733764723451,5.215817993468985,52.04600757396801,90.58860384689616,1.735358429927216,120.69241181284708,1.9102823512125258,BEARING_FAULT
0.9925554084233833,1.5535747641948046,1.3879758586303963,38.42882928429112,38.03262612976929,1.8130183660467836,100.3944704824074,-0.46458107811561833,NORMAL
3.7456423221158737,7.296786984839639,4.569726233014599,44.37676367127237,83.97602419829283,1.4207993116469266,112.93945803632172,-0.3885040904522268,BEARING_FAULT
0.9179317681648289,1.338472812033042,1.2721544847294757,39.93564675785017,42.76615126702295,1.9305399630836855,108.23279915677705,1.195480650825479,NORMAL
1.0280991867735032,1.4208785796830772,1.2279474948343925,36.64025477293096,44.27036603996095,1.9372266093915493,101.43048769878952,0.8811467208133691,NORMAL
1.2122156197012632,1.273513544723218,1.3692602543590855,36.02565053277423,43.53237626558278,2.0638660168643104,112.96063061781396,1.149672018878747,NORMAL
2.4853170587444398,5.545661449881153,2.4755903086998368,68.1218912672731,53.383688703062546,1.6295620206529826,110.72878949918787,2.0898979140414204,SPLICE_FAULT
3.0405666739045043,8.440445546260985,5.254773431306316,45.56684716127003,82.08972376312103,1.740145810267512,93.18809059404283,2.9118845950033783,BEARING_FAULT
1.9954664391229795,2.623991623371438,1.6315821840016222,61.2376949273159,66.17971601114051,1.2758412439412103,360.14194460247717,0.1265994062368343,OVERLOAD
1.6622205603681253,1.8269518045020305,1.620889320261239,38.9960560374061,55.74348567828168,1.941156571916428,100.60785372501303,10.141925503814669,MISALIGNMENT
1.299522107628027,3.254834854106513,1.4424813550356483,60.376292299247964,63.05219909904746,1.1436925498535386,472.8976668842765,-0.20462687107858923,OVERLOAD
2.4138414414864586,5.005346026801992,2.799856784935605,79.49617604520029,52.28942106658559,1.7396227264218913,91.42371069765194,0.9275914389196727,SPLICE_FAULT
2.083829314099327,3.1650170477493837,1.5778774307977783,58.02949219894153,65.36559013399688,1.3622203358786427,385.03044000347717,-0.7559937953002835,OVERLOAD
4.276698448820682,6.819509802893648,3.456575735342031,41.6462069964097,86.95061541293411,1.8026121373497348,92.95185659062545,-1.3962504010861245,BEARING_FAULT
1.3046885179656893,1.5748911932875878,1.3169769608744712,43.764230025503494,53.76751098565546,1.9604051644921623,78.85306400926265,10.7606821950537,MISALIGNMENT
1.457475228463835,1.9463214948336183,1.5932530011551327,41.22597439140717,61.154378017980775,2.125403810892112,93.83928784663676,8.574685734753373,MISALIGNMENT
1.4051044379520021,1.6010487707100711,1.6198138124754036,39.78678988594548,64.9596044383996,2.0284104695178895,105.5982844882806,6.893026902688223,MISALIGNMENT
1.8725265117835919,2.740429243935712,1.4935796205047287,68.65970832399186,62.64317407667279,1.095726631323441,423.0826803854605,3.512694909535339,OVERLOAD
1.7937085250636156,2.6823311165967927,1.5030140661315177,67.75745292986639,58.66726347859626,1.1022550888312688,342.72740978502765,1.4347450628060674,OVERLOAD
2.0587508870488658,6.645265764026641,2.613008292064734,89.57792783383006,57.02373752657752,1.8198938984501158,102.07431802439667,2.6755206398706215,SPLICE_FAULT
1.003526355197173,1.008174885524391,1.3405545178407139,39.21288426488509,43.45162995356412,2.189728869477311,102.79267838216526,-0.28321803894523256,NORMAL
1.7312242379708112,3.014163233227041,1.4303058539861904,71.36905494305506,58.36337212463802,1.217495635563307,339.2239619401003,2.9838226942474915,OVERLOAD
2.2636551571218297,2.853824251314652,1.4015053874882968,66.07817228663724,57.241310740838536,0.9380789120638183,415.0187215215134,-0.3667550900372669,OVERLOAD
1.0473832920911788,1.372180334843385,1.3813443204322038,47.41324560097998,42.010126519791484,2.010940847183297,120.42076040143743,-0.3240681752089702,NORMAL
3.3870751832300283,8.153753799566957,4.771387336956281,37.91188868630383,78.2396919062698,2.07335892488271,102.94348088146613,2.6653827821402873,BEARING_FAULT
3.612941065591861,7.878909677139406,4.156969236728161,43.97306478607979,76.55324290052927,1.5691417617644299,106.34907116338128,-0.3141336808377515,BEARING_FAULT
1.464832503613888,1.8960411310958583,1.442548644688995,39.30824098151623,57.663848464019345,1.9327072374877845,84.48462579031873,8.690731322542312,MISALIGNMENT
2.4353581781426916,5.41425118480409,2.397780372859178,74.09415197031934,55.878768258440424,1.7449946366686435,105.84970981319697,2.9498397475876095,SPLICE_FAULT
2.910088583504642,8.865902969058753,4.054584159934609,40.193858421042854,68.34022418637863,1.5737886180298486,108.69979213880747,3.3279122615017447,BEARING_FAULT
0.9338213535231612,1.4681186878171901,1.3892779961310602,37.92327706342402,38.90242828941738,2.0184710474781085,90.31954241489754,-0.3405987069098615,NORMAL
2.036333865876542,6.217111241441859,2.4306849193790896,72.00213474983603,56.26224277476832,1.8685567950351618,98.59376948771823,4.486384038289712,SPLICE_FAULT
1.4685032016095598,2.043098619353897,1.441202174581485,47.031347610560616,55.01503205789534,2.1210689726015763,105.30867162067149,10.909911763978153,MISALIGNMENT
1.7553644888697963,5.327541875064275,2.516148166187639,81.95499268083663,50.10803529936323,1.845457917102786,98.43787549872373,3.319147914813315,SPLICE_FAULT
0.8584629257949585,1.2872732375377154,1.296552763708556,40.09086321353221,43.711838991658595,1.929310743201265,110.65171965714387,-0.4235985817281771,NORMAL
1.0021003841632758,1.3834825830924409,1.3402601993293375,36.460359300585246,35.699920477045126,2.0416446038101452,99.08155235665045,-0.912810919296513,NORMAL
1.2606811877821311,2.1393821897522702,1.5665194329041656,42.097916510072615,54.34071345792057,1.944943351594726,93.51001479526842,11.229690180555506,MISALIGNMENT
2.585815031159028,4.807228859477364,2.3935285952489633,69.83657818996122,58.89466090260255,1.8833064764191836,102.55753103492773,3.1599531539145183,SPLICE_FAULT
1.5678867376346144,2.0383237150242777,1.5315202801762602,42.84610265762803,55.653267667866444,1.8619963153710646,105.27480833027731,9.002127247508817,MISALIGNMENT
2.143117852944934,2.985228589278197,1.5917772150551501,66.11655812525561,58.237034514677966,1.1460045413044757,383.9525032924187,-0.2998558316382449,OVERLOAD
0.99404746439382,1.1681107062003322,1.252056141096851,37.58788463480181,39.314790473170184,2.0046002747253273,92.10661494280326,1.849362141386381,NORMAL
1.9609309158237394,2.5620336408378894,1.3327595474187648,63.19678408892739,53.51417851817139,1.3634152384540301,384.2140092720457,-0.26710611318676425,OVERLOAD
2.1199180938581126,5.203304438870711,2.9024094560092903,58.95154622461001,62.37156469645863,1.936431382826313,120.54430900516641,2.474082447726052,SPLICE_FAULT
1.0385317379728838,1.4763783423999486,1.3647744244691928,41.21045071494928,35.259331998046186,1.8119989966092236,96.74388947851496,-1.357517539841935,NORMAL
1.9498572048360578,2.8649664215134614,1.3318623108284735,56.74910364775818,54.43906849360721,1.2693435102774422,360.986340626666,2.1750770862313598,OVERLOAD
1.6114099447965056,5.28121476752972,3.1318525041307383,71.07486773351273,59.05167314228723,1.8923299530350617,116.1474533796822,3.6867669059814627,SPLICE_FAULT
1.8811163883161612,1.8302303702462699,1.4025547452389704,66.56710724767777,52.333039555406344,1.1724069140834208,404.6702689606266,2.628507863775457,OVERLOAD
1.2720169166589619,1.4244806517060815,1.496080777083755,39.22115686137361,47.2758614525854,2.0515628088443956,99.13930307209107,-0.7764991404930003,NORMAL
2.281014884033559,5.276224893872125,2.4770380027524705,82.10058047486552,58.459209020044284,1.9538483924002688,109.63522667904823,2.3582556275579125,SPLICE_FAULT
0.9177779604433569,1.1963634721594927,1.3477988075959493,38.49428252370955,43.24459650108573,2.0706078913815134,103.79153118726124,-1.040193719815898,NORMAL
1.441819971857819,2.118361067814929,1.5070304664584817,37.77873841564795,62.253596972303235,2.003265751662201,106.23342300674828,14.330284765087562,MISALIGNMENT
2.457794283891472,1.9568115050145747,1.6346103423862481,64.3035751392771,63.84097064052924,1.291287051938296,413.3343564561339,0.9326206927683502,OVERLOAD
1.3421491053533228,1.8016086190261034,1.3726865111696667,40.48143281674399,53.49775769310987,1.9975823337288563,95.64922758423684,9.96803802130184,MISALIGNMENT
1.7348869387206283,6.1681128120750035,2.9981423314324673,76.12316155749345,48.81808935796772,1.8586461020223988,90.37182997339002,0.8404802465519547,SPLICE_FAULT
1.2969478850450753,2.1180366942040894,1.5061662970155338,44.59274515409591,59.93293114952596,1.758373114065939,104.58389009957068,11.801283276679673,MISALIGNMENT
0.9872082408519234,1.3081617438710569,1.3822984072269289,32.82257981362821,35.285306300025084,1.969781941301738,106.3366102477406,-0.23130094292969944,NORMAL
3.0132857435674327,7.711436399640341,4.1362671468831635,36.04083347853552,88.39935681914947,1.781601734953857,126.71993209494292,3.432315706599125,BEARING_FAULT
1.3670495821473558,1.9092012773472682,1.6390186753268152,43.99988365037067,56.47022784234204,1.967469497780862,115.69628586939493,13.55686991593143,MISALIGNMENT
1.8395446490139147,3.1559246771552827,1.5000559992339695,75.07144378609254,64.28024047387757,1.0309150955360664,382.43373750255506,-0.408579715552956,OVERLOAD
2.215711851917499,5.682215556352718,2.5365348761000126,70.71897984263268,52.757547845667844,1.8264236930538171,114.95507582117459,2.671111709279196,SPLICE_FAULT
0.9396014813284179,1.2483646382018008,1.4300836874053713,36.82396208024261,37.10858026885458,1.9964174421293537,102.43530204186345,0.09781329309330739,NORMAL
4.231589902501741,8.143543617035947,4.431417544562942,45.139076992377824,91.97475655899272,1.6926993646358,111.3942804219255,0.4015763843546962,BEARING_FAULT
2.060047741794965,6.250947629609618,2.5175191790918463,71.80710844439103,57.37291909846972,1.6213311976432965,97.0739712889768,0.5231705903942434,SPLICE_FAULT
1.4124248855777148,2.144789750629201,1.5480117908212976,37.2960352033192,62.257955229465985,1.7556074452926242,93.16151099500424,11.497787938266512,MISALIGNMENT
2.0804984131933746,6.042849881955295,2.921633922909349,78.12211352066865,51.48729185224187,2.008253562217615,92.53972254010387,-0.8463205542971295,SPLICE_FAULT
2.275972726709243,5.58859110432247,3.386822369222937,76.13316610549307,56.84697430509971,1.8420632537544233,100.35828381046356,3.1494458821505242,SPLICE_FAULT
2.567916983176576,5.885375196161981,3.043307604102873,76.28513348476747,53.323214647270035,1.687448040671283,101.47936458800751,0.9549953162343643,SPLICE_FAULT
3.7285132212657186,7.868628972766804,4.164309778177524,45.245374656963456,88.61360160780751,1.7659858805024784,105.33551596818242,2.364534026420713,BEARING_FAULT
3.032603643160293,7.736482835229966,3.821150636566224,39.54638301064995,108.83883613389717,1.9668490236585394,94.11372279326375,2.659697795704837,BEARING_FAULT
1.085096560337146,1.789364550930546,1.6799599926220243,41.734367356250964,64.4139748441949,2.020923064722394,114.5482617414665,9.120869665492084,MISALIGNMENT
3.8504850317286654,8.50898866274426,4.566342309566538,45.32285490690579,83.58479927607326,1.6311193759282314,106.75542243835149,1.5086776722399804,BEARING_FAULT
2.0671033184236407,3.032064284532105,1.6455401337726192,71.88177720953102,61.252571018777985,1.3721379241550413,401.03393602138755,0.5290717196262089,OVERLOAD
0.9346670767426288,1.6446360167893075,1.3969091215004075,37.972099036584154,37.78329894246407,1.9266843802890004,95.37060487974742,0.09988695440921298,NORMAL
1.402176349889398,1.9733628086570885,1.4742018170583628,40.69270650908814,50.21524456646761,1.908291185317204,93.15559597913817,11.039091689596363,MISALIGNMENT
1.429759027576623,1.5495245809718006,1.6843625334264059,46.026540393734564,66.18605822351427,1.9065788648648962,88.81476515788367,9.155297341876164,MISALIGNMENT
2.2192307694850677,5.00336116618205,3.0959111865410285,73.74254228302782,56.944792680201445,1.7415501538507214,87.91336732241409,3.605002307386739,SPLICE_FAULT
1.4126757718539293,2.0927813868151723,1.6785819122697248,43.12060105023531,57.71301268106603,1.8941167145868476,108.30498133985952,10.126970273468913,MISALIGNMENT
0.8592536225623445,1.2669710316142508,1.3741433519855573,35.514508925659264,38.54695774914148,2.159058207261785,104.28186247810577,-0.057390703001542406,NORMAL
1.0069802084990018,1.3480292524712698,1.2790006257758322,37.581661172957,42.28603259832393,2.0079597862376035,84.6729944011007,-1.3944950688592617,NORMAL
2.1547150825361587,3.042321866795245,1.3579106014776556,63.1943882421792,68.0639011634852,1.124227024885761,378.4490618187431,1.8095855196074606,OVERLOAD
3.566407539149829,7.745455425978654,4.394836113567255,46.57351337787885,86.96422537644935,1.8195535803985665,107.86278223081884,0.8532304194756413,BEARING_FAULT
1.7515481079218937,2.1798972853944685,1.7300329530801186,47.45026688872532,67.09885893656299,1.8144904525590795,107.32151226054735,9.619447533525591,MISALIGNMENT
1.531689972045212,2.7663620669165963,1.5214925964776707,66.49127063071393,64.23385554504122,1.3335779948565138,334.8755440715606,0.5992126515170677,OVERLOAD
1.6435827489216728,1.832048198470495,1.4592859151969697,40.26565962385307,50.43084749377573,1.8916216900110934,105.09295323642007,9.323276239998386,MISALIGNMENT
2.2982917710164266,4.939308791014299,2.7289818574958584,65.46880420411115,61.49715607535227,1.722027982992179,97.36567086019204,-2.0106247936321253,SPLICE_FAULT
1.8066568534639074,6.721949414003248,3.2361206237220808,69.48905631463683,59.708744276821854,1.932532299655605,93.09805426777658,1.131099600703107,SPLICE_FAULT
4.2472131699836435,6.594061303677796,4.473722919039903,53.84533211440613,74.1202542906218,1.9711444398548112,112.71522530876119,1.6068470961885217,BEARING_FAULT
2.328368290331309,2.6336220278702345,1.3869012611514413,64.6807253823621,62.760622923649215,0.9518212889551639,398.87256227042,1.0189816962229816,OVERLOAD
3.1764823526334274,7.087537208409156,3.8090186075064976,48.63378066258309,90.72691703656918,2.02292388555278,107.52927204213125,4.209423444573898,BEARING_FAULT
1.2047618025795002,1.9904135676519341,1.5929193639957309,42.96299269105807,47.23543242121242,2.0600097846820478,96.5666482414755,6.870269444632717,MISALIGNMENT
1.0669672548830038,1.4560391924984009,1.3842645677766119,38.31306781256964,38.70809241710147,1.885899149024726,95.8489971103663,1.6163000427219165,NORMAL
1.2688346527490122,1.504807340021676,1.573320015600588,49.09622331599992,65.77599267073671,1.8103632452174818,100.92935652682978,9.53051357305458,MISALIGNMENT
2.0797020849070638,2.908898711029806,1.4344672476799205,52.6308613273265,60.96899356883546,0.9090180839129904,334.8416247151568,4.393853212502977,OVERLOAD
2.377229723566726,2.916983679815031,1.5584953493086444,67.14000564349908,53.76803250730419,1.011599515312223,360.8980832267583,1.4015443815379929,OVERLOAD
2.5379373271387475,5.024647544335146,2.7477961038614644,89.15319013892051,47.53373534484201,1.932893879177676,101.38278789318576,3.6916876893693757,SPLICE_FAULT
1.9457932374444642,3.286562124335515,1.4618762712727127,56.687836889333035,68.35631230151817,1.1464085663689731,379.9125454575562,3.673036169052209,OVERLOAD
2.426834552852555,6.2232217334706945,2.64572290639583,82.01437077898876,53.044868411172224,2.0806686770376155,102.06118664141803,4.32946608422663,SPLICE_FAULT
1.8398068803036716,5.275495849117938,2.940757594800478,70.3583395174331,45.92259043340344,1.795985183204733,109.39722486487427,-1.4934587330321842,SPLICE_FAULT
0.9796954613957007,1.1771938940886848,1.3900875335951877,35.411672707870636,33.02659208729783,2.1466540859278602,99.05175768719128,-1.0861262991814098,NORMAL
3.2157232030131957,7.993657130037303,5.257698374631796,53.925985340809866,78.3249895059621,1.9279590684077417,115.9252541467842,-0.7583570115295255,BEARING_FAULT
2.016197837530845,3.2058277091844287,1.333841901082201,72.42642863449535,64.32195748703333,1.451608066824894,402.15698117606183,1.8268838835020649,OVERLOAD
0.897561235866571,1.5655053207714626,1.281958363663256,37.69033474120251,39.1549559873274,2.1172756845267444,97.84390421431978,1.1628385775349859,NORMAL
2.0938399240361183,3.249563908200956,1.617926315857923,80.14023998839735,60.86961755987576,1.0049540201134135,358.26844504633493,0.42166153005627227,OVERLOAD
3.1981582470426906,7.768407935653104,4.954045149131069,42.52406619645551,83.26627990890859,1.877229176990274,112.26127521350374,3.772764590165334,BEARING_FAULT
3.1616147869482996,8.756994937292252,4.824186388854895,50.10308728303329,81.38451089595208,1.7270261076681772,100.88720075669461,1.3785578628948398,BEARING_FAULT
0.9840061470036573,1.5232517524887912,1.2838495716768112,38.692102717156054,41.547486865299916,2.0077156496217716,105.70507208354516,-0.966156723370417,NORMAL
1.5175038065786046,1.703987539631877,1.6239160407256206,45.76355610714357,54.287566111152,1.9378046260427881,96.66952379024478,11.063243947820496,MISALIGNMENT
1.0515047686306047,1.5006907350688226,1.3241856128926293,39.977737005297215,44.69119859066139,2.090039858839506,106.5497558422169,0.54090851856099,NORMAL
1.2794077377908777,2.075234786338615,1.681301545702577,48.58993816493686,55.96512816813314,1.860171696645745,102.60766817483064,11.29761752335918,MISALIGNMENT
3.611281838408392,7.416002662735939,5.013595780020207,50.586391384892714,69.12697546593913,1.9570764982504496,110.20776444734007,1.4262388049593644,BEARING_FAULT
2.9218400652876966,8.135861338066949,3.9780395098755084,49.10053841823033,85.16673185710218,1.568576677644418,114.02325761130386,1.0774675188163054,BEARING_FAULT
2.403217092676782,3.174191095199403,1.5561573470571104,67.57286708259804,56.107064765941445,0.912700486285606,383.6354645570203,0.8824199504059107,OVERLOAD
1.3253057229773235,1.9883493472755114,1.6484358049410759,43.54843211875914,49.641193633359165,1.9388185795654733,99.51234348156885,10.064522632282836,MISALIGNMENT
2.499087244456786,5.039835242570162,2.763080121494778,64.44047402672213,53.784095259614496,1.7384088068157006,79.55110706041573,0.3574264085596581,SPLICE_FAULT
3.9682715154826003,8.140292192524267,4.24286551421468,49.46572299512883,82.63838997517843,1.659684689181194,92.40437271130259,2.5413165644178384,BEARING_FAULT
0.9690787624148786,1.3471049895467997,1.3835215207492837,37.249860456203145,42.71821350160613,2.0204389031602976,79.13522341628915,1.4244958212469476,NORMAL
2.106451884137634,6.384816391207409,3.1497023581160146,71.96341381776026,48.40135671925498,1.7530105408414371,100.79801656412563,4.230248630989937,SPLICE_FAULT
1.5100321720258798,2.2533023600655264,1.565106383669199,37.698809925569314,58.487170551486514,1.9431022958010893,105.81723364970506,9.151463194809857,MISALIGNMENT
3.572444915555772,7.481182696396277,4.735196371004578,42.679345111501924,85.30117897735488,1.5231864172793197,113.69762058176292,1.4286041323222394,BEARING_FAULT
1.207540079864544,1.624913108710889,1.4093701992857515,33.941989142469396,40.1742308302809,1.9243236022984074,104.79827035366833,0.6688401305462182,NORMAL
2.209607603010465,5.634779389513645,2.34212328073627,69.62879891760012,60.637389293659645,1.7774456335379352,97.75088589917158,1.0963265435929586,SPLICE_FAULT
1.0679597748934675,1.3161858469367391,1.3278549360088865,36.52509144310386,40.56152109780227,1.9960980480622457,104.80908092748895,-0.48282759080691834,NORMAL
1.8242766446543368,4.905611613944765,2.219046252409773,75.64720082531983,51.5188580981391,1.741402640971903,110.29819767491688,3.1155734477723263,SPLICE_FAULT
1.8790039150998616,2.2064845250280745,1.5690700889348637,66.85432662862573,57.37570269837783,0.9423017278641156,360.01209840917625,0.2902253405393296,OVERLOAD
3.3039330738493757,7.096411537923677,5.066143687419469,53.65590533320632,82.54894908670114,1.768164854757668,118.25263603127388,2.7438353784556684,BEARING_FAULT
1.8402016165624604,2.9366940730265783,1.6444343411979945,73.94699842568107,64.62983064926115,1.27836946721802,404.66332541848436,1.4294100051661636,OVERLOAD
1.9829493674168328,2.3529257430102857,1.6645354952270746,54.92298324251958,66.52791357905262,1.1035919573673894,419.305845681629,-0.8116622336365946,OVERLOAD
1.7881863460296026,1.9416645017251184,1.512237100545429,39.18961429512185,47.92549383746696,2.0057801007541918,100.81844334529539,14.152345055482757,MISALIGNMENT
2.02984145469547,5.1961585490354,2.981290681701558,69.88940448822913,48.53274738635065,2.015109010315877,91.92969135147474,5.162751938342867,SPLICE_FAULT
1.580386475783784,2.1888824390110173,1.5162603149042533,39.20288627045404,56.19185945313727,1.8012953821063684,86.5035032977986,10.782944314870305,MISALIGNMENT
1.2929622995139236,1.8663481731024916,1.5121901686509291,41.70971969043933,62.04285503445058,1.8479031448768903,101.47076827445974,12.78340116213915,MISALIGNMENT
1.1775523352026371,1.704282322002269,1.4757052462100082,42.973974706507555,60.41395062030159,1.7974780914262567,79.98259832523738,11.459848690835875,MISALIGNMENT
1.2269761361022824,1.3936461367498372,1.4467091837957817,42.097188641050735,65.18184017121877,1.8721627032392105,91.61823517668469,11.896156682025783,MISALIGNMENT
1.0645375949585147,1.5573051804120854,1.4998638220974037,36.05188088503572,41.84278664826759,1.82239882459516,93.21356938705897,0.35625278870608357,NORMAL
0.9354880245394875,1.4809808222306955,1.448887454016835,36.76755713613625,41.372058541261914,2.069272275511686,103.3868731792169,0.9294099847908155,NORMAL
3.5187514173213246,8.875947244513544,3.7410254425266483,45.78947384893876,93.23101953343155,1.5765585581473496,97.54379532827826,2.3683695356593493,BEARING_FAULT
1.901200867911583,4.756235913171687,2.549782953532646,72.39937685777754,49.8726507780087,1.729506871135266,100.54865416978659,0.3814481612255203,SPLICE_FAULT
2.0787538282878035,5.81827111185349,2.731686414479898,68.06036968091476,52.53779308039369,2.008851447540235,118.39132127929534,-0.020659575193067603,SPLICE_FAULT
2.218883528962598,5.669426650719709,2.723864715658258,78.65439511188559,59.455393386986984,1.938068945823755,100.24403865337048,3.0232861269391496,SPLICE_FAULT
2.315532409637914,5.303603535687138,3.0585128231326952,69.5396145468718,53.76456751648356,2.0869247786107157,80.65078109238988,1.5675861644333482,SPLICE_FAULT
2.2148984067124653,5.807559706763679,2.434447331117277,74.27320324245767,49.771413630188356,1.852400158658111,98.57035163553256,0.2503174455335633,SPLICE_FAULT
3.071698249464599,7.638060588152767,4.821053879499306,40.98263895080164,89.21656958942492,1.9744471320587762,111.87177475098649,0.08093997262267028,BEARING_FAULT
1.3138848987074603,1.9676714883871917,1.4388932115330622,40.71305784788274,61.04940023595209,1.836995156865166,92.4865453039663,9.130812210203057,MISALIGNMENT
1.3762541782985505,1.9067805447364674,1.5799341135116087,34.864705020380015,63.533552121436585,1.9598996341684263,102.87272514027427,11.37726216313596,MISALIGNMENT
2.302894890209896,4.48094385445759,2.24397454099117,73.19312935289076,58.539422572061156,1.8187221380126095,99.68677672308178,5.402650212913308,SPLICE_FAULT
1.4359441277358496,2.1305296206523385,1.4894842381024853,43.350466901839944,51.297556793167814,1.992528189271683,111.67217733304373,9.054344214834085,MISALIGNMENT
4.371021675472309,9.137202628186476,4.544614143437374,38.87111285103875,86.71987629066201,2.000015874904945,113.21615752237163,-0.42383503950793155,BEARING_FAULT
1.2415953800049997,1.6793631237533813,1.3722103074138359,43.502751987257575,62.82663333580563,1.695537099619873,95.13323677118403,10.4363103012058,MISALIGNMENT
1.685433842658178,3.0291399317089778,1.3125134344498288,69.49818812866921,56.59545585432153,0.8345734645471292,420.52981717182547,4.416533389046396,OVERLOAD
2.4185676915177825,2.7440690752535337,1.5262016574358477,56.41331514337247,60.86598821354374,1.2179025936221313,430.1612531912696,3.237914588742461,OVERLOAD
2.5467551275656306,7.5093091195014114,3.9121327766665193,45.74770821021799,81.48117389519675,1.5682635945610328,104.72052228721708,0.4443945649125558,BEARING_FAULT
3.53874641299035,8.42852324108198,5.009312255016906,43.34912288322094,81.40571721651354,1.832980521356092,97.98936469020813,2.3496982261643016,BEARING_FAULT
2.3112602520558143,2.54218023675484,1.5241409116370046,70.20436695798786,62.53267195692959,1.1036719504777868,373.15545952135295,1.927433954966062,OVERLOAD
0.961468640313824,1.49260719281377,1.3150033359741273,36.64943220544576,41.209655351753256,2.0554057771115906,98.03719348612063,1.0538915522958832,NORMAL
1.9925583779158995,2.5873665391835505,1.4672926569136213,60.477754130829524,60.731073981887796,1.1437061684357877,419.526224570522,1.8699582565504156,OVERLOAD
1.9896272238556552,2.8224057527910653,1.5236717121026393,74.29891163797004,62.024706769076715,1.1763144996573958,396.13951016452825,0.3648451252310836,OVERLOAD
3.855576002237215,6.8794641160907615,4.695242146937168,40.88137897723032,89.72550435875353,1.856642760963014,104.01554685823251,2.169670174957166,BEARING_FAULT
2.212674881328051,5.844943624549022,2.5000028513479107,84.48260924221164,57.8181716272156,1.7495652752361406,111.34801662695655,3.0034326484683938,SPLICE_FAULT
2.713232733308316,5.970895221129096,2.5763012737752358,72.90893481326802,56.92425282341101,1.7652053892852444,79.40446687344408,2.1296477975108807,SPLICE_FAULT
1.0254420843301213,1.1912292247911003,1.2035493682514835,33.9021328663984,46.56301868147814,2.2511556551584424,92.53076714929833,-0.4068852445043747,NORMAL
1.507360136175626,1.7434802805162821,1.5233862315540638,43.15791027770663,55.745029914853454,1.8673386219338786,88.8767253032942,13.354001273580675,MISALIGNMENT
1.38620648260936,1.7037348126965068,1.488489344362579,43.496649584304635,62.86221998959005,1.9790759312232529,88.12446833224959,10.94165460154688,MISALIGNMENT
0.9730125064706628,1.3476434641287984,1.3244756851466706,35.23442056062406,42.773257620428254,1.9026621161972965,110.97300187543709,0.4861847915619389,NORMAL
1.833007885664049,5.841581000733629,2.892062313636266,67.609197759969,50.623953996106266,1.6763045291567409,112.48083664571885,6.950129278338606,SPLICE_FAULT
1.1306535241054978,1.857224966489072,1.8250293520182423,34.948632442126915,57.45067938449032,1.8827625042546337,125.85975175683896,10.018775531946694,MISALIGNMENT
3.672035662468701,6.767653826300563,3.870352224059981,42.842748305556086,90.27056195751571,2.037557631845931,96.96658024709525,2.8173083481549677,BEARING_FAULT
2.8775382388463937,5.22705959913692,2.829330825863969,82.57798812008872,58.96030051039671,1.7628939605935037,99.18856273985467,0.1247844407053802,SPLICE_FAULT
2.2160542822940683,4.709741081947013,2.6918973792993954,68.92197148435663,54.555839295775435,1.990712475049161,104.82217754970642,0.7779712964788736,SPLICE_FAULT
1.0384065448939308,1.5520713229749443,1.3519375565338208,38.3176833593457,42.88687346624128,2.014552119776824,102.04758882401784,0.8139808601977412,NORMAL
1.0048521627944826,1.2751477247165035,1.3393893002893942,39.60351694544165,40.64996142601256,2.050024046943657,97.99647422205837,0.9552692372072055,NORMAL
1.008704706823817,1.2167308985441005,1.5355463631985355,36.31349592026509,41.30740087846569,2.0775155494034783,100.73196991001694,-0.5984375805810469,NORMAL
2.51598614018572,5.915023068164793,2.514377534027883,70.42421207520418,50.99031262468142,1.9072127063603126,104.81695913827353,3.3890911039163663,SPLICE_FAULT
1.4719041430144133,1.618611319897366,1.446674039340131,42.60209608286664,50.64436797313241,1.8673352436811388,103.32372333223985,12.79359466406647,MISALIGNMENT
0.9337376241054154,1.4266476266435022,1.4091048384710003,39.373318598455654,41.415908111649955,1.9034335196476793,109.57791614472906,0.02620475277403566,NORMAL
1.9161210419917334,3.088663173574329,1.495717562092448,48.20021418443849,52.91180121386297,1.1017477561527869,381.0752988457415,-0.9031265114019251,OVERLOAD
3.208170826711844,7.881373489658078,4.33597177466162,44.42590132230817,77.61504652610776,1.8016039967694721,89.32227652410225,2.6976920084668237,BEARING_FAULT
1.965894462430596,2.5882733313318402,1.4402721064153752,61.98101888572186,64.89001487999204,1.047730071295703,388.3946478783283,0.8506739752225474,OVERLOAD
1.5772351574628718,2.095208143871189,1.590945901099044,40.36473831001323,61.59584333177719,1.7999370627516758,88.98713510160172,7.510934222787892,MISALIGNMENT
2.285645848806416,6.0566916736696355,3.2871984943394343,72.93306885360062,56.47296310471686,2.0669519406742967,108.77766566180803,-0.7185781028403291,SPLICE_FAULT
1.6842592657831692,2.2542846954092357,1.446205603366686,57.646791666710584,62.44617006775018,0.7972648832853206,349.8333208644876,-2.5879728343342103,OVERLOAD
1.8851949005026898,2.796015073312294,1.592248117023311,59.17286078517205,62.22973888562652,1.1963417385006547,371.69122717318504,2.5418258371501143,OVERLOAD
2.159217539598851,2.8704784375264345,1.4896412105352936,65.913616254845,67.04522983206044,1.3369710436102324,432.60125596172946,1.2171482366764605,OVERLOAD
1.5303158750886157,1.762790048592964,1.3539292449128855,37.29556705973985,52.8044441581613,1.880639048896449,92.33647390734984,10.975951942173623,MISALIGNMENT
1.8062175198541932,5.79397738567163,2.8509328722736265,74.59493896980909,57.532051706895686,1.8187413760623978,100.17310233318679,1.6571085130864498,SPLICE_FAULT
2.5806523063156916,2.235243774559761,1.4456798499623662,68.73427471083872,65.20866426327298,0.9180889077687794,375.18541339014314,1.7013623687232355,OVERLOAD
2.3175659886826336,5.678372256855984,3.0179324755713552,68.40635758739745,51.35670429483109,1.8654006832643526,101.04840648514384,4.084279785270355,SPLICE_FAULT
0.8393553679742427,1.3114037938539143,1.27770385114159,41.58232820914212,40.17940446642847,1.963868943803271,116.78674673372566,1.471034690817104,NORMAL
3.7219868659994453,8.21321731998256,3.299026528024727,44.23805720877958,81.87057469091422,1.9503869721407392,95.56530175591844,-0.8178436724980069,BEARING_FAULT
1.4282713641527154,1.9812112244856162,1.513278325477111,39.153753914196,59.66615267495011,1.8149024919318435,102.8203621046222,10.500688923562162,MISALIGNMENT
1.898107598322074,5.06288267426711,2.8116235629598805,65.72821022934306,47.766046730850675,1.7361058846064015,99.31331383590958,1.1958077910069393,SPLICE_FAULT
1.3092265646591004,1.4467895811701434,1.5982721692641557,42.15917793879786,56.83051099773203,1.8366410484506186,99.31713792235709,10.039571131735201,MISALIGNMENT
0.8296617560644846,1.3769342182271966,1.5150019935394516,36.77889106121966,48.6563407003444,1.8711692382536462,99.77699716281947,-2.0173387981224113,NORMAL
2.1084588100222192,3.024680834141778,1.54058502666929,70.04624766176971,70.53470091131592,1.090795093985013,404.6272556350732,1.8787194753319834,OVERLOAD
2.3757451892402353,4.353412972872845,2.320803568166406,69.43539006913475,62.129551661606804,1.7513111147273437,110.13689967040729,1.9175585132637651,SPLICE_FAULT
1.5064028771682976,2.102054917367203,1.7167716960735626,42.454222171874335,53.451551057958326,1.9079047802150277,96.44065082913029,9.328259488763388,MISALIGNMENT
3.379674347850063,7.226612376098637,4.09163103406755,46.08413701144498,76.44716567067229,1.8322297064195798,99.55376610661703,0.9464997161227016,BEARING_FAULT
1.082206015999449,1.3458013811403646,1.3478156368392056,37.407984739078024,39.01255381562931,1.9610076293440555,90.2463397272175,-0.5256309339853844,NORMAL
1.097554512712236,1.332676750569127,1.3455384737873837,38.780965516313664,43.41600681275782,1.9604319288243737,122.12531039397243,-0.8877695115385407,NORMAL
1.1128909894118797,1.7952848023186834,1.6035843808328853,44.8875086574003,56.111175562387615,1.8821976709936161,110.06411040026555,8.403348120662194,MISALIGNMENT
1.0638592458777374,1.3885628658540328,1.332122721410252,37.11809915700745,44.60746377749069,2.1497431683179626,97.56938801119134,-1.1889634195349619,NORMAL
1.9698182282920054,5.972577615372972,2.6018965950179918,81.6901822712155,58.80884863131887,2.038447020840538,111.74399355301321,4.1378368304760675,SPLICE_FAULT
0.8236959844637266,1.4335447637776102,1.2255283483037098,39.281583085615054,39.928376843051225,2.1197246923645228,95.68874430424901,-0.05751775300546313,NORMAL
3.640815445183248,8.11051804509406,5.690193873082245,47.40774494841297,84.65163462336895,1.721689214325246,107.55699538048142,2.093546259912007,BEARING_FAULT
1.2382230887953103,2.18838848039052,1.538202818305475,42.09655526111052,39.55817354285778,1.9641541644936011,103.30783806538236,9.18534688125547,MISALIGNMENT
1.3792231633089163,2.1756934710907614,1.4295873315800596,40.14551865394912,54.916123192401464,1.918301292831148,100.68322129939817,16.536747211251885,MISALIGNMENT
1.3239487011094915,1.9352300903775383,1.7271054980604759,39.43820127461983,65.4751515486792,1.6952562814229248,100.81291425042481,11.768418443298925,MISALIGNMENT
1.0343618289568461,1.3222878563749587,1.36870287294326,40.908371601580214,39.64870300324081,2.042548993324023,107.82873734948572,0.4929864585144592,NORMAL
1.593911793427731,1.599425878263522,1.50870823660852,44.579500684402376,48.953661427058705,1.9467690103858886,111.28847487549389,13.754670059056684,MISALIGNMENT
4.040435578534801,7.32512270997463,4.743543279557797,46.27911216450728,77.27694383436405,1.9413345026351754,127.08348264339871,2.6791808213973685,BEARING_FAULT
2.3913795880165867,4.631375939152987,2.7504192808042274,85.45425857724582,54.58044550607998,1.8336057570226914,107.47706193163144,3.1336338641241217,SPLICE_FAULT
3.7684104045555396,7.765924200073912,4.045767831238612,50.43579980506846,78.64733034715643,1.706918868683151,114.13280618040284,2.151310766792829,BEARING_FAULT
1.3587732048995311,2.310763738017319,1.7182411191102946,40.790802395889834,51.50948048156421,1.8407297177042892,97.00122525503387,10.328442764519156,MISALIGNMENT
1.48817838322066,1.9214114905984592,1.6102999635355149,40.819853106766026,59.22557142186309,1.96419471294437,93.6315478572961,11.978356701275587,MISALIGNMENT
2.2307612068066907,2.641689576423818,1.2507610348416933,68.75559257583741,55.44203311706927,1.441114035371486,356.5758514526302,2.812484928920849,OVERLOAD
3.6471278273775463,6.79853046029613,4.541014964694058,41.48157476334404,85.49720724868581,1.912663581450545,111.07255017754922,0.8322892310529875,BEARING_FAULT
1.963951710779489,4.938088092516705,2.9786539923003477,63.54153635353081,49.80513258142618,1.9543276610094549,99.66410267722001,3.6863007451929826,SPLICE_FAULT
2.256193528070432,2.3450012361142236,1.4886175227692524,64.7032005720605,71.50837426025387,0.9477625143801376,295.39493533277926,2.836958096822763,OVERLOAD
1.0110922589709865,1.2886541188282579,1.339614344021326,39.325821948708224,43.5427642680535,1.961147922481699,90.52107282731014,0.5199021395287525,NORMAL
2.543565005971498,5.40493801352366,2.99520859012633,70.65405181031988,59.94461458571037,1.699245675031169,98.78299688066402,3.1439912747853684,SPLICE_FAULT
1.0081874139386322,1.4778576450078422,1.39062686050317,34.282224815439584,46.3674669664403,2.072147932375734,88.1596944177744,-2.2183477600510813,NORMAL
2.11926675924091,5.463436292928402,3.3957515632257618,83.15165532715676,47.6864133228635,1.737160137498852,104.4132320329939,1.655595670841479,SPLICE_FAULT
1.019905969557347,1.2878866441156596,1.3403241481113775,39.847313449313425,43.048950141899084,2.1170198709196604,109.50015828669646,-0.4611697320346189,NORMAL
3.174790859132471,7.718789298592881,4.9170502859550345,38.06493163996701,80.9437738976718,1.799839329969388,96.24676432408955,0.8782256737985243,BEARING_FAULT
2.0114902340122334,3.131937145688393,1.5888987749183643,59.05607553500457,70.28292910353798,1.1460184943692178,443.3102795628913,-0.0778140601685604,OVERLOAD
1.6483201418601106,2.843924287552781,1.4764835121748903,57.750178906044006,56.43344549859894,1.3080439835409923,405.93754375255315,3.4522942767405205,OVERLOAD
1.625341125712697,3.0506000306094503,1.4383972456282044,65.11274306784765,56.12310485163697,0.7542714241105568,416.9685148853249,2.677252822560962,OVERLOAD
1.5388508314254081,1.7701270360772237,1.3779433011285902,43.19629129327444,59.273655686901044,1.9079649582613925,111.87713384138455,12.27980591430417,MISALIGNMENT
3.717001691865806,8.922347341579819,4.285698881525645,44.57061271019615,93.05000639546172,2.103331884445813,105.91718949748365,1.8578362973127065,BEARING_FAULT
1.1532738913002578,1.5094983036158918,1.2902230656681741,38.739514335296015,39.58705272102002,1.831265565288929,118.90440685155782,1.719040612841821,NORMAL
1.9038019940989823,3.589715861403249,1.4323929284706391,71.55522700164983,65.88172028085728,1.1334530454443246,380.82462900082436,-0.08887712899066802,OVERLOAD
3.5248716919249152,8.635712962858927,4.811430742480748,45.04467203802531,87.66164235499346,1.8492802130870922,109.63460355666217,2.982143975365031,BEARING_FAULT
1.7208872862039881,2.7819536501784614,1.450079800172407,63.83603124460025,54.76690445953249,1.168474705287597,382.2322001577844,2.4217311646187003,OVERLOAD
3.94167006261747,7.718660605724983,3.9581670832859532,46.64202716594553,75.05313009912517,1.8728390880066004,104.06047634367715,0.03498345703896799,BEARING_FAULT
1.557025829438389,2.7341763037083786,1.6283354577288205,67.81118754143074,59.02203381575387,1.1422923310713577,391.33135280341503,4.514285512431112,OVERLOAD
4.352858584057481,8.977755344085436,4.862037525372152,39.0407877385393,86.73433022083594,1.7594561523563257,101.46182473787819,0.733203302157923,BEARING_FAULT
1.301496598155888,1.853015145695805,1.5674512660886912,45.18376877553635,64.49574910273833,1.9863923549962446,98.47145008185774,11.415084589777484,MISALIGNMENT
3.4793147554767816,7.599009633999938,4.048792639627937,51.255845347438814,82.735367411214,1.7424084566904812,98.01133819558007,1.3344001438514348,BEARING_FAULT
1.7335493221628104,2.2993858412961607,1.4472933881760226,69.71075951276033,62.40983913526446,0.8828927999805366,392.11821248204916,-1.1669618796026215,OVERLOAD
1.6756346216014435,5.2300802195739,2.46815661874861,69.02678927090295,56.2621437860789,1.8354750209518955,103.0400542314857,3.0990533488592877,SPLICE_FAULT
1.030729952087661,1.3676056423719989,1.4466692984474514,34.78442830087953,38.06334241970578,1.905449312005727,107.10549102297786,1.0768481446576803,NORMAL
1.9172439164479798,3.0432741317847087,1.555012848121788,56.63282937280714,62.51287387185719,1.2300735333650281,346.7547591054576,-1.9263507001840714,OVERLOAD
1.5093411791855675,2.1824053757086497,1.4966231794195413,40.62042221305458,47.39956392439913,1.9604107455439044,97.60726852848148,10.575511380320139,MISALIGNMENT
0.92074792615673,1.3440643548417082,1.403030501493393,35.91586060673283,47.42791904919933,2.001249932190725,93.85676855903705,-1.3569355696995753,NORMAL
1.8861643942136719,2.8946568822760756,1.333233473380914,79.55706802305065,55.697380660093806,1.0758071849508284,390.42169525125666,2.630295234582754,OVERLOAD
1.0632781866106285,1.4601979927202777,1.22962237007752,39.03136364464966,44.197476308339404,2.192036750214426,91.53640280113027,-1.690671627606452,NORMAL
2.2221222358619634,5.0091194670173955,2.878063308689266,73.64199013955573,57.40548832714122,1.7047653062923545,101.48945587239942,-0.6756927436318958,SPLICE_FAULT
3.2969228919279634,7.124246364778103,4.439256447279795,42.87767857741116,92.00964793337329,1.6295495665266015,93.90692467502005,2.547649173094463,BEARING_FAULT
2.339404908262535,2.860010136193698,1.5247846281901825,70.8280657072489,58.08500392758271,1.0393227373037457,410.09939938444705,1.311757575046106,OVERLOAD
1.7125646361580267,2.4674508727609648,1.4541601636787207,60.005663330183346,60.102508646838345,1.2411599827177897,391.29165685667596,-0.07056869579840308,OVERLOAD
2.2469653956016273,2.538164513941707,1.4281516014838884,67.45091202887882,61.586813166276805,1.204763770157656,454.15801317295575,-1.0745267131167107,OVERLOAD
1.0310907565598004,1.3210516730572406,1.341987673881604,37.47243678670379,47.26642709494647,1.9480603628173874,105.15294321624468,1.3931812579349059,NORMAL
2.2040966991512376,6.362528050559588,2.3567744708037566,62.775323441068934,46.065054950946035,1.7933786454613396,86.52758402546782,2.0248099662931724,SPLICE_FAULT
2.0906124703986317,3.1948528244590064,1.4009263081258716,66.10530337718056,57.018376554540396,1.0274782797508435,411.70191292327036,1.4315230655135833,OVERLOAD
0.9786552848288153,1.379200733918723,1.4481546579107447,33.070433566537496,41.386586337041635,1.9863004510557543,87.20969263780214,-0.2310694774576803,NORMAL
1.9532356208815844,2.3319487524610167,1.6092959110896667,59.921610165333874,65.84361397115619,0.9751894298400806,460.7094502186608,-0.18246389716244504,OVERLOAD
1.8821444245917471,5.638843810766449,2.820466973963849,59.32703982788747,49.40576740934313,1.819506954608197,101.99176811136098,0.0016563143080112752,SPLICE_FAULT
1.3787527120984808,1.79179862684342,1.5072689541657134,39.99168925909953,54.784083289864846,1.8604716451983818,86.88450862101318,7.348684008670784,MISALIGNMENT
2.702806437627979,5.52258703905829,2.773888113808436,81.18756540768105,55.737112207113064,1.9436597024825433,86.6699842139657,3.5763600182902877,SPLICE_FAULT
1.5361943470440573,1.5461899392521201,1.553811134789774,36.617424400351695,63.29085046912051,2.0084500530290925,120.51246943269463,11.062126852797864,MISALIGNMENT
2.1327003959181825,2.5940186404455394,1.321098760949856,74.28804932491215,65.56023421051603,1.1800439637224716,400.9154786237856,-0.30638490480501557,OVERLOAD
1.5423219644707429,1.8444972762279532,1.67307585366471,46.608470318564834,61.2444096295192,1.8114029266102223,100.23385214658508,10.770098137016316,MISALIGNMENT
1.6957661125268046,6.436613758268775,2.1925291934507434,83.1726250453597,62.937904564211834,1.92639180530104,114.36848707354142,1.7132409903200494,SPLICE_FAULT
2.2280095578794787,5.706778302780706,2.547432233069722,81.62003639501364,62.76623593344377,1.9047969832769536,108.76188271578346,1.0909834013954591,SPLICE_FAULT
1.9809402456698506,3.1484509145445925,1.4310723376847612,63.877006712816836,58.69027496787823,1.2553874314148052,315.11962968456413,2.3526470319104256,OVERLOAD
1.8597617012564704,4.2849782112941535,2.7497855943934604,69.20702699044392,53.878422623886905,1.7466003555952714,104.06659698494491,6.183330870540159,SPLICE_FAULT
1.3205799554739486,2.2536338586119564,1.7339448026763575,39.19022398126907,58.07513875143548,1.906970426942928,122.09605576042378,10.878300959994144,MISALIGNMENT
1.3986226469922292,1.7278541673209322,1.5839663794710386,36.197736763621265,50.84322576472786,2.066293144718984,106.42855493962948,9.36122633900242,MISALIGNMENT
1.359138497509447,2.0011470864945595,1.7361494319713275,39.062099309152096,59.66359664792594,1.809734564001218,91.2035632444876,6.217842869432081,MISALIGNMENT
2.355553850080797,4.257253559533857,3.304902360288355,76.73584132282065,55.43442569938906,1.7920059926842897,112.23680849162606,3.7789418929034984,SPLICE_FAULT
3.6305524031382244,8.460982975676501,3.8027202433369625,44.40724283838543,83.4631625549626,1.9345061667553056,119.10312306590646,-0.4394490186052922,BEARING_FAULT
1.100629280921444,1.421688008381983,1.4260246073578862,38.021189475884526,37.0815475124237,1.9950970659161964,108.91303686869756,-1.3650217954266353,NORMAL
1.5229059902209108,1.7157097953142157,1.2796647926322393,38.18535443732315,53.01385856280612,2.2377382919082645,95.00548807114787,10.236737809173578,MISALIGNMENT
1.9692849677239883,5.9622882620125015,2.510057162466431,88.73453694035095,56.588633506047984,1.5295798479954144,86.98173481085881,1.609080685227143,SPLICE_FAULT
3.3663172007734206,8.459014208915669,3.979766346055217,45.06482639793621,87.52397446658793,1.8195226592978377,104.22710499850618,0.5916455170448522,BEARING_FAULT
3.336632059947473,8.814236775228768,4.5552343779430675,39.33906427653411,84.42056744286174,1.8531609851211508,106.00946970289581,1.7719067392710828,BEARING_FAULT
3.200771278271333,7.955527581440583,4.746357709730701,51.30739930235687,91.61267172109798,1.9571552353316415,110.1067888316604,1.668506923098565,BEARING_FAULT
2.635634958893311,7.545035434722357,3.71332652519713,41.744112816437955,86.59503936523207,1.9088885417472603,113.14339814567873,0.9796884121648592,BEARING_FAULT
1.3319878837424217,1.8792826293188438,1.4183427620445423,39.279291375833814,60.87020965442015,1.8496349739624403,92.37866551485902,10.047874884444266,MISALIGNMENT
1.3668436304694422,1.771131946595603,1.6000161889379738,44.929294131594204,56.419585194385135,1.9220630804307162,118.64048530411759,7.581547201594808,MISALIGNMENT
1.9061304056096349,5.85970674469855,2.5759651218990824,73.56004797347205,46.97414778779233,1.4113896181875074,74.1271107464422,4.278372626701544,SPLICE_FAULT
4.3179755192124105,8.330901102171469,4.5255381522325395,33.264917411082095,82.81114754772665,1.9559643434407172,106.94838818985598,1.0071701223145537,BEARING_FAULT
1.4288895378096957,2.13722909480846,1.547233933269744,38.703251235815415,60.195750668502086,1.9324758239533542,93.00399191297636,10.821593404616664,MISALIGNMENT
3.70272455906522,7.102976326814572,4.321728785678607,48.53169922234701,88.23239333226375,1.9708048420041973,96.29101179532066,0.4133403598450862,BEARING_FAULT
2.0613652108600435,6.0721569703975105,2.9818731138940064,74.64781287622546,54.62709884948243,1.5977233530386072,94.44516606463084,3.9979356706332414,SPLICE_FAULT
3.5172816194742014,8.751455912185964,4.298621355046792,37.96285191983769,82.1923780628953,2.1021170585039615,109.5677077770046,0.8819215953226172,BEARING_FAULT
1.2092121498330914,2.139106277617342,1.5251618493081958,36.11013255648308,52.4103619598163,1.8662122224526192,95.67698814190459,11.028574423767978,MISALIGNMENT
1.3504864712447844,2.0940632403576562,1.774095440499362,47.018604605695586,57.0795656649204,1.9714731727517698,104.1905073475346,10.434481344741263,MISALIGNMENT
3.39791754622415,10.160693175639675,4.943654481229873,46.02630958339723,79.83273461390162,1.565384735478108,102.37150933839627,1.8176886302786763,BEARING_FAULT
2.1153521392037606,5.034074026281893,3.00022716735173,68.17318524783948,53.23773648231071,1.8441347319776489,95.49766913770715,1.8652114936124151,SPLICE_FAULT
0.8598148937207719,1.4391916912827258,1.3889201315060962,38.71774059233345,41.05941094148281,1.9641970620253013,82.13624534645314,-1.0766791274710135,NORMAL
3.158428434171457,6.989571717138347,4.514575956162506,51.651654619949774,92.87437156157637,1.4219342294071402,100.69585291312715,3.42825074472662,BEARING_FAULT
3.4400134835316556,6.764303065114069,4.556760748238971,42.92549999494247,79.91790892353113,1.8083609659989552,84.8850867453818,1.7106388011672513,BEARING_FAULT
2.5324898131722318,8.739278503072631,4.722698386057143,41.22814651020094,80.91378246476422,1.3865305804363934,122.58272157875278,1.4441732120043391,BEARING_FAULT
1.4941409446342746,1.7859371864427067,1.5323191728054193,37.683839696829395,52.42733842495969,1.8551304317380515,94.50075167535654,10.611017030270448,MISALIGNMENT
0.8932379570617406,1.457423186403328,1.3598136252795838,42.452348085607895,41.758200752109715,2.0682069490062633,72.95608368397225,-0.34516470544979644,NORMAL
1.26425782505929,2.020516053595668,1.6834520743065606,39.67486511095128,69.58818394336939,1.8109564247057337,96.425849518293,12.467900956728476,MISALIGNMENT
1.199620639374708,1.7693074208550386,1.6136819747612057,46.816859497695354,57.97963581439282,1.8249279665507185,100.44552165571152,9.630375780522208,MISALIGNMENT
1.5789966508890687,1.437191186799979,1.700641973634617,42.29794144485405,58.00897436439053,1.9712481764433805,90.1334097227589,9.80605594419777,MISALIGNMENT
2.0174115137601807,6.227494566449187,2.5712082595513097,76.2790380306677,46.99072353057612,1.990519579184512,112.79277692746525,1.9425918565992903,SPLICE_FAULT
0.9809661321916392,1.1102159178561473,1.295780402358012,42.20479577883929,47.17408994928333,1.9951911492669228,94.10105243537109,1.2725701629285695,NORMAL
1.283147086772002,2.145606041921627,1.3976641680784625,43.79261311768418,58.71022239415272,2.0718363995763873,101.35428834719957,10.91878753664294,MISALIGNMENT
0.8785811387212268,1.1672175714259472,1.437099889576335,39.64135734552563,42.011087015543545,2.047516774649538,96.63613054588863,1.144293068559939,NORMAL
1.0244966571108722,1.4280241413550394,1.4829007371638296,38.52002499311122,42.130544005930396,1.8973630792334109,94.03025713278926,-1.8210860692944963,NORMAL
3.477397550136317,8.57314416292592,4.161974455855707,49.35090700535541,67.26173031797146,2.00946985506836,99.83939823469653,-1.1110191547310753,BEARING_FAULT
3.9094809346360395,8.69759477234149,4.961991339560075,44.88733236620179,93.96103525064835,1.5745797433042397,105.78115692483465,0.09690411002655974,BEARING_FAULT
1.4430161168573878,2.228708301824106,1.3424980532595896,42.17359214228027,56.43661415173362,1.8927142311158944,83.80826943484135,10.567997156853773,MISALIGNMENT
4.57921618272697,9.172303541998815,4.129214370553246,42.74051402317235,91.4782341804914,1.7718777768763077,93.29538290711376,-0.1744352554517088,BEARING_FAULT
1.0629628841923613,1.2519677194815317,1.3974021559360947,40.453668974075086,45.98679995860623,2.113731454236473,103.79639648385965,-1.1941894010922893,NORMAL
2.118159940747503,2.5031047101506907,1.437738610004068,61.452706284545755,59.55332067264477,1.0244964892925792,386.09828663172385,-0.08254468102316381,OVERLOAD
3.3835344918294634,8.527521431878796,4.110271899373884,39.11847946129713,91.85833203298412,2.0235215393825214,107.83476604018982,2.6398692647647257,BEARING_FAULT
1.0610370265433464,1.503414223512876,1.349730043407124,41.37630435324431,45.07112863832094,1.8974247316359723,90.57441994208124,0.41299891213779755,NORMAL
2.374220068462714,2.74453697312642,1.4315003849873607,72.65758392724132,48.31965197489369,1.2281656626710835,407.63159384143773,0.8940490305220389,OVERLOAD
2.253819411754134,5.269250533767872,2.648556938787104,82.03625023949965,54.244013071514395,1.8420356192947935,112.7524130696132,1.2580385810693189,SPLICE_FAULT
1.9443562681937867,3.230200301119138,1.2270595615076265,63.57612659482869,64.37369810790129,1.0440411998504127,441.64429455915945,2.2616223079096236,OVERLOAD
1.3886192823972463,1.506534987154801,1.5716085245235178,39.84003140033418,57.26430247592946,1.8541123154975003,109.88608793499175,11.912711946265393,MISALIGNMENT
1.890287502380457,2.646794818541305,1.573565514364137,62.84053343859997,63.50297698638564,1.0322937153377985,439.05353868080874,-1.0757885284937685,OVERLOAD
1.2314658566673509,1.2879253859879554,1.3930636863239707,38.17979789079899,44.11351961947417,1.8949859260397854,96.00100937868864,1.3697011076541847,NORMAL
2.0613746704485783,3.189961373059181,1.7714816939486322,75.08459428032914,56.42016388408029,1.2207859786856612,361.01577202333453,3.7066162400476372,OVERLOAD
1.200394230300361,1.9869882076735796,1.4443985621971085,41.15054434536037,57.71081693811203,1.8410746269204932,115.24517181115903,6.881679032615359,MISALIGNMENT
2.147917012423283,2.65273813153193,1.4255021232514944,60.85992440111249,56.45485548842514,0.828254022932242,384.5364866401264,2.415552451599762,OVERLOAD
0.8940786478111048,1.5156109624976943,1.5571650913614892,40.76495033577338,40.382631890553064,1.9586384334370357,103.93307050005323,-0.22938233185546722,NORMAL
3.6324891039439504,6.967866068438834,4.821060501938292,48.57504718955132,95.8781751466265,1.611576708823892,107.10872358510515,-0.3472493658323992,BEARING_FAULT
1.980367367593489,4.69643781070882,2.8020593222476307,82.0915232833954,52.87678335542044,1.8994704768841622,102.20003219827464,3.7133837406504755,SPLICE_FAULT
0.9191506397106812,1.2033446629329667,1.2871208431593641,37.92078272912322,40.35132859227426,1.9814154247807252,106.03094684948833,-0.7790927393767005,NORMAL
1.4804620849837014,1.7014843986542354,1.5363599973102278,44.894309682907334,57.80036768313318,1.8265838133878984,115.20091740991101,11.155170778972781,MISALIGNMENT
1.0888039943680448,2.0033288891871934,1.6849732063982976,42.696283913785614,52.35704663451483,1.9877826031239125,87.04741379332879,13.827539296582518,MISALIGNMENT
1.1461593752535006,1.788090742942106,1.4372910151181593,40.304818579346424,71.9610443395498,1.8816754756790717,92.2957520086212,10.869179532809213,MISALIGNMENT
2.000545897709259,2.8415905085591353,1.422873058332252,66.7402268183234,59.321993800495584,1.2222096082432523,309.246075733776,-1.9999798404654365,OVERLOAD
3.0581326575591574,8.086082748978361,4.789749368800322,45.224735673569285,91.89646072437236,1.9786852792771112,118.57341495716284,3.878661852069508,BEARING_FAULT
1.75064239756616,6.033915693190561,2.533743153628046,73.03578216442934,56.595982223210605,1.7657927184084936,75.26996356115934,4.379839432095334,SPLICE_FAULT
1.946887074321736,2.6303950142496717,1.5493195688489878,65.13027811090906,57.286005141415174,1.2084605486203368,381.98423345447003,0.03527438481601708,OVERLOAD
0.9791877749642725,1.4484578617436838,1.3058513483286043,38.98023429380696,38.949950614270506,2.1418531345148035,106.92857584237437,0.39542098538803816,NORMAL
3.512713561948256,8.619818712059486,3.4469968993084334,49.42237258115794,82.27423382774334,1.6641995748727723,110.69029537259759,2.541030130591113,BEARING_FAULT
2.0635319217678587,3.102875790367358,1.3961459142964243,61.40386576968202,64.62178684013003,1.2537329649148896,334.81751268793795,1.865380616026439,OVERLOAD
1.3605879878470244,1.7296920040441361,1.5243019627146575,41.82103706402342,49.28163698801732,1.88394403904982,113.52362545926151,10.68915513494448,MISALIGNMENT
3.4165974276185,7.837494362941258,4.3498409287172635,42.74019389337912,84.85986109683401,1.909311237969864,93.38755547519642,1.1243880096479888,BEARING_FAULT
1.6510045919228784,1.990099144755607,1.8289638697188102,38.73476629298146,66.91452800032572,1.7985835781873032,106.443105001082,10.43042118096921,MISALIGNMENT
2.485072495515129,4.712823072780327,2.485219379530336,68.46981576546978,47.03043736657996,1.6368441246121066,92.38555556025621,3.343700614350388,SPLICE_FAULT
3.4991553280060708,6.76999742541222,4.409932197795074,41.35429024984815,70.60514655026822,1.8842566541877666,115.31761904499625,2.1420881214767484,BEARING_FAULT
3.9388301225650513,6.160513843010351,4.086261624369085,47.145160250261874,84.63485717332964,1.7002550233020006,103.77228574313189,1.5718331740128224,BEARING_FAULT
2.46225096156895,6.396403148624527,2.3510561820863716,70.89227539290869,53.19244013774765,1.671538662253996,118.36181301057098,3.6522572676459037,SPLICE_FAULT
1.2897324798913117,1.5441202138985557,1.546126772707686,47.501689638073124,57.94767435473635,1.8434741260789596,106.92815210300923,10.622810341705023,MISALIGNMENT
2.216300697839618,5.144700202009973,2.750602112469272,72.57333788822851,51.93632912492622,1.8667475783385605,101.43338457586762,3.101485383065095,SPLICE_FAULT
1.350383765596542,1.9590465150081204,1.5896136548565132,44.35555524693113,57.355613106556234,1.516334445154063,91.84090464851447,12.430473167782466,MISALIGNMENT
1.8316150880256892,3.181659566275029,1.282445122301243,59.13756712315159,55.10292130892423,0.8860304132864383,357.4729890213255,-1.170135659492698,OVERLOAD
0.9091975924478789,1.4077211078084058,1.2831722357392195,37.366609283516915,43.17208776278443,1.9548841141591,111.94762861876937,0.32445860435251705,NORMAL
2.137393579016111,2.707761729995457,1.5975836891623818,56.535186289454245,59.756118677496914,1.398332695813228,363.77709935068333,3.9209927303564243,OVERLOAD
1.6433376972974132,2.8030063455221708,1.43598534949063,63.11239131534771,58.1597085892816,0.7923421388219218,384.2596835172678,3.378518759651138,OVERLOAD
2.456259894583845,5.429941527216217,3.150281065183893,58.749202461547355,55.97714958013259,1.8411617568490692,109.15478431783033,-0.5974392699787492,SPLICE_FAULT
3.5984735777183867,7.570074896876949,4.716523189301974,46.0074777932721,81.4862578814255,1.9253954886408415,97.9281132070654,2.03097289900651,BEARING_FAULT
1.811720667344855,3.2482425691800474,1.4930148131816356,68.44631810680326,64.44223465179277,0.8518234407630882,380.16373532843943,1.857296045351113,OVERLOAD
1.849813017340358,2.6494024119456383,1.358317647205081,61.23783288901763,59.539170945892614,0.87981227335418,348.2824561393969,-0.15876290958824013,OVERLOAD
3.5898397906833037,7.690332604420049,5.016269449150561,46.30740962504374,86.28207429313332,1.7403389573631702,109.91779889600691,-0.5798400881714976,BEARING_FAULT
3.3566422067887904,8.802247801564112,4.411662453645879,40.71592174987405,81.39465457945595,1.5387425070200844,108.81269146967979,1.3629281093580852,BEARING_FAULT
1.8760735133562751,2.2026579553136,1.5224420038382251,52.91705146231354,63.53895807077509,0.9762899030746457,357.586917389988,2.2370029370371447,OVERLOAD
3.1301423926207876,8.85428534183552,5.536299270381259,39.131864194245125,82.59645752937959,1.9509936947394773,108.35218346217371,2.4374092354738197,BEARING_FAULT
1.0519346514241172,1.4271267311841054,1.3482906164521251,34.6656261291889,43.888588752665434,1.8846667596794255,92.68368261091472,-1.0701915628943317,NORMAL
3.6307328837934083,8.44102666622047,4.029511369358642,38.25371902767426,75.32540425777269,1.6980870658585665,94.96566189241771,-0.22149394192162308,BEARING_FAULT
3.201111267111806,6.995880746235874,4.253777943793891,41.98355008083576,79.76443413158954,1.9684156860350013,122.55311070633304,-1.4081998640723667,BEARING_FAULT
2.397286825409114,3.489990737315942,1.7268991611659454,64.57972133763221,63.74969196472419,0.8814713557627943,359.5594518069437,-0.5641625851346288,OVERLOAD
0.9528961694381677,1.57159643952572,1.3018230351710576,37.33039323609558,34.41131976691709,1.9035294574249284,95.8777925497553,0.370211889941741,NORMAL
1.3446590841452806,1.878605706028304,1.5470721719316614,37.79289214972852,52.80389918004617,1.9557408556851186,106.29360633428892,9.408564672958777,MISALIGNMENT
1.9870113072748055,2.812092309799074,1.4850364055748206,68.53061708144185,57.114977801363985,1.0399913849176212,398.37879132011335,2.920528031255704,OVERLOAD
2.022299549153143,2.2230351141370743,1.369131586901086,60.69416517433676,64.1908860979972,1.0750636891518754,362.39232183664717,0.6537265481444342,OVERLOAD
2.6257929477264277,2.7420534325451262,1.5380520305316303,69.28729856878104,60.01598995307644,1.1472143842182747,416.2810753500429,-0.6790863196188646,OVERLOAD
2.018758513974515,5.07589399221124,2.9044497648189864,67.21416660413024,55.21592088108386,1.7690455370771971,96.92210509193393,1.6281291677241254,SPLICE_FAULT
2.1606638610250988,5.870702931327533,2.858400786462436,69.3455332905141,51.10995543816723,1.933389777309367,83.61730265602611,2.0306131496910202,SPLICE_FAULT
1.8645566909970994,2.9299191840223955,1.5510252222405019,61.009808658176446,60.308673382301485,1.2186029315038762,375.6594271777297,-0.3032472318345656,OVERLOAD
0.9498242956415464,1.4355598116206867,1.2435013637153778,38.84048347645882,44.57876366093941,2.0309998983165554,91.49464721252956,0.20323595458603103,NORMAL
3.1480642775596053,7.260230495679062,3.4953923279872194,48.823442426099916,76.66260154321245,1.885053274935484,104.00239724685733,2.4950745732710784,BEARING_FAULT
1.422040294758003,1.8346653504981911,1.6540624895393288,43.15724990454508,58.9149722482263,1.784454820618234,87.91141135379279,13.983347717603616,MISALIGNMENT
1.454059009252712,1.4129375336434222,1.593747377282655,41.07280128978522,65.52531019304165,1.849336516621208,103.12865651490911,8.551225453284092,MISALIGNMENT
1.009965136508764,1.2852288383628767,1.2532244205727114,41.302878904995715,48.169630694488625,2.0072680524329343,88.00302471634691,1.6994359830087096,NORMAL
3.434194187281532,9.292785343934344,3.5258107466339244,39.65311166341351,95.82748050326201,1.6887090819365287,96.95987002045753,0.9747134544689976,BEARING_FAULT
1.3587796542870967,1.7797746894662305,1.3604676441538883,43.7689176940722,65.09517805683632,1.8623577445411803,98.0093744624013,12.342540273410707,MISALIGNMENT
1.294133977535695,1.5507066548841932,1.7260139068278773,52.58716556271145,54.1289809082355,1.9846118469295932,102.01738654796044,11.672999577641802,MISALIGNMENT
2.6877933880019196,5.541036316381997,2.687590710334711,88.95788902217161,53.495411433773256,1.8298109355763377,107.51573538819825,5.081133222682626,SPLICE_FAULT
0.940842861116417,1.4395504279232665,1.426424416685641,39.91517577682515,42.07170912985487,2.0361661061247016,85.93184990502462,0.26561699317253346,NORMAL
0.947424497831924,1.3442746372629626,1.3549343879878377,42.11854542402959,38.87386676327069,2.102698626331973,88.76505966760402,0.784002779310748,NORMAL
3.5975944751990587,9.395208187260586,4.480674115586337,44.50348650072918,78.57297034266968,1.7806380017929722,90.96301615254758,1.1959199558449944,BEARING_FAULT
1.4326703509623089,1.9333311634719688,1.5450395354228996,43.87471078396213,49.92076764516584,1.8756589697432091,96.998712131718,11.883521299298959,MISALIGNMENT
0.9035076539419895,1.3545604173801842,1.3142142483473,42.25880901354091,45.74067514660416,2.025256884599662,92.18843621868886,-0.6671890847775054,NORMAL
1.1523124077269657,1.4379168092658696,1.360110366363713,35.5086667803303,43.52480591902377,2.051149957536186,112.34751914044796,-0.1908722195531798,NORMAL
2.125282319016144,2.367597476285389,1.5188453596429283,69.35251296294659,51.56561524313474,1.0062841125833577,360.2282092845638,1.3048715969581006,OVERLOAD
1.9118749238772315,5.489569534274406,2.35877455940397,80.5072817933352,56.96136263325274,1.8585839818449135,92.50720493294264,2.131107450300557,SPLICE_FAULT
2.0772504792358175,5.768858928010615,2.922491437468991,60.64105400479292,53.1294773621804,1.8591081227461244,93.36787240538918,-0.10485192048534486,SPLICE_FAULT
2.1692485243437636,3.0983136192976137,1.5692775769708238,59.86683387235626,65.55249932823692,0.8950682613646662,382.90693628102946,0.6920612175572288,OVERLOAD
1.8007533327965306,2.7186110310557074,1.526880493443923,64.6549821872305,61.14093644480478,1.2663011629933587,412.2688038205298,1.8519918092863628,OVERLOAD
1.0462103474263271,1.5653469436221346,1.4018624347075088,37.05178143191885,36.11212292498226,2.1355442801105498,111.91899334413573,0.5140625524247758,NORMAL
1.088163975694945,1.3264380181098028,1.329287602103674,42.267109585095525,43.148966954222786,1.8402400830404568,96.12638035447189,-0.4829098394605177,NORMAL
4.026439780740192,8.714461947652554,4.993380808741412,42.233754389224906,88.9184900383521,1.7963742860462688,117.62277890671672,-0.2087731863956246,BEARING_FAULT
1.2766885982258107,1.8177950126993654,1.6394432868893452,43.41943635980336,43.228755293789845,1.9166637895311838,112.66661253198413,12.394476092780625,MISALIGNMENT
3.0379966010400388,8.267300997870588,3.760455355951239,52.68494966835845,75.36891492501613,1.9571773585334626,96.54066359897031,7.413496516210028,BEARING_FAULT
3.625883976956304,8.080643096367819,4.14858359353228,41.47044278768551,80.62225247787222,1.9094764552672474,107.39796833741988,1.5879059092885788,BEARING_FAULT
2.0661204212378435,2.656433719984684,1.417067962563863,61.7360995197639,59.5099951660833,1.0646192803199486,344.995316913978,1.2160463529688395,OVERLOAD
2.3245217529097255,4.793607375238137,3.2769592894496364,69.05566460280785,55.795826301606944,1.9086393844712572,104.53724503104192,3.2976950812493007,SPLICE_FAULT
3.0795832198853224,8.19239011957421,4.949914748066479,48.85495150869243,89.91637790120694,1.771860176808474,108.5719287899494,-0.6727964130505502,BEARING_FAULT
1.1559492618699876,1.8398039375213555,1.466208578149833,47.85932159481772,61.79893618476539,1.8676832334297515,83.96783153385904,13.090920480964506,MISALIGNMENT
1.114282281451502,1.3063665345343374,1.3012390238272575,37.49556854424563,41.31060110827442,2.1048707126416564,98.18550930752484,0.15449366559525113,NORMAL
2.7812033410882395,7.57211654177064,4.3911724394309415,43.713649262297174,86.11091191360438,1.5616515596283338,101.36750817747169,1.0460084344866754,BEARING_FAULT
4.008678716609023,7.777056877728354,5.1406348227006715,40.48073987894175,87.4252306270102,1.829048297494724,112.35443286204159,3.156394600891002,BEARING_FAULT
1.0662130674521046,1.2862957472495615,1.3201733478326587,39.80362024678735,41.09386350153041,2.003003147916408,101.75536229578599,0.28580328679473294,NORMAL
2.389203958629364,4.6603761723126995,2.058244521309127,64.67199429079163,59.24436915142524,1.6889933307972425,131.42752646005437,3.8515249009139545,SPLICE_FAULT
3.2946413276895754,9.55784338311174,4.534411828852325,45.03804735976398,85.64033015372208,1.6692734108500265,108.9958455320776,-1.199759303082656,BEARING_FAULT
1.6430705350191395,5.9478369241133215,3.1706051463014466,71.05769196855739,54.99387480845873,1.885196748322043,118.7480167793573,0.864823290030502,SPLICE_FAULT
1.9787144912279686,5.714239224676231,2.9089929229162657,72.30669934982232,49.322409774055025,1.8528118552576887,106.23553396035472,-1.2964994374260574,SPLICE_FAULT
1.3164304141141652,1.9972619986700442,1.3348308322505134,39.827092397377,53.29992033938123,1.9230711749074962,97.76728411566691,10.322661892232485,MISALIGNMENT
1.8506547347387143,2.5432772260145478,1.4335299094848986,61.922154536193126,58.99891666754172,0.858349584817225,434.5037970998712,-0.9925276872693014,OVERLOAD
3.4149241062779523,9.208229321018516,3.704904338372851,44.13809313534264,78.99181286887581,1.9741429036113842,115.264193771346,2.3878678593668825,BEARING_FAULT
0.9979098406035852,1.3729318881623884,1.336385230198006,34.43176432139801,42.74792578692519,2.1100821398422607,116.14778790709852,-0.21406769772786138,NORMAL
3.334315687628987,8.155047206664895,4.732692038409588,43.21054820335514,87.66401703559232,1.8926430997626975,102.76330725802084,0.8533500157114609,BEARING_FAULT
2.1933894265517035,2.9499464907921427,1.2846411887055447,67.53577170315539,60.53036288193419,1.1632953232150187,364.3413330357231,-1.1439003195067179,OVERLOAD
2.0000331306300865,5.4454475181257225,2.600090494246982,81.7284270672455,48.53187231958853,1.8620387546907375,108.89506828329058,2.500797394558611,SPLICE_FAULT
0.7788864690992114,1.3163189907759871,1.2443981991023436,42.34549768967878,42.31726137381444,2.028695585430171,104.91505647246784,0.7826298263165181,NORMAL
3.3539779868780117,8.418575208941549,4.618323456336425,45.82073956294474,79.5894730913811,1.8282660120631136,101.26279129509567,2.454813057113501,BEARING_FAULT
2.3044663312432507,4.415126227635026,3.078343524368771,76.34612791134722,62.490251422682974,1.7763041829359851,100.78069586418002,2.0472412048293003,SPLICE_FAULT
2.250607823442818,5.298207776902287,2.4964399219359836,75.4215053164768,55.24096088629915,1.8421787879693299,104.50544628323364,3.0480700346897116,SPLICE_FAULT
2.0004508765891034,2.865221755818101,1.4252570746750794,70.4183490004216,59.63826262424664,1.1821309730253582,348.3107560857274,1.676155625779399,OVERLOAD
2.14140822547168,2.7165640406900997,1.4308945622606104,57.91283876342301,56.016937151860105,0.8776285226954537,393.6860995745523,0.1177703120191469,OVERLOAD
1.2780764614495153,2.171837898832805,1.6614718416238659,39.4473477328833,61.941020703985934,1.9945929585270377,101.84858654060365,8.786534024541098,MISALIGNMENT
2.2249114599439914,5.3739018114663955,1.8030155189719377,83.43509382686341,50.37722390265342,1.7844174607149705,121.7135064900129,3.049627406018699,SPLICE_FAULT
1.013074057728609,1.591224544651962,1.3855682134576113,40.77864620672478,43.876892800938,2.064648953772577,109.9611821491113,0.3873714806329899,NORMAL
1.2424065017258297,1.545206076777574,1.4795461675255823,43.320179787069435,61.311314910798096,1.7850292527102594,94.66995918173666,9.641110030164501,MISALIGNMENT
1.3614582312317327,2.0641107005775794,1.3892636270050693,39.053027183169675,61.52168104927039,1.8421015780060095,109.43597776272946,9.726247051587134,MISALIGNMENT
0.9848214904964416,1.4200713822391158,1.2365307413653575,36.47557940705807,43.40780276942558,1.966987990603355,78.03872178900053,0.42069963101847885,NORMAL
3.773447324774533,8.613640174794169,4.882146290710216,43.590084217653406,84.49988985458232,1.969188747827524,110.99441015306259,1.1067541198122899,BEARING_FAULT
0.9171004989077928,1.3942407970647481,1.412268886093331,39.12922857829255,43.16042556206761,2.0338552876285916,94.43881253239219,-0.9587784561867748,NORMAL
2.0545846876105403,2.5113576315428845,1.4148382759813292,77.01153475549017,68.17503582865709,1.1248077153535796,372.8682987995866,-0.18132716094305978,OVERLOAD
3.2742788216757495,9.243970182180611,4.497759101811605,45.804190657126775,94.67269118411204,1.6168574143501695,121.23861412322142,-0.48096248929470975,BEARING_FAULT
1.1356240028570823,1.3627716273230277,1.2369028402476017,33.01252403589298,44.661872511800226,2.032159321133924,87.42131844091112,0.4935602043342916,NORMAL
4.024883197440612,6.069959345664151,4.231826986521739,43.00015001116546,79.16273694164704,1.9177883039357322,99.00278154068619,5.09553587730178,BEARING_FAULT
1.1268859583296975,1.9136743131935317,1.521028332233001,45.03251920506094,56.678220833982664,1.7949562371244032,105.10535378451236,9.655212831346995,MISALIGNMENT
2.029165437792376,3.2736835278153924,1.6718439615602714,74.26455598114427,58.25014959824355,0.8438985569525601,326.4516809242443,0.49163718148624946,OVERLOAD
1.7409177007904593,2.901013688626183,1.534209948155738,78.0637606852944,57.21359345192723,1.2824248665173381,378.4424492367182,0.6610276819839066,OVERLOAD
2.099999138235902,3.0881839697510456,1.5752483377074218,61.7758244641196,50.06344885136786,0.9372239482496384,367.1050153055644,2.320729690336197,OVERLOAD
0.9269633368282864,1.1886659386758869,1.3745925358247282,40.42136778991193,42.889726635422285,1.958209045423411,97.9747577293517,-1.7811584144656334,NORMAL
1.0562969236690571,1.3332492446213793,1.438775987356498,38.75060061875509,42.98852620671903,2.0051197901881084,108.86191188584796,0.5779785236395572,NORMAL
2.043434975888487,5.314088665185701,2.4966444183331986,63.95571642817434,54.63967894749743,1.7134085438050282,101.12376453745769,0.7803575665454026,SPLICE_FAULT
1.8788428588499797,2.842334349011678,1.4307042995468784,72.51834926146348,48.962262171643225,0.885043939307322,350.82648086938985,0.055170643640927386,OVERLOAD
1.8922509499450468,2.9460224506474177,1.4995737062356125,68.05932348752717,67.81132555327535,1.4235823831171608,475.59724735433167,1.1873014152932184,OVERLOAD
2.125953000857033,5.687509099717337,2.8844435813429365,81.3686593263477,53.03620038957903,1.8689233063955373,91.94269449652018,5.870304536530634,SPLICE_FAULT
1.7572570297598817,2.1354369926368677,1.6125739278871436,44.12237313259314,59.52832784321298,1.8601554725010632,104.00169605200497,12.247051597651717,MISALIGNMENT
1.7277642342554167,2.316942584246203,1.474231693332013,44.784271832973246,54.13728944078882,1.7446964722160179,112.74683849679487,12.072778437695153,MISALIGNMENT
1.7547633182466575,2.919613840537103,1.5825414597823084,74.6231964036072,57.26725851881762,1.0306056085110664,358.86919027337353,-1.9326291708772247,OVERLOAD
1.2153182457511558,1.2964579880142266,1.387314398594682,35.49457129510993,40.526538758573686,1.8317341305877315,103.55668948563229,-0.7493576894227776,NORMAL
1.7310873791062782,2.759866188243628,1.5843790025881574,72.05606591118624,65.89043684281087,0.9227650131346382,407.27862190081083,3.670957899216562,OVERLOAD
2.986320715635536,7.9818846958909,4.0161717858557395,40.49619641545842,81.00793388456168,2.0186156924055654,97.97272934572707,2.806567939717826,BEARING_FAULT
1.6807288594172203,3.117228186134241,1.5850982678506764,65.46418238170457,67.09922243686526,0.9742064489600705,308.87343880080687,-0.27254980463463596,OVERLOAD
3.7974042681338385,8.757489169316944,5.219798963715068,56.01291804321283,79.66683845633618,1.760935412025733,99.0963830819467,1.9807596188979568,BEARING_FAULT
3.230024857234601,8.027803582633478,4.705680138784854,46.610872757079285,85.33631229597785,1.9493675265236237,127.39965192231448,2.0018364518068203,BEARING_FAULT
1.5879699237152365,1.9813244068445348,1.4439537031170726,39.70103242565572,58.63229609530345,1.9977872272211137,92.57671987123427,11.464389009284655,MISALIGNMENT
0.9765412866624853,1.3278117436268415,1.3757358244956812,37.11355904591252,43.02015388370667,2.057985728529513,97.77279299223393,-0.7925234471152126,NORMAL
1.5980896723692009,2.8213861781648384,1.660370185546693,61.32984126978921,57.23624606466839,1.0962953535372513,449.3613216907859,0.6140252491160988,OVERLOAD
1.4047093798299164,2.0387846466382515,1.5588004093733765,45.284395506681975,56.38478815613497,2.016441174053527,90.17980502789095,10.50616334502109,MISALIGNMENT
1.3279028087767637,1.9174032960784773,1.5277882820694537,35.670485278123074,66.72430703311747,1.803660365880143,98.88152895913687,14.847026975206909,MISALIGNMENT
4.104669365674172,7.939051464038465,4.5173706167695125,47.83611910127322,93.20811300565838,1.8337225105037214,119.7373757807617,1.5509068277024447,BEARING_FAULT
0.9095683374895591,1.3894514892364178,1.4970546941436098,40.54730633222943,44.95634905684565,1.8948690088360656,116.56208252057296,0.01934407081175429,NORMAL
1.3297255829959527,1.8885917666294116,1.6535052181538206,43.147299947077606,56.71473795593468,1.9703492148225024,101.57634558440944,11.066046614386066,MISALIGNMENT
1.0714000494092093,1.4796936870665547,1.3739434064325193,39.53925626029188,40.122968137511364,2.133057490403904,94.49448068291512,-0.40436199269002276,NORMAL
1.1731206552051685,1.9081849497457846,1.5187956499783466,48.364893921990614,54.81095653570032,1.9370340267328845,93.85856468752816,12.161999079923383,MISALIGNMENT
2.957381979085384,9.416513497970138,4.391192288641166,45.619401793241536,83.48400338886297,1.7206463024041834,110.38963072655721,1.4959714112051365,BEARING_FAULT
1.5265759264462604,1.9086081741700773,1.3870190094226889,44.55949591923957,61.08331988235559,1.9585021332287798,98.69199406273044,10.380578376386854,MISALIGNMENT
2.26786898256364,3.0849667204747875,1.5299671977337925,67.76798427821254,61.51481153749366,0.8954198099555989,416.78313756002206,0.1455548851804337,OVERLOAD
3.7352947178060236,8.635940814139156,4.045829374146008,49.22146218700283,91.06452564939174,1.7957813514087249,109.86619480128111,1.7558490401551894,BEARING_FAULT
2.9273081213901033,8.088439295641704,4.9866687248067105,50.596389917053656,95.952914941398,1.842086244893793,98.71701507982247,3.6075833784043403,BEARING_FAULT
2.3624138117905717,5.916295247713611,2.8700530826825985,71.86047906839929,50.86053566317096,1.878542952083361,101.24285596392242,0.7061143608236669,SPLICE_FAULT
3.6798850429986034,8.986182673654628,5.238057437282882,47.84309610070078,87.35947788088109,1.9124373857060446,90.31978351232648,3.514192973132558,BEARING_FAULT
1.497849550726502,2.1300534791796593,1.359724915187649,42.563401014127564,65.44799704723825,2.072307471764625,82.94040905109264,12.960008472267788,MISALIGNMENT
1.9856840320887943,6.1681598507119055,2.2813540746215466,80.94333309262205,58.41708615619446,1.6958037504437655,102.4149608622286,2.178008221106964,SPLICE_FAULT
1.0346448209496977,1.18779784732604,1.2058415649935985,41.78576450214197,36.36022684458287,1.9630792799552554,103.2910677871013,0.047493468251642953,NORMAL
1.8060984096405992,2.8699855123263616,1.5242602813054942,62.118982494756594,59.7106692039283,0.8634155545801818,351.32736926532067,3.958787159570358,OVERLOAD
3.3705403821163356,8.470268097492632,5.342532172666592,45.9778177984222,85.69355657188427,1.6877588017833458,99.83269562478146,1.6231303494411473,BEARING_FAULT
1.0713119223252079,1.7501656546793516,1.4843110972679754,39.34839331457781,61.62245530190864,2.0345935007838314,85.57285213997288,15.027108589297399,MISALIGNMENT
1.8758372369679384,3.2870587632675417,1.4601672987118373,66.12204632884833,60.371368450950726,1.0055044952216465,361.9938732624312,-0.17685048890378452,OVERLOAD
2.1239413932538778,2.8864450124620764,1.548384112502646,75.37580519626854,53.362462547312845,1.331433215830868,421.0024021008319,1.151144234352398,OVERLOAD
2.2109518667156562,4.514038579257833,2.8949455605382526,67.60765760933192,53.92856346318334,1.7541036558972243,91.1974743842192,0.8992928243603575,SPLICE_FAULT
0.8575251813786543,1.5114504055385973,1.38310392779612,36.049992257529624,41.86956915055841,2.1153900734255746,100.4693490206037,1.1785126897984228,NORMAL
1.9109502818451847,6.635592225002268,2.4242597947666384,74.35307219079817,48.63503333884364,1.9104665445655282,92.46475274163362,4.623985580784195,SPLICE_FAULT
0.8808696502797351,1.2469970663782544,1.2316870744980697,41.168170427198156,42.983463518529256,2.132864082824823,102.77358461964675,0.5914421517518549,NORMAL
1.5570367691732208,1.7155174030312093,1.6427887983998912,47.53918776179774,57.83978814659756,1.9150602492844633,86.0065783415123,13.987419518011068,MISALIGNMENT
1.4372487713773823,1.911674058163579,1.6650579567761208,43.26730491870432,61.76708736710546,1.8519425586797524,85.56799206214205,12.06869442690757,MISALIGNMENT
2.102657452751073,6.025584302747547,2.2359055453219816,70.03129965564331,61.48886906895584,2.1148165918465365,100.9716849368071,1.5960000058827655,SPLICE_FAULT
2.463208662761943,6.342583303099563,3.2884976186536266,78.35091579354196,59.536714730305086,2.005423541228092,104.1386223282895,-0.24406634124583304,SPLICE_FAULT
0.8695530499495147,1.3292847240071017,1.2650085177482497,42.85163772490587,42.65032669128789,2.0695402474550297,109.32434870954667,0.6373246830230725,NORMAL
1.6666073395892949,6.644806510587472,2.4287439316155632,75.5334695264055,55.76710597751959,1.851513540122269,91.33140158337694,1.2691645577995567,SPLICE_FAULT
1.4490283100915655,1.8872852921627756,1.6369510134467746,36.17529659813934,64.55581148301809,2.0352039365974326,109.42938619897234,10.409887620388716,MISALIGNMENT
1.3895549820049837,1.7792323405013626,1.7067286644645956,39.84845429783259,60.25613008068049,1.8986026771523925,103.20187854921873,7.770500275417338,MISALIGNMENT
1.8477686858871487,5.573255257870651,1.8584035290262626,72.40922319783817,48.840657229216944,2.0311993189318316,115.35701394954714,3.2320887940256333,SPLICE_FAULT
3.52173611765675,8.417512987308067,5.043379488513282,42.217418199519216,70.00755597815024,1.99025379172441,91.80828042167876,2.3294147837971586,BEARING_FAULT
1.109877685198719,1.3762980393196729,1.3345072432576226,37.511621281783114,46.597103174034345,2.0449473912832308,102.18534042410946,1.0578141808207961,NORMAL
1.0371145873371308,1.5413406075869966,1.3651665293278996,40.08043673574198,41.43931152551404,1.888841975048645,94.85217325085259,-0.8682609615983323,NORMAL
2.882218036366578,7.215749003239522,4.968703141234748,48.035024770624155,87.51431452382965,1.6207974797975173,106.44686130525037,0.47588573279364765,BEARING_FAULT
1.7855667058487452,2.640420547512372,1.4160391627959328,73.79501587161778,64.08040522056969,1.2077617546664945,354.22768050904233,3.2597929544684003,OVERLOAD
1.1277664895788424,1.1868172630824099,1.4057109957965372,35.298137796056395,42.43466349929067,2.0532006198821944,113.25432109095078,0.690472686121513,NORMAL
1.0588317206484577,1.306884949105553,1.209135295041538,37.55665904354758,37.39328363037868,1.9788333018068822,98.37876024520142,-0.5779207768327106,NORMAL
1.2403669989773976,1.9861724838030075,1.5586583884186114,43.56206848926801,58.61121502273533,1.7064570040286193,90.12477037573005,13.43289477455416,MISALIGNMENT
1.0547097381170039,1.4274581017369292,1.3570725509033479,37.01414457275305,40.9457572928588,2.176118812486737,105.8590420116465,0.6577631761503737,NORMAL
3.4444814396217858,8.005539776834972,4.97458303511908,41.656240895333966,82.69575408448623,1.5201240367194846,100.31651311440551,3.8528009080639896,BEARING_FAULT
1.4651753969136958,2.1656113777973935,1.5809121028877755,41.46145627538256,65.0972784039892,1.9008857703668895,96.88324114234766,11.833746125180081,MISALIGNMENT
2.5914820612024103,5.006257845414115,2.8369252624286974,65.66013086296984,54.98412071616434,1.951521432610492,96.13305918787341,6.763889966831249,SPLICE_FAULT
1.9398189240027373,3.051983361922608,1.4405502277573277,65.1093859828227,54.64765878489965,1.0462186208656086,387.6783313123504,1.7209168228728915,OVERLOAD
1.238946701162337,1.7453088311933138,1.5417864208800303,39.421159458364635,53.99832296917348,2.0106774518624326,114.14840662825554,11.440378628410265,MISALIGNMENT
3.1564622886804163,7.820554537645084,4.114886508444929,40.05058523984333,77.2768307265464,1.9274282980491186,106.32508096842182,1.7123389003436915,BEARING_FAULT
3.0223365375634734,7.962700187828265,4.498261395149032,49.178105719272565,109.57069361284802,1.9281476008760676,110.37365424934825,1.0138917242973273,BEARING_FAULT
2.0393366419182692,2.8362370697503327,1.4533381031824355,60.173830989424296,64.16472721412521,1.0684463594334632,334.84802429288885,0.8725501046677788,OVERLOAD
1.9737026084360783,6.212276351444816,3.284435010811536,80.80373884497243,58.75416054673408,1.8357096989087218,94.28770705548983,4.312835542994877,SPLICE_FAULT
1.446484216907095,2.2776873879228514,1.518927344410593,38.80190348511696,52.57126144609225,1.8456579570223481,96.24891005056436,7.988335189338759,MISALIGNMENT
0.8086719755342202,1.214941314324195,1.4215939501555555,40.6905179475966,39.247491536957206,1.860288181488701,103.95819781095923,-1.8593367716600575,NORMAL
1.1666939399238136,2.464866118200609,1.4201702757544241,40.63440328555152,64.37220113924451,1.8205106352998308,111.93611755172589,13.066379728726297,MISALIGNMENT
1.2898650017043443,2.0797338320678347,1.54240712481237,40.87309901784798,48.62496306264032,1.8687163526948476,74.91042821504925,11.494542904217512,MISALIGNMENT
2.1060515431359663,5.928241131796816,3.337829540058992,63.26207670779191,55.64381868174217,1.8066330031318503,114.38856034058374,0.560372898013459,SPLICE_FAULT
0.9423228669431667,1.3680502686172293,1.3071737451236862,39.997772756163386,44.056523216370614,2.043477006455689,116.29642131112799,0.08127842205619876,NORMAL
2.327037499549117,5.541055186724742,2.3417121190983528,75.54154014074525,57.85445793184152,1.6913458470267513,79.46243584639282,-0.523837953675284,SPLICE_FAULT
1.0514438834058748,1.285771774612732,1.329811719829897,37.99787421627006,40.35137917621339,2.204686219571956,106.33326826071239,-0.8388926740257363,NORMAL
2.2853535947564936,3.5804412128726932,3.264625085909397,61.24894730394143,55.68486544799334,1.8041679364242325,113.34538331008075,3.696174317601849,SPLICE_FAULT
3.4936889244401317,8.429969669380162,4.031471161766933,49.221412269884176,88.7033022359449,1.8814477803586658,115.54183164637307,0.6221896546445981,BEARING_FAULT
2.4575376527917094,5.718334817290033,2.7192703408961827,79.82718590426644,57.82627528128994,1.8249659316034552,95.99843504991172,0.9795004205429392,SPLICE_FAULT
1.8300235258132922,3.077416541654026,1.4721689744123423,62.77978032459082,62.456370103631414,1.1643559351351325,482.8673143402464,2.9599256039425716,OVERLOAD
2.1083854026181323,3.236361538266327,1.5620500899099163,51.04747907516192,57.487067430471576,1.0970478868507596,370.5018967129078,0.5161769346600678,OVERLOAD
2.230484094501904,2.7390045143747477,1.5995526691674113,60.14158719566113,67.94947797405347,1.2617639291709422,382.0701050221118,0.7780168787157197,OVERLOAD
0.7876104275690193,1.2339628628244945,1.2687342544817284,37.458824954712775,38.39039743383257,2.0212574030632213,131.52056734512084,-0.0059547092127293835,NORMAL
3.7100578635153085,8.057900412491914,5.182664374137911,46.95205394550404,82.23890215618728,1.8498919138424963,97.8186234123727,-0.6018810212996524,BEARING_FAULT
3.3327004338880677,8.636017167415337,3.888887140204023,39.17810609753074,79.40344577137263,1.848303071948282,103.70163674150596,2.311576476092495,BEARING_FAULT
2.151024356588892,2.934379219831884,1.4730506244296013,56.51322193180208,52.29621095842319,1.2519414327004672,390.02826398229564,2.3829049019280335,OVERLOAD
2.7840465887038346,4.721371585230977,2.30890155716885,71.20461145836539,62.99785061035295,1.679122359941484,93.41912950654421,2.6434427440315975,SPLICE_FAULT
1.1167782061659808,1.2733245902772599,1.297673945349806,40.05070796960143,43.40001294589824,2.034670997760492,100.86110868258977,-0.23591652931212392,NORMAL
1.0686260190374512,1.62586777483431,1.3208037816365692,42.08197578751595,42.251479883788086,2.1370536143996715,99.55106969877463,1.2554036094598964,NORMAL
1.4119360302413249,1.5857695297764232,1.6696718681190648,50.1323828971216,63.15826887287587,2.097407868774502,105.3034290167058,13.485653786653655,MISALIGNMENT
1.786712303180932,6.491700511803416,1.913945905024564,75.5880820688199,56.037641389317116,1.795199889211433,97.08983863450803,0.0869994206519602,SPLICE_FAULT
0.9530525614065047,1.1365535701314866,1.2377915782560247,33.2564278939036,44.434189663474776,2.1082691053887075,86.50423788448468,-0.8568518651277993,NORMAL
2.4740308190635867,2.5018237212473817,1.4447075983763766,65.1002052036053,58.92216028290525,0.7678597721173174,369.43851031903125,0.3497322681946998,OVERLOAD
1.0681952971294963,1.4229475811659849,1.4710759794593706,37.31420025397995,43.87652405049311,1.994609515099426,99.12564671222819,-0.4174303819894322,NORMAL
1.068605145999844,1.3644037592061915,1.4524813089388091,36.19872930278388,41.8139879719019,2.1384532047593905,97.40199859232487,-0.732968899123759,NORMAL
3.6262877689186097,7.792732752735495,4.356849298552906,36.50648584640709,86.2069410280925,2.099422847963239,98.77935165055045,3.6173200582386533,BEARING_FAULT
1.0404050856814537,1.4227211941614768,1.278122561456717,39.343150777430836,39.523768410063134,2.0361417317273105,103.07612668189196,-1.5978721344948377,NORMAL
4.090697468315316,9.335397553901199,4.812538398502037,41.80591843126389,94.212121167464,1.6774356812039652,117.83888783270268,5.508235113942021,BEARING_FAULT
0.8392516765438772,1.2750217706765186,1.3849550535797082,38.80738082373532,41.34894884872689,1.990090569975873,103.216785413765,1.9483426447898131,NORMAL
0.9090612545205261,1.144779792881205,1.3923754203485386,40.2437307683526,50.95577700781023,1.9387833082845178,117.03172609918037,-0.10726476581094174,NORMAL
3.394873270681176,9.440836157231468,4.753966334981008,37.976928568967786,92.44698631252554,1.6551192548617355,121.9045266958584,1.722796523462257,BEARING_FAULT
2.1642072064590927,5.702884195214759,2.23296698128173,76.33025983327198,60.06763067545493,2.0439710668988047,121.38190470777039,3.1728570033180317,SPLICE_FAULT
1.0733048401707967,1.8212026637513758,1.5823017104306192,35.924880258971484,63.63894013555823,1.7746598281704982,95.55053609104748,12.59700267581444,MISALIGNMENT
2.4456724919041855,4.928218699895557,2.7014727035027306,82.54407140421009,61.23748361784137,1.727668791946929,85.01923852080435,1.981256882958471,SPLICE_FAULT
2.4182642121371862,5.708971748600091,2.271902960729676,85.40433153484884,52.54835777828697,2.003501093281783,123.98837038261284,0.3747884790487874,SPLICE_FAULT
1.5795078040036472,2.5340082492386204,1.5005205261894947,71.16775401354678,58.459261852734315,0.9372287685256502,414.470440881572,2.84309208284338,OVERLOAD
1.0301547342333612,1.4823962258419827,1.2450531014119872,36.37197860079794,42.98363857247807,2.025147360894051,98.4184615562768,1.0059245117964166,NORMAL
1.6721140084907498,3.1135168435693616,1.4788110468801758,58.533536390417936,63.79423882919398,0.8367346953093259,383.15227913624886,0.254555300619248,OVERLOAD
2.2419829871912476,2.800067184398736,1.5966125325530311,65.26438780947763,62.205179174253814,0.9939885227536471,365.80677759918433,0.29506319024027283,OVERLOAD
2.1673438357801897,5.059835232348016,1.994258682125832,64.45158645294785,67.51818321144167,1.6747819685520322,97.66287093308978,2.9239960474061855,SPLICE_FAULT
2.213261852464136,6.2467293944578355,2.963565895375977,57.68063976338078,48.74785727479703,1.7891661571688449,96.02054535375866,3.158089795875674,SPLICE_FAULT
1.6910252379872222,5.307308687721906,2.6532690173853797,76.61083569733933,56.252862445374355,1.9106425557190096,95.81545609620585,3.5700940458256234,SPLICE_FAULT
1.5004137582138435,2.9498676724747606,1.3087148646652171,53.80252439090246,68.92279444426794,1.0882836484830816,385.01008765087215,1.2066376077610559,OVERLOAD
2.2568679581526028,4.847851783049973,3.075133712036531,60.27801262028265,53.78048525699579,1.9176144225921488,112.80355801273643,-0.7466485595216428,SPLICE_FAULT
1.2133186249872916,1.825326314999383,1.5721964690087789,43.1070493134755,62.524810207471,2.186521202308596,93.41617282059555,7.804760541663088,MISALIGNMENT
1.7963285866905825,3.10831562463386,1.5573558836877426,63.01604802574201,62.71669798499524,0.9993183387299168,411.21927328399005,1.7527780740398362,OVERLOAD
3.8502625452912946,8.136831594109719,4.646017860865454,50.60039924731126,75.57323100154524,1.56087259804119,112.58244776154798,1.6838327354261573,BEARING_FAULT
0.9522342553234884,1.1899169406098156,1.3592020863317935,35.21146741942277,43.80635496117745,2.0604120889588518,102.63550811954785,-0.39987823866837147,NORMAL
2.576409209341797,3.1595105708120377,1.6110753172414642,58.361935057537345,53.45134012816184,1.0658173567427143,378.45256228353264,4.353141152135441,OVERLOAD
1.412677771372299,1.6463726390049374,1.723858413000526,40.10018188586918,59.25314116051651,1.9440353993877912,120.37210639718359,11.04024225916172,MISALIGNMENT
2.0192696528453733,2.6257776728330646,1.5734425852809668,60.01227262710866,57.826325159379046,0.8452324147399625,378.889757177803,0.07702917688943856,OVERLOAD
2.233266651430246,2.495301030736052,1.5635245536603957,66.10861190149414,56.54824066936855,1.10215729943664,369.5603135121325,2.493932392339609,OVERLOAD
3.9948603901914868,8.323526523257133,4.395888645193623,39.36630646317597,85.29673873549164,1.6825036864912406,97.81966917827725,2.8485622992556867,BEARING_FAULT
1.0651391251305797,1.373586573181389,1.5232001875920869,35.1802906966734,41.980436054311625,2.152323862171226,100.97670376748336,-2.4980610174929394,NORMAL
3.1266115366299836,8.362210070278453,4.196668029624717,45.62263319068696,86.97830500502191,1.8362872476482248,108.07961552080296,3.1609675040111616,BEARING_FAULT
3.5444353405219333,6.742808649938981,4.033720305776647,50.90949024252344,85.70371421979421,2.0133892796684965,109.40248030210398,0.4839566569173459,BEARING_FAULT
1.3364360476965944,1.8623595122454357,1.483728649746487,39.153141516693964,54.849285849288265,1.8966974736280438,96.15818334293024,14.328384109567798,MISALIGNMENT
2.613468954001045,5.500696592032524,2.4427812358236625,83.71583488124938,45.451011651705365,1.9503477171693042,121.53656747976723,1.8613325837013965,SPLICE_FAULT
2.306809740138142,4.088328118068785,2.453438736500342,72.58815232653166,57.975044010541396,1.71844452923765,94.60370951531412,-0.3539264101186488,SPLICE_FAULT
3.6413575189835825,7.611911984556751,5.037560374490878,39.407671840324866,73.72812560038612,1.8665513590332174,118.43008083736132,1.3424977456438176,BEARING_FAULT
2.33369305134703,5.051545452405739,2.996295150091747,68.09557246236866,47.98250491500756,1.90503041359383,84.31918757613386,4.3277420910886235,SPLICE_FAULT
1.8406438764022268,5.594181176229256,2.5930190218128217,69.9533725283442,54.136983761915886,2.2020326847405527,121.80196341689589,2.5584755085507025,SPLICE_FAULT
1.0010233061019587,1.26228839520697,1.351175055578336,38.59194712221679,40.38347443142179,2.072113536254558,85.23075072468099,0.544220352340347,NORMAL
1.153803656646597,1.1011931721110222,1.3987310496725742,37.355236909133794,49.09161748385808,2.1702514658129606,108.7231538002845,-0.5237313027714218,NORMAL
2.5292007637409633,2.663433825735188,1.471971728692282,75.2738281246256,62.52694505866069,1.0979206798243595,371.177170748341,0.06024967593500996,OVERLOAD
1.6045064770307509,1.733163030253475,1.3811627045475214,36.341613888146924,60.71516139644826,1.797624405229215,98.71601734082391,13.390354823022832,MISALIGNMENT
1.1179440120721287,1.2298055988126102,1.160965405156653,38.56911850283119,41.90568248887567,2.1972542176789807,79.3491695374368,-0.00811320161175029,NORMAL
1.2270692857804395,1.1615399275652187,1.4108044770951682,37.85404294528865,42.86617098847507,1.8777104980444437,94.1509234658223,-0.9784995458666064,NORMAL
3.2228227079411726,8.226579966888576,4.139805820599764,39.087545142449244,93.87279572381375,1.8739424715700455,81.78514657922422,-0.45826865637445735,BEARING_FAULT
3.474240983750117,7.680535981679831,4.276772760872476,41.24728059511503,85.44383935012304,2.0103314384254904,98.49526000540783,1.143279176777369,BEARING_FAULT
1.0926177547531641,1.4697612131831583,1.3780504079418847,41.15584285316876,41.863463264096275,2.1180640912452144,84.99778138553064,-0.9928660010855455,NORMAL
3.0848818107927265,8.291540861708278,4.627892126163182,46.6773674898465,86.88692052599657,1.807703813820402,71.64098450530904,4.441076748058054,BEARING_FAULT
3.6927606528161356,7.3452199310958655,4.37825946518355,43.64265662233576,87.19148589545071,1.6684299092328865,101.33880310624653,2.2595452065930943,BEARING_FAULT
2.2262875465509895,5.647471010428714,2.2839659957386482,70.904467459794,53.10798747041276,2.0353756815661113,102.28084617038596,1.5173979565973772,SPLICE_FAULT
2.0001048350366126,5.604586602115946,2.2089927297804075,70.21894290620035,57.323976347219826,1.9661627248011513,114.21834906005519,-1.3477958566975752,SPLICE_FAULT
3.4758877003888076,8.556596633978113,4.194085591630048,41.55434908325463,93.30923429855788,1.8126511548297317,104.64098702399892,-0.2721618923659648,BEARING_FAULT
2.0337940603356675,2.7901376544542695,1.4466155356185082,62.70937281995574,61.41963943802361,1.192459143579554,396.1896432303521,1.070022601242942,OVERLOAD
1.8462639743709892,2.552090414420239,1.4519837716806956,69.72365775873749,58.38158622979406,1.082918508839639,358.04422370425806,1.73865600873125,OVERLOAD
0.9062174960084877,1.3128993451837634,1.2894563929144431,38.639881122118815,41.44642392703245,1.9323004861541468,105.13614464231097,0.8468821038849139,NORMAL
1.5683561328054738,1.9420992597843005,1.5541769048599798,39.95851785670786,64.97717041099592,2.036016813082801,113.83194515329343,11.547822173694358,MISALIGNMENT
2.289048132563764,4.388594498134074,3.1086363980702325,68.994593046537,56.02980358104542,1.9596667689831144,93.17231521661087,1.7221657260501535,SPLICE_FAULT
0.8372457562116837,1.3863162558286841,1.3071229243908762,34.72489737158206,41.65131287063412,1.9802062271015317,91.1924591039727,0.21060083929764178,NORMAL
2.396850150603884,2.9726070173560375,1.5248305475735984,66.97209409697889,58.3510087147708,1.1478240565369298,392.379240843289,0.503784220716592,OVERLOAD
1.2849703942993171,1.8790064584872752,1.5083874107879947,41.87612591464602,44.13092530033042,1.9435546318992363,98.96187515597033,11.259996451603191,MISALIGNMENT
1.0183342005738352,1.0591344808045253,1.443179148356574,38.554221736687175,41.27550766238766,1.9035462205089808,114.47305699391806,1.8205439079418155,NORMAL
2.1182037674819583,2.669484219929242,1.513356541553598,79.639246801913,54.64402571065507,1.2579682178785705,396.8627678624785,1.2024092952448746,OVERLOAD
1.4542615263141452,3.76348896545705,2.893586955279092,61.36703385719958,59.34327029218314,1.7388576948291186,86.58642344988522,-0.9770892780639029,SPLICE_FAULT
2.1131550192436452,6.545091048975829,3.0558887938913157,68.01836207984284,51.08528460363808,2.0245597149662053,100.81121236860183,2.8094082253208814,SPLICE_FAULT
1.034175597577716,1.5304077962120581,1.3641153244221782,33.728128542649564,39.69001180140763,1.9183782755458034,105.53149156379209,1.0215153927818639,NORMAL
1.0058208718446,1.3533982051356555,1.4460331126355541,37.51079910816871,45.600236869280586,1.9627680947062076,90.06641300418049,1.0800560591393102,NORMAL
1.255132605070406,1.9486269310276978,1.5172586544391844,44.90338340701028,63.51860006861298,1.8590659424781375,118.6906650367826,10.652911164877224,MISALIGNMENT
1.0071566237219391,1.3626450607375153,1.1999862024283405,32.46143641328572,46.54918216576072,2.106837933369402,103.95798848709747,-0.2656045602861052,NORMAL
1.075138712337179,1.4760785275209136,1.3151610903544126,34.699537301084916,45.88761534558904,1.7783181160645936,89.60193468973115,0.11179915820338826,NORMAL
2.439253092063437,5.040469559007628,3.469162957574105,70.00389028891306,44.90869923335486,1.8110680901901817,119.72436543295902,-1.744490124490515,SPLICE_FAULT
0.8241260513576886,1.2272648921761915,1.4182218940097777,41.022541069510766,40.900478938895844,2.1101322957735764,108.0212845861812,0.4253213083301104,NORMAL
1.4899366311868032,1.5999046901673997,1.510090474418015,40.04433425240586,65.71138313830652,1.6056858434528265,96.13070553400053,11.550004596583621,MISALIGNMENT
1.051378595091221,1.2925501654003828,1.470106692156439,35.54873410679543,35.38330182870279,2.083019181186261,80.31495786561946,-0.3849428884100812,NORMAL
1.1479944138890026,1.3455333316188192,1.3120077074701981,40.936574152345386,35.6083005605784,1.9786543220649562,114.20504287271064,0.24309172766069878,NORMAL
2.2046486545858035,2.5984248068605025,1.6677239592974458,70.21743511192052,50.667759236182626,1.0485923334682785,339.34741802674984,1.8917635039472043,OVERLOAD
2.00549308890325,5.593551151630667,2.67525421309204,69.69179788791092,56.37831790867615,1.9349734568221508,92.72857014464456,1.208567778249714,SPLICE_FAULT
1.3827796626861404,1.7492275772618076,1.469145187320863,44.67017319742638,51.461117174261695,2.0638960527599832,119.35861025680605,12.236136987860084,MISALIGNMENT
3.7456145055828833,8.704645482787377,4.871504847025038,44.35428840786873,86.23011063635765,2.211466930869562,109.07418034651975,0.3027211591545509,BEARING_FAULT
1.60265236287305,1.7405772867550038,1.721738254131409,35.804091674878165,58.53091459720108,2.063012996487441,93.21665370664506,11.815379473674355,MISALIGNMENT
1.4034793967836061,1.7861703602654933,1.562424578473901,44.06057373303677,58.29845940289868,1.7541786886181248,116.66663259227523,7.851316564536074,MISALIGNMENT
3.290887513373532,8.534067968381287,4.291604174430829,47.20229437480639,82.46653209629272,1.6841647467987688,102.5344639242401,1.4407251866526585,BEARING_FAULT
1.796461685850599,2.6647779168091743,1.3883059115897636,61.15150525985939,54.21936316424484,0.8676196332278243,318.41652700488424,1.9182352104333273,OVERLOAD
3.701661820380111,7.384832069860166,4.163890563723798,49.436831930346926,76.05684529023834,1.7853161392241796,122.60628034624493,0.5411757888199172,BEARING_FAULT
0.9481729781726352,1.4087249473473502,1.4265361853435667,36.22260722254132,39.70003023664996,1.8882813538292997,112.29214784297051,0.973101561015072,NORMAL
3.7581187833724172,7.016663173185346,4.207277489540016,48.381121218427396,67.85824122881164,1.640779054061456,109.81495320567124,1.806667755784761,BEARING_FAULT
3.679432351700739,8.336778226025173,4.667710660240185,39.225126521619785,73.29518999000241,1.7169097974236638,105.3949676120219,1.753083866018816,BEARING_FAULT
1.1465648768921555,1.2551430653465627,1.2549921264776391,37.606229098723084,45.14195311986435,2.120026174973883,86.27140548518936,-2.391956204313024,NORMAL
2.2092477886584185,2.7484568608591977,1.60892722469311,72.29603923346886,52.3963923518294,0.6825559351485171,421.403698687562,0.5270827188217843,OVERLOAD
2.1626669071980213,2.76920542796481,1.5655554358288453,67.48252521768433,57.219177152890005,1.2541329070512737,399.26135275680684,2.868335222025438,OVERLOAD
2.9040255181439107,8.24476801955027,4.53296555428945,44.1165828794818,81.89826506806746,1.8691183272392102,94.9886244211485,3.9636288688924832,BEARING_FAULT
2.2995021884905835,6.688092610918836,2.4396523927204896,74.37001933057154,55.658626440325754,1.923697723284528,93.17321177839403,2.856909363120655,SPLICE_FAULT
3.1326735450686396,8.61970050822012,4.656619124500356,43.33323205281706,104.87012794070006,1.9492526369423835,105.74681639454239,-2.143668505749969,BEARING_FAULT
1.2507239060151143,1.7327816659560746,1.7029314112025098,45.49218045775781,65.41871955101854,1.8215836141640167,106.56929066342089,11.662077805634427,MISALIGNMENT
2.1356833204069665,4.841828921707221,2.7230896881923647,77.12587333949762,58.80159657879712,1.997573783236726,131.98734105502464,2.184124591093125,SPLICE_FAULT
1.239611825936738,1.9095650639569366,1.672270788810788,41.43295710695258,56.439640339736336,1.977759606179227,108.31211103199756,12.404060647334653,MISALIGNMENT
1.5044484293120484,1.9075083682973641,1.5420261229628653,39.3675479335331,60.22447947504942,1.881277267849312,89.42485329706568,11.13178321720448,MISALIGNMENT
1.1865774511144758,1.4091981481057068,1.3063004441398014,31.592977358063912,34.092756782949365,1.8762573361777428,101.03438129308107,0.2270344788648889,NORMAL
3.8583403520411226,8.013296785089931,4.834537627248182,41.54560642907273,90.25204866540182,1.7545370884331979,111.85558363217184,3.342172940671393,BEARING_FAULT
1.3974490888274254,2.1510291576749805,1.4251761546853432,37.57121236799466,64.14428275100279,1.7015312058554088,88.78865987242078,11.856705827542898,MISALIGNMENT
2.401050178639139,6.395699134819094,2.872960025968328,78.8905372870742,50.16018580269102,1.9274461606108257,117.06167130884461,2.4113093318594356,SPLICE_FAULT
2.047862678989338,2.6887206689176995,1.4719888992249994,74.03117599327423,71.01121636686457,1.0115361138999297,425.4886535166804,1.2806034069648997,OVERLOAD
1.9653439767993706,5.3808305662729214,2.0930525515326557,82.58488299663658,63.66941569189304,1.6283119926973308,91.41938282709482,0.9862253002655545,SPLICE_FAULT
1.9136787848274572,4.963333479887692,2.506315622100133,77.77261693994477,53.345882386378975,1.8541593718468623,101.76196291904267,-0.8494918186923606,SPLICE_FAULT
2.7050244534228005,6.2371105638489475,2.5117249045505243,71.94237344801343,58.90197797292593,1.878489433881313,90.27588392166257,0.10329178675665074,SPLICE_FAULT
3.3849188447483534,7.80296788591296,4.491315996245451,47.251916727619424,89.95725353410518,1.778215703124162,128.18102260463803,1.4712703643979879,BEARING_FAULT
1.9200231804992716,2.650890792800227,1.3884873737336512,57.049057068813426,59.195475308617006,1.1347509026292593,333.39631599010204,-0.4252631931046924,OVERLOAD
2.549339407753664,5.990491468393715,2.8216198049817907,62.11191772219158,56.188986815695294,1.793777608488794,103.16232717292567,4.210596505749732,SPLICE_FAULT
0.9446350694652818,1.415232018551332,1.2694765947776288,30.187358430118596,45.53917562508213,2.0018819049740597,109.61987189071841,0.24608361531640882,NORMAL
2.37240789811228,6.125825516101829,2.861223213604687,60.88309051803119,50.24035576161874,1.786117319568059,92.97801913027057,2.7603547752108923,SPLICE_FAULT
1.0091760776535503,1.4622814071776955,1.3653639293192026,32.94968542333715,37.98418260083025,2.023402445435315,111.91707497107065,-0.0681234251679531,NORMAL
2.458055236065423,5.856679888931937,2.877715241851125,64.47851127238835,51.135481681288994,1.8247147423308594,104.28927402702755,0.6046177119075908,SPLICE_FAULT
1.3381281482168095,1.4552851664125606,1.4081621604718138,41.18889990971649,65.5997600295715,2.0121689142387917,102.0786050106708,12.56271623961303,MISALIGNMENT
1.2455041587834597,2.0947452461704734,1.452736564421405,38.507848102782525,59.027278435181515,1.8961676164302628,102.04797877281918,12.660322744692609,MISALIGNMENT
1.9413731162135273,2.7543943283101906,1.7359614259100105,65.51206373312306,57.53557543808141,1.3397971390386667,368.8231315828726,3.4525715059291873,OVERLOAD
2.145004947393009,4.7792723086640425,3.0921925081546315,70.15410653888846,60.407032721962416,1.8931427792336388,99.37771862766168,5.629346895425575,SPLICE_FAULT
2.3086552966314082,4.919087949567344,2.082451335105626,67.9911269425918,50.2957323520891,1.6839093209585092,102.3242611782243,-0.5301711961964672,SPLICE_FAULT
0.9160278157819224,1.4442960190381,1.3660455357784755,37.429882894995515,44.623551222397566,2.21650560678066,113.62562852712452,0.2094700836477726,NORMAL
1.3682923655273045,1.9404560815242438,1.7027257680765517,44.694351972367045,53.096059957932205,2.0664641821966274,97.27573099069129,12.49953325697837,MISALIGNMENT
1.8321731021572285,2.3706435000292743,1.4151095343629536,64.19005863213764,58.2289069204168,1.2308135293300677,403.98993546042726,0.44422996510919555,OVERLOAD
1.738879603879341,5.11220962138155,2.7138440614885173,74.78182823020792,58.124602320511784,2.0149173944785086,106.45210878914062,0.3936154097458875,SPLICE_FAULT
1.4317094851205987,1.5962060438373369,1.4262769669823232,43.382474596211594,65.69598600087454,1.9002231622162402,102.31730942030393,12.82188880767895,MISALIGNMENT
3.2979930917019296,7.5677715776834535,4.171711518326539,45.39130596740907,83.1392060925161,1.8784740050103244,118.96943456232822,4.481301241535052,BEARING_FAULT
1.2842342063910686,1.9268332831991686,1.512753081034692,40.45228406060298,63.37610770590958,2.017066162931766,104.17095324423246,15.071062913439189,MISALIGNMENT
1.8918059730847085,5.9462977807492745,3.4654846329552105,77.83191229878841,56.81148401823277,1.556300582918041,107.26928531041065,0.9221756667787844,SPLICE_FAULT
1.9430268603085414,2.747719889659922,1.5524584683047615,72.78749903396458,58.441462037663925,1.104627423913541,401.76770526446967,0.8783938884879628,OVERLOAD
1.0117327383308783,1.3555723857787378,1.313741756053818,42.92801885976789,45.135265422254264,2.106137096487313,96.77971845507942,0.3794053976051097,NORMAL
1.3852731490654722,1.2426471237336596,1.3299333586835962,40.812710412879674,45.824625123836164,2.0451225319318507,108.1079864559171,0.8761691671912328,NORMAL
3.550163471790338,7.6232081517887975,5.373529572276757,44.61939795177288,83.92284726540164,1.6781295251561499,116.20056637899783,1.7919428668761166,BEARING_FAULT
3.963426197128929,7.746673788210685,5.7376569004680515,45.82753011902716,93.07193181545318,1.4169553476527104,103.5717336140485,1.7561983559007035,BEARING_FAULT
2.1988986734558456,5.539707299119062,3.0517141833322503,71.98104171206155,53.21772106722049,1.961948199333151,109.5913919892011,4.323566402711579,SPLICE_FAULT
2.214567607545468,2.4484198212330415,1.3818004478102175,76.71766732399703,62.86086565518732,1.208148373014638,403.2888077224197,-0.29794891270227697,OVERLOAD
1.7487009958779227,1.6011924413420497,1.4760627850341268,39.555395553271964,54.862896327868135,1.9235135299366188,103.2717055287779,5.956790397075914,MISALIGNMENT
3.2439078018127945,7.2500689692509495,4.13207321204382,44.98500586479259,90.36794121671139,1.874451961660574,106.35841748108112,1.0272119101148331,BEARING_FAULT
1.311582140009192,1.847648341955781,1.4865263884730362,49.68150887806705,56.76329806487421,1.933897589366826,101.46475611653318,9.00547008406317,MISALIGNMENT
3.5020341584512935,6.216339540710498,4.18986785166616,42.269839815385815,69.66959387201834,1.7472189305570227,111.76888204480716,1.217112223340525,BEARING_FAULT
2.0349553396295526,3.2212948845984855,1.44467589981602,67.52816152584025,52.31486999436036,1.1786345269928047,423.3455086177942,-0.04771063731971914,OVERLOAD
1.0856398794323472,1.3749225224595734,1.2957827704198317,40.26287398944072,40.62809503473963,2.071232215958016,95.8758618178352,0.8199252526352343,NORMAL
1.9624630419956404,2.51758555415822,1.6344284575234596,56.294522428435926,60.83845767429781,1.2351162697685838,401.0066573384687,-1.7382681634770645,OVERLOAD
3.4041902732355727,7.354095954972711,4.4792410153659645,50.12791344950674,99.31550968861899,1.461092061314372,113.29343925226281,1.520753584833592,BEARING_FAULT
2.3185680646835927,2.920221176107484,1.647170889836189,64.15310196594316,60.808957703013604,1.0047041945567503,413.7871456530915,3.274521198698796,OVERLOAD
1.0203463635867223,1.599209758027301,1.3759487425377284,35.05650340658096,43.37305975816066,1.9935815838711182,80.88359449348243,-0.6994952201676432,NORMAL
1.477903811845683,1.8148488790696817,1.6359608096648492,38.14200088045052,60.342700807730346,1.8840251502008412,105.66602148392725,7.926938619235923,MISALIGNMENT
2.1765490191592622,4.52804811808694,2.838267916259071,71.44303065709704,55.08457108588302,1.5961326303057586,114.38283210855647,1.396308211694489,SPLICE_FAULT
0.9399783122841205,1.376854554196668,1.3835625955125623,41.61165331150645,37.30559168591383,2.0134296497247792,102.430047220544,0.7565646749131401,NORMAL
1.2623035843083894,1.5505556666069489,1.6511016675746006,41.93269184405828,59.981834782336755,1.9682338782059658,106.7929381998235,13.054302071786303,MISALIGNMENT
3.3095929009604226,8.556234181331508,4.775530062107967,45.59385472618756,90.0894439094723,1.8316389242945896,107.67210655145055,3.994059024005245,BEARING_FAULT
3.835690057867516,8.275555955480463,4.356207926203951,39.212468132957184,94.6901239719441,1.7183140602264313,101.67802283858066,1.0213228654531448,BEARING_FAULT
3.428318938272344,7.615712262006916,5.263654112097299,41.011425812857254,80.55157954016477,1.9305267262120156,103.24620315679019,0.6790681751919406,BEARING_FAULT
1.1676437312275283,1.3837429708763251,1.4856040832344604,36.355138110528195,41.794097861743595,2.1311983738573947,98.39368880474505,-0.9748065759228419,NORMAL
1.3113072816797158,1.9278995592294916,1.4702418682997525,45.22086583172271,57.49006672703161,1.9091124867253375,97.24160040103544,10.937477171691508,MISALIGNMENT
1.901852413342819,5.335572406668558,2.531175375587471,73.0471179989948,60.50195912027733,1.9552561543253422,91.30090856833792,2.890194515684291,SPLICE_FAULT
1.9369743305586307,4.759212749510881,3.2765682104080858,82.15496946894096,62.27837428729178,1.9548109783936791,93.87975125446172,3.9512225529236438,SPLICE_FAULT
1.0248220586300336,1.462892542558586,1.2333958800428055,35.72451399589979,39.11986111416161,1.8706492374795904,103.59475797547125,-0.30561061415380336,NORMAL
2.836037774997927,7.287211646437256,5.217532706001056,45.435139623443185,106.31691593601147,2.1144241914076427,88.0354184555353,0.5629287497200876,BEARING_FAULT
2.2178963695021254,5.861521219352119,3.0419418718530813,72.76890165193667,52.345817971426584,2.067615662875826,101.07778841872587,2.8037693262550927,SPLICE_FAULT
2.2880871597404813,2.735383513341977,1.7233115917132178,59.314815554167325,54.544766414029624,1.0357782003510794,362.7407417479462,1.853154543009173,OVERLOAD
2.2105675919043435,5.706022209877285,2.8260974217211734,79.27129402730152,50.64395510483494,1.9409507640813488,112.05411015482431,0.8692255817597658,SPLICE_FAULT
1.3087990785594015,1.8660295284644537,1.7548795771471069,44.80816850380805,65.18214759779434,2.18242204263952,104.78140575555808,15.10902977880952,MISALIGNMENT
2.87385640406748,6.239720074832029,2.4099224561670756,70.9055837855057,59.5185918052496,1.810039643361643,106.3605107477594,1.8063086780964306,SPLICE_FAULT
1.2317704778862457,1.738840069023159,1.2853646752692913,47.080641400241014,52.74972605088407,1.946644459684026,88.25797704279853,10.049215515570916,MISALIGNMENT
0.9060120213672644,1.1608329411618903,1.428858399654389,34.00905912278303,39.4882127068509,1.919503351914744,128.14654444472552,-0.034550623953963515,NORMAL
2.277111150430723,2.8028186063727545,1.6307964192549345,70.44711430945922,60.63586959597143,1.2895308516194763,389.88900598423373,0.8000262902228406,OVERLOAD
3.1633970164353875,8.950779973202819,5.23315590145893,45.27549855805508,93.90400559310945,1.7759002727437918,103.19897398648642,2.0169139808911654,BEARING_FAULT
1.731576788450634,2.9120960216863443,1.6104477703837468,70.33914171071297,57.302851031107906,0.8386919087342255,390.85723509082965,1.0509353277477524,OVERLOAD
3.1538441979819094,7.427564464193178,4.39890483230619,38.95562580618991,90.21473257584285,1.9287995158616362,105.68761750844783,5.032067096616138,BEARING_FAULT
2.796220264758149,5.356270325869097,2.8233542596821937,49.50932472639484,59.98290647637311,1.8497483219140467,103.07808328311235,4.673188151088999,SPLICE_FAULT
2.016142601597678,5.0384013073897576,2.547943643149856,74.17976750188413,55.145918790277065,1.7567610545967747,115.76933731588662,3.697321904344445,SPLICE_FAULT
2.111147998768282,2.813863481101275,1.5906784266675429,69.64326304065693,62.4287357372773,1.3616743324039833,408.3965408427042,2.2370526111791458,OVERLOAD
2.158308180533468,5.908181735236285,2.7958569988158866,69.6354261585987,53.086524294585985,1.8382441121483895,103.00808854259373,-0.6611376990402964,SPLICE_FAULT
1.9927958496028442,2.9894255818817217,1.6295007149938419,69.95334244921739,61.6444576836352,1.0315256585743857,374.93684181686274,3.195153481391492,OVERLOAD
1.0357015485965047,1.5158590789245032,1.47336879620543,41.1173353622608,43.001579899705604,1.8792978352142784,96.069472429386,0.8567024802425557,NORMAL
1.0830335816544245,1.4160062518829464,1.3755339608335346,40.67059523337436,38.60938882597823,2.123958400644156,95.83374694384537,-2.0903028988531567,NORMAL
1.6538704951437508,2.7813733905357134,1.4271209803622618,67.01793781592768,60.47340694735365,1.123413610768528,382.39987565730746,-0.3209096896724739,OVERLOAD
1.7983725927436045,2.804026145616538,1.5763142300709656,64.00108649431073,64.71596651738896,1.1290505027522253,361.2847925393822,-0.3319444049024325,OVERLOAD
3.4366721549618484,7.823832376292738,3.9444381167921123,45.166724828867636,84.48462240338249,1.8427259543033174,107.15545635009951,1.735558755295152,BEARING_FAULT
1.5779914187005804,2.787938579639086,1.5216719642122882,60.56756764817044,53.208715069387566,1.124488343943825,350.0881901791021,0.48550866159665207,OVERLOAD
3.794272305503893,7.8010212607339735,3.726234458862777,45.77220321183246,89.88106836070348,1.7667902612722357,97.32270857231389,1.3869716381106645,BEARING_FAULT
1.136863155753235,1.402358840360884,1.436403845257172,41.96391209681904,47.11231654876647,2.1063940987560854,96.8176247225738,1.261519252535516,NORMAL
0.934816389219784,1.3207012037651222,1.413995352155364,40.67114949055936,44.62814037758938,2.209584350180916,98.89187439720912,0.29094736433948537,NORMAL
1.2773476405092299,1.6236816563072836,1.3692169690353062,42.42897190442765,63.41791551554998,1.911494177175913,98.49531858505017,12.55559526175543,MISALIGNMENT
4.228985337197516,8.16634375356934,4.873138796805205,47.26470956308069,80.10469557886543,1.90402437309069,114.84655798137611,-0.25842374535442936,BEARING_FAULT
2.455722663339459,5.818293879117924,2.370366515076563,85.47579186755843,64.07462955043256,1.6620972338414746,93.2503498331983,4.14541748153488,SPLICE_FAULT
1.6164688266377871,2.952074716040893,1.6598110895751759,54.050133518233295,66.67556333902048,1.1722420768532142,407.268124906658,3.426038046167582,OVERLOAD
0.8937696286273895,1.3989903306857367,1.3329245703255834,36.60406862965984,43.666537939026746,1.8268798696555075,79.81512135611362,0.7547332980678092,NORMAL
3.216725535456167,6.931446782645539,4.309973174699847,49.56758614787204,79.52331504686936,1.564596548591221,110.79298645079636,1.5628770603579383,BEARING_FAULT
4.301178833630514,7.001357758504545,5.731506844387512,49.37666734246052,87.11859393971822,1.56376800188059,107.80291291965906,-1.2436416208818253,BEARING_FAULT
1.1755340842443205,1.2811559995273707,1.2349377617346107,36.05737458309452,44.53547391355296,1.9922778954776954,85.76317363116077,1.7262265456356325,NORMAL
2.5560679232787695,6.244680592008881,2.537578443738866,70.19798633122407,49.118090727422434,1.757434732839247,97.87843444808183,3.5384126949950963,SPLICE_FAULT
3.2034978529962066,7.727984167501234,5.462470256593528,40.13000269513653,82.42350882817334,1.9055693825626228,113.37209486728682,-1.7295141579661824,BEARING_FAULT
2.2228577264346168,5.557158438626029,2.996948443150396,63.44784541215243,50.319837434759094,1.8735744055481762,101.85358646196681,2.5988238760349742,SPLICE_FAULT
2.175813457023987,2.3891608676031826,1.5610235005693995,68.41925825587714,59.6205060746017,1.0634890287807321,374.3245899452324,-0.47465472071622394,OVERLOAD
0.9512393775927507,1.2674219585786732,1.3390041188297848,36.89216858226139,44.79657469278116,2.0640542935074775,105.26536683672308,-1.4972576451786446,NORMAL
3.291916394618368,8.498408823438199,6.7395421255128785,47.866910590869374,84.95150539381125,2.013338776286449,97.62373734729145,1.9041351780823517,BEARING_FAULT
1.9649311036123929,2.7272873625684664,1.5220841770290352,71.68317438789332,61.229096109081944,1.1553375804362371,396.9721551336185,3.05912449937331,OVERLOAD
2.206591988788965,5.402986535184963,3.043039769751533,72.38877118624167,51.6991795669322,1.6265816888573936,102.02823199533097,1.517730111224194,SPLICE_FAULT
1.001841837918955,1.441071430774412,1.3534881957097964,37.532305466189996,36.26323507374067,1.970251779912615,84.57196781757101,0.015182942540433121,NORMAL
1.085765962320202,1.1998152690971469,1.2797613930594751,38.062659464887886,40.60258329264551,2.0428316692375237,121.84096733380457,0.8728243510056346,NORMAL
1.096864499053289,1.4891195764037097,1.5494399613946233,38.019266809432814,39.93081667780748,2.0759712295484167,108.39468504518405,-0.4303093199546424,NORMAL
2.440535555298546,3.77438063077215,3.0088433833186694,84.48739938728204,47.87483746548163,1.729139031715082,99.27675390005238,1.4229670496088693,SPLICE_FAULT
2.0032746218082584,5.842965226484269,2.9018533695366044,75.43180211099964,57.417473509821455,1.8506865537318948,95.96258906833737,3.5427888697806322,SPLICE_FAULT
1.2136630199676155,2.09514267553385,1.5340396203283924,40.54902408768729,62.45671950802623,1.8613977202129302,96.08975333134424,10.248032841296268,MISALIGNMENT
4.013495773480563,8.748778527412494,4.836982575855025,46.66609417886069,77.17882530276155,1.8392366226098111,112.93225717810098,4.084064566081092,BEARING_FAULT
2.2479815774717387,2.8942067807458343,1.6081316957768537,64.85963623853632,67.79147478386224,1.3380349485549639,382.321228482825,-1.0165190072458277,OVERLOAD
1.4743498270197444,2.673555100850091,1.4277165204821751,51.38553636228559,56.207680385345675,1.1166254568038334,352.13791053401644,3.213181196563441,OVERLOAD
2.0949249193542783,3.1671380867539494,1.6474482007378255,64.41443665907352,55.5733678389097,1.174178373807316,399.19212520096687,-0.48448893126690296,OVERLOAD
3.2646553742772886,7.794915485717483,4.1730514528840175,38.863276157251114,85.75790780666325,1.7407980437009245,96.10037443442859,-1.0297950895355052,BEARING_FAULT
1.6597912554247303,3.1458739768614428,1.394185356870559,62.80920237322529,61.34083474910987,1.2226301764767946,350.1143226321201,1.839492355486553,OVERLOAD
1.2319928866295191,1.7696649755687168,1.5604968504416887,45.38205026806646,52.7059992587609,1.887941281152653,112.09010198900997,8.540947497565227,MISALIGNMENT
2.271575256379182,4.75978350140287,3.240032236235997,80.50829379455851,60.29052808998018,1.7697495057774184,123.11057978634891,1.44400575650961,SPLICE_FAULT
0.9281555778747564,1.3445296780373404,1.4112864222707753,37.69023571955286,43.15896995343468,2.067893129005928,97.2000669812552,0.41055008532761655,NORMAL
1.7929265599129003,2.563683270020344,1.6297297533925545,65.42852499548655,55.730398512396405,0.8988304951016435,418.5475035462525,2.032654779812003,OVERLOAD
3.5328811705051186,7.893059268276151,5.385478776673873,49.76291459591938,80.06160744193564,1.837460410179572,101.13015900842309,1.612277718323427,BEARING_FAULT
2.0382668017895056,5.671827089800657,2.888339372328217,65.84688179684674,51.14843231054552,1.8112091656341671,96.65530324158279,3.8737983886082117,SPLICE_FAULT
2.5656185524794255,7.810773398323101,4.242895277818487,47.56022432413167,101.77701769898422,1.600180656805365,99.75463260999902,0.18019439293486195,BEARING_FAULT
1.2797708614843186,1.5838792118381662,1.633511852112902,40.16646854394202,60.599355090509555,1.764713411103596,122.40926556205793,13.037074855300789,MISALIGNMENT
2.257609696409198,2.6551366842126596,1.4196639567234306,70.02808432721787,63.76822140816732,1.1927693588582329,402.3556064568148,-0.6757126418069193,OVERLOAD
1.9517546580598275,2.7198048930496572,1.618516303143934,70.2383963979926,55.39755606130211,0.9221221506141696,391.70577831816206,-0.9787925791516989,OVERLOAD
2.1910136061620413,5.418318490679816,2.7874313587265496,68.79547452998686,56.097856780705385,1.7846550582853942,92.4383193974933,3.8889997072483204,SPLICE_FAULT
2.7090562221136847,6.377518229614867,2.6589699259866735,73.74795012855778,51.3784621810806,2.0268655148608095,112.61795338453646,3.13357278117641,SPLICE_FAULT
2.101523504712167,2.4618143428879207,1.5659849612104566,73.21920934017146,64.9503061535818,1.2410554532934948,365.35178825909935,1.3671769294052496,OVERLOAD
1.4422116154691866,5.936494122494059,3.0822664442507928,63.32723838636614,59.910576560825305,1.8875901511762045,112.54900717597363,1.9254375639608192,SPLICE_FAULT
1.0504046515517844,1.3812808518988688,1.321746696575145,37.963733156461835,42.661624281041604,1.943939236315269,101.94842340270138,0.6234071382799156,NORMAL
1.1893640650607615,1.9796096433018524,1.622940840648201,45.49012816549065,55.676163880441365,1.77310174227455,96.71624740583198,10.827565803985095,MISALIGNMENT
1.4467236288196683,1.665943858720645,1.7589129783916388,37.5624119449267,48.831471161852825,1.896231287925776,108.01181763988183,10.351646277918718,MISALIGNMENT
2.15639782562664,2.571819800672458,1.641906441335752,62.21358931154054,54.77666734684378,0.8622130983905215,384.0584752565695,1.1941699638211665,OVERLOAD
4.210014808450986,8.531641931515345,4.84701630548397,46.29068252296805,104.59049844592181,1.7601715707849976,112.92961605445475,1.0381560524423294,BEARING_FAULT
0.8040329876120225,1.3587981560626086,1.3057129406633605,38.32567911732957,44.47814151432452,2.017046377099657,103.70061115268956,-0.34730228895784293,NORMAL
1.4824524779435388,1.9616019804434681,1.529399161529026,46.047537146666116,54.32594551232904,1.8529244900875217,114.33832838659845,9.38130663041024,MISALIGNMENT
2.211104313248843,5.657024370085804,3.2822578746364655,87.3354985994749,47.998773856244114,2.018574901035171,114.63364084950919,1.5872018851189158,SPLICE_FAULT
1.4551265615810902,2.319644294909349,1.534817732365526,39.98483763222577,64.82163122085433,1.9139982096321353,88.35336651487606,8.98936974800553,MISALIGNMENT
3.7829948828821447,7.322922406789872,4.436321165939444,42.691116174471546,75.73598554782214,1.8990733473518546,102.25888524619279,1.1563648449252695,BEARING_FAULT
2.854439417808403,7.591115830136972,4.350531301490085,42.69976721525052,88.61604294865958,2.0887268242685284,99.30938609153426,2.00929492239549,BEARING_FAULT
1.7276643405719734,3.0564711767909207,1.3668086889608915,66.30484089808535,60.2601032521981,0.9307472993733834,384.9161420520937,0.37552711398395844,OVERLOAD
1.8050483310656,2.836443573798717,1.586567465116737,61.44320460092812,55.97624093140431,0.9659628548032985,368.03894652550434,3.0736500113581493,OVERLOAD
1.0196861235869124,1.1945905473523661,1.4802717298502832,37.37564942818238,37.18026869778396,1.9793388720303953,104.57805609925785,-0.07823065905851781,NORMAL
2.1033276538492838,5.084841495629417,2.954308353988066,62.56859746588394,58.972723991066566,1.8571931467276603,107.3063516374451,2.8196175992991894,SPLICE_FAULT
0.924626383564251,1.5674938269596315,1.279215782877848,41.401310290601195,41.29613829012776,1.9584033072052642,94.47079162632699,0.22327083592026087,NORMAL
2.261678178443941,3.571825716773342,1.484860250805859,68.05121190576278,55.24923734974064,1.040139419113536,375.9942279364254,1.3797755435489485,OVERLOAD
1.5844985552658024,1.8292628480865987,1.4814579231098977,42.99575534312366,49.3109769207675,2.141877777931346,116.9762377970934,13.10063910455271,MISALIGNMENT
2.3584062549552365,2.7161949258829234,1.4839549956734366,55.69384290810008,66.14286041030999,1.063656785273242,352.3825032249057,3.1304066279011935,OVERLOAD
2.670905704293327,5.925760612840888,2.92687885397046,69.89114720798034,54.212190222231115,1.8924858210305056,97.23090072402678,3.2035612065973353,SPLICE_FAULT
4.427006492478742,8.603350368825923,4.082199379656127,42.06271999074651,95.11240136405732,1.9234263109824536,93.68910254831158,2.7431106805283623,BEARING_FAULT
1.1133024662506243,2.0375865944102856,1.378780810786239,39.71890907635161,54.85925300122179,1.9217718201087166,97.11849737577484,10.94129659576861,MISALIGNMENT
1.9028720913881754,5.0091526076164135,2.9779290368526827,73.39314778933912,55.253536269318374,1.8704690697772428,91.1328810432299,1.0922024377462765,SPLICE_FAULT
4.034041846907449,7.473459780690317,4.177746149062164,41.20159902373998,80.98313740136243,1.895599956190829,122.22627660704549,3.8864120378311577,BEARING_FAULT
2.121183661992231,2.500428884055268,1.5082864841868997,60.11711814842642,62.9406897567133,1.0392483392823955,431.22646667965284,2.0591004247831455,OVERLOAD
1.8855807517528917,3.5047325674075096,1.2657521662334652,64.21654725622898,60.0026968131444,1.2711343965725412,404.808381828284,2.9725720892863023,OVERLOAD
1.1143754043206928,1.2175692819341075,1.2946063216100916,38.780841519748655,42.59943130115614,1.8933765068100774,96.57121138442436,-3.1767038131960006,NORMAL
1.0624119817052156,1.537862883508121,1.310892046257098,40.14614394632373,39.77254730238485,1.890783636728191,88.20630878367383,-0.05310680169691065,NORMAL
1.9351945467489768,3.120785111918555,1.4646347445118448,69.60762598109922,56.854001965148385,1.3606857142752875,334.60161592526686,-1.618953548712473,OVERLOAD
1.1912062428572403,1.9663295334251525,1.6106669423858009,38.266540650333404,54.98687847692722,1.8896537210153075,105.30369188998799,7.866081257665295,MISALIGNMENT
3.952838752333876,8.315301208347318,4.617893532099017,49.18751612929315,90.87971852601588,1.8271366012837538,101.29249016192352,1.4727496778918183,BEARING_FAULT
1.2203050356174108,2.280053684862193,1.6656987061006374,45.60579500861863,62.65832983434048,1.807107351753927,101.73947208412811,10.80970375384536,MISALIGNMENT
1.065655360863383,1.434037185529079,1.3646687935823325,38.66971674238748,44.77281041861349,2.031318447386498,99.77721020816287,0.6802203604766911,NORMAL
1.5544712295037928,2.934523974843733,1.5898302549689036,68.65390667895461,64.25018197594785,1.224813802756092,413.7228768410488,-1.8971784336443323,OVERLOAD
3.866068860287449,8.026578590813568,4.515141818276482,46.37600042522014,96.45399587392863,1.9552198695789356,115.78651945959726,1.8726936316969374,BEARING_FAULT
2.079072313073797,6.431488224271043,3.1150719787076726,71.6174713866487,54.72703366943643,1.933525077608947,107.18880675705336,5.586929849754357,SPLICE_FAULT
0.9814341023336183,1.2843769270511531,1.356080431312993,40.432424819479344,44.22804725507917,1.9667139595617489,92.7192290214468,-0.2867942357382693,NORMAL
1.3719981556529832,2.087728004535789,1.6707927849239155,39.01922098820565,56.72761961677329,1.9083872501760932,88.74802172262277,7.648839100751811,MISALIGNMENT
3.666151849002396,8.626774484967134,4.195588418788318,42.89533851575925,64.47104491254069,1.7771433754093235,107.40230625770448,0.1823992839910482,BEARING_FAULT
2.3253044215051744,6.121339040666446,3.3168638054471247,72.41421425892348,50.649117649373,1.9251006389042853,106.40479797387218,4.005449100163249,SPLICE_FAULT
1.498164654065843,1.475210483459867,1.6582074436568328,37.432997045154764,58.038639465878425,2.033859213829561,97.12890495137657,11.159159093113121,MISALIGNMENT
2.338941543992512,5.635994415789396,3.198734636427151,67.53537152765725,63.78246640837659,1.7643375007648385,110.14987454796264,-1.0114193247586152,SPLICE_FAULT
3.2662026268822406,6.761390665415332,4.350508001314079,39.11515302288339,79.59968790864426,1.7012829760362458,114.51277388876531,1.717723044255533,BEARING_FAULT
3.89611981883981,8.2778907228129,4.224774063655394,54.36289044610271,80.42609134219849,2.0411106824735143,113.7550504984441,1.6351656438466295,BEARING_FAULT
1.593613763618364,1.7728917802368886,1.5545089831203038,45.61745526214813,61.74872737719174,1.7523342776481945,110.57960713838793,11.824711938171896,MISALIGNMENT
1.0611676288840868,1.2172168909509997,1.3799245255878059,40.75746252083,39.85272003266775,1.9216246478875572,91.74346317197858,-1.0916251721591026,NORMAL
1.0443819428146228,1.2837332346862835,1.4531802203266198,38.78768398700578,42.51551801938059,2.118673462017733,92.7600966825739,-1.551512249058929,NORMAL
0.9512874616235304,1.2252112887449365,1.3306993876305167,47.329755668016084,44.2517375025653,1.86275344521159,102.43123458512893,-0.1286594463520559,NORMAL
1.5184879583271278,1.865474173141833,1.4572364348476756,41.20636230388583,55.48565623164522,1.8729628600864208,105.26981391363753,12.990830380898949,MISALIGNMENT
3.7721148662871027,7.679307731992238,4.012489307530743,39.930652136133716,81.34149674754637,1.6403931109131642,114.25290549685498,1.1631674376140206,BEARING_FAULT
2.475641394010707,4.968256939981923,2.7321782879245053,77.36046377636193,51.493359499309186,1.6857494557284765,95.41872274443315,1.777067834441168,SPLICE_FAULT
2.2526240925479235,6.689507838218725,3.140104208416176,73.57213443274995,47.378204649014116,1.9550337711962213,111.90802856122849,3.4634369517242636,SPLICE_FAULT
1.8653037905381529,3.1817449992546276,1.4924972999603199,60.590149392456404,62.087235172054,1.06104697048384,365.0542423789568,3.402848187384972,OVERLOAD
2.113988103458904,5.893831180504794,3.2066680168698154,73.09002123671308,54.98660956220934,1.6911686729583877,106.8448423912974,2.420127225914856,SPLICE_FAULT
3.8938279383828793,9.058378646676434,4.800456891207667,44.00351598604512,89.66983489217455,2.0384170404157063,96.68678590874384,0.8649337646463953,BEARING_FAULT
1.8497782060365469,2.9737228902626507,1.5804942573637348,59.1934859627174,55.45966514620017,1.246300360233314,361.0866442762046,-0.9941076549876227,OVERLOAD
1.9716029715947374,2.6720201091141886,1.517769804579024,63.04556664090428,61.73362008120975,1.1205119753972697,372.7880457293477,2.0777354459756943,OVERLOAD
2.104077935719749,5.4296865795612765,2.8278883429458945,84.5256211436661,57.94394438611577,1.7660172128410694,110.15316885207905,1.8376527793664177,SPLICE_FAULT
2.4660498814718372,3.4348036170492984,1.3926908671637386,57.11150683813746,60.58758809579048,1.1491439325992623,348.46012945930164,0.06800241471703106,OVERLOAD
1.3878431052917384,1.7933819195968332,1.5658996572194774,42.10057410716576,58.29106363542528,1.9644689803284232,104.1135763115144,11.089139221778543,MISALIGNMENT
2.15201735551035,5.395908045571629,3.3520645539676655,73.02438646624427,60.768842695442835,1.6146985830238172,105.88182292724152,2.031967533444397,SPLICE_FAULT
2.9877551418555566,7.629884206494961,4.931707035780805,43.123717528224724,95.53881043721609,1.8127196593539217,95.17583759519063,-0.12916452948843737,BEARING_FAULT
2.334179967475321,5.132560084236572,2.2726194243076483,71.5739130104826,57.72805331690414,1.728918772269817,97.49332847175376,6.280617559673122,SPLICE_FAULT
1.4623739944183014,2.2344531808195054,1.8498116580465793,35.686251603704,62.511356999717265,1.9944385222835388,104.28967948548517,13.590414145339288,MISALIGNMENT
3.4614554857647106,7.867536821945924,4.8700391828526435,46.626168553066776,84.82092274802552,1.8816484057148606,97.93776645931923,2.077125800650205,BEARING_FAULT
2.164224676579912,2.6695615919883346,1.5362543091092962,70.61828080769973,62.531933736164476,1.2414738801500251,431.2912408602656,3.0389371365047655,OVERLOAD
1.925112647200202,2.405740141113067,1.3913289188615272,67.01757770711538,56.960950099851715,1.2492954350793835,425.42742799942664,0.11973598071372082,OVERLOAD
3.7114156807325607,7.958013854151429,4.175792595520594,52.29343584814586,89.41118674222594,1.9030710459004467,93.1810602562801,0.04937119080068908,BEARING_FAULT
3.156609643530943,8.73986096990139,5.117228489382345,50.164208930809735,89.74484319486191,1.5997016191866744,121.53635216029858,1.7095229479278482,BEARING_FAULT
1.9296991011493083,2.7264482734445843,1.4846499304430216,58.377448624386105,59.21381803985724,1.5019443040850005,370.52108145941907,2.2147690916791403,OVERLOAD
3.738519914184485,8.685332095895525,4.291382582380843,38.90623176745752,85.25094732879766,1.769526545049933,102.3912919875411,1.448614771343988,BEARING_FAULT
2.4604526438667684,5.832920344128693,2.3897394335407465,77.58997688723903,53.23517884628898,2.00249746755883,109.4601959473587,2.2780263621179504,SPLICE_FAULT
2.2459579421674234,5.426678709375554,2.876860588634742,80.99146064274593,56.78502212649781,1.8516646486611172,98.74378716850003,1.0237245518831481,SPLICE_FAULT
1.6730893547266399,2.828605082299833,1.4663455078790888,62.999719666354004,59.329011553572734,1.0443403956648722,391.0195816354759,3.1364251214107863,OVERLOAD
4.123071708728897,7.987240218418584,4.2556114775432965,43.0687972452602,86.9489601719186,1.9094054692694626,98.47601539537521,1.8452712093438295,BEARING_FAULT
1.2608670003782407,1.6248978220862513,1.7265902099083874,37.981531900414026,61.03644507550847,1.8564098530909565,97.7152745619046,13.781287191899914,MISALIGNMENT
1.402403792344274,1.6190366112144985,1.6319854884801284,40.97355404661828,62.36393707234805,1.8977969927483058,105.78909818069134,11.27863926145912,MISALIGNMENT
2.050460775237747,4.80127193313393,3.1335808192473724,74.02837001049575,57.61435633457149,2.014886786139198,115.65832288789875,3.7004910387377716,SPLICE_FAULT
2.2213942704237613,3.08489244958496,1.495201420514942,68.7394153798329,55.17166043076384,1.169670120458534,426.75884051210255,1.687900680816446,OVERLOAD
0.9885460154747382,1.2814585212260645,1.3516634966140326,36.07553927286707,40.92111098264261,2.2271449745422798,116.43378155804534,0.4217800742508709,NORMAL
1.0181866255058496,1.2312446236115595,1.3565951802347604,38.09839098623476,37.035337691315114,2.007125374991089,95.21241428478311,2.7552177437199017,NORMAL
1.5119917046903235,1.8964210045983299,1.409662324495638,40.896646420286835,61.69972025689658,1.9263755584822575,80.45406995516724,12.218477661779506,MISALIGNMENT
1.4966777737467936,1.8032765720889126,1.442557475160896,41.251891124482555,60.281247442642666,2.01126343052033,86.27590262438693,9.018753553245485,MISALIGNMENT
0.7960767822239899,1.1497699111346893,1.2822914676007302,40.371876797488305,39.226602035611336,2.134622575620275,85.83772944207354,-0.5393050144632704,NORMAL
0.9410635243055788,1.4780009627506985,1.304860192107409,39.8666214321302,41.882078137117105,2.1276965386088187,92.00059493298066,-0.5893322314273619,NORMAL
1.0781822871777311,1.2629107424215842,1.2312081625240079,36.8911689918691,43.298879476082085,2.04700441873682,98.18496837864333,0.02731337985143867,NORMAL
1.2092387275685461,1.2659855022072992,1.2732448610621216,37.2113275123752,46.4449902073878,2.025797598122118,83.88432640897172,2.0750650393485417,NORMAL
3.8496960676932965,5.524568600726888,5.093795909009007,46.24061530440603,93.63079653207171,1.8224808296902912,115.53069717594913,1.9457507208373612,BEARING_FAULT
1.1753829997091376,1.9251802776789917,1.6348677648565133,41.6520087830354,57.84868471201507,1.9351662354974057,84.54943592593565,11.20676399242419,MISALIGNMENT
2.171693517625839,3.074696141277503,1.5387148316060906,66.60185469876537,71.84167271200218,0.982673081907105,346.26434961158316,-0.21598633354800878,OVERLOAD
1.0647688538100692,1.4543527104126792,1.3597838002425828,35.874779699268615,40.359959746238204,1.9586394466578356,120.49812095785926,-0.9855396007209299,NORMAL
1.0235614558108566,1.1468451822965537,1.3010584727275774,36.92069406263274,45.791120032964,1.916804508250555,99.90711438432184,-0.024232833869692147,NORMAL
2.3287020544049164,6.16526599618434,3.3598964703668357,75.1427728889915,63.879234473955975,1.9021494201158502,90.0774259100621,2.285503174692855,SPLICE_FAULT
0.9436275447196025,1.2823105643115926,1.1202190229374682,33.59742420274268,44.56192792965667,2.1796360822926966,92.27431251243759,0.7662429750405095,NORMAL
2.1978288059651394,5.651735677414186,2.6124998784501576,67.91462090181746,46.689863109947325,1.654455284004174,77.36315876094437,5.3260627564236955,SPLICE_FAULT
1.77632241177466,5.172983456246541,2.849621796279821,59.668923009217465,51.75863222913669,1.8175807872065393,94.53863979304096,0.36943934121775523,SPLICE_FAULT
1.2974548576570417,1.6570387728222713,1.3804729089319334,38.03533264046685,54.04614540457323,1.988525632086596,96.22576598869671,11.723828541461053,MISALIGNMENT
0.875221681803515,1.303475812807682,1.3970862723536488,36.25172402716525,37.898586580619266,2.1941217436463747,92.71538378319657,-1.1564158167438567,NORMAL
1.0872320636720678,1.2957232416901108,1.2207894547275593,33.177016918645826,41.23146074251386,1.9720189657622993,105.06240989305925,-1.176962112769968,NORMAL
3.4299026548142755,7.470648103226944,4.967137008818273,38.96965946094425,88.84183409524562,2.0323376930127304,113.15853510078516,4.726746062138655,BEARING_FAULT
1.7317024314832377,2.5462932065660433,1.6007117823412373,61.229343865067925,57.2424213494851,0.8818157892132914,346.78450190354715,-0.11713423517658295,OVERLOAD
0.8564137848820561,1.2542043306553856,1.3012173676544494,41.70839216541865,43.74607970125418,1.91270389095463,101.57761439293769,1.2838168598535613,NORMAL
1.1467242217897249,1.8742907413496086,1.4127993210699368,44.99117806936093,53.87693995117489,2.0330432344378817,105.35458747409633,8.474270492543644,MISALIGNMENT
2.135481389181741,5.550878580347857,3.0342383974441565,73.80410818847737,54.968038399701065,1.8335329788129757,98.09108579789596,3.1059883153427363,SPLICE_FAULT
0.8799703592944224,1.3699742649855668,1.3819750361402114,35.5327402028534,38.731100887972836,1.9827198262603536,116.08780855734373,-1.936752702502465,NORMAL
2.326635434471339,5.278853855955918,2.7736434527407074,64.71034638034934,59.671643733629985,1.8523392827932228,118.66589343375543,-0.5483949608816059,SPLICE_FAULT
1.0576556963055765,1.16321017216083,1.4473726816660397,40.03811984886951,39.19048087563121,2.09778155496862,96.36883338844433,0.6927690318488605,NORMAL
2.4945465833315814,5.960334776471973,2.6134019562910837,75.5525901045763,60.832886027867005,1.9777131046213365,89.69807883303525,-1.5397826717811567,SPLICE_FAULT
2.3048891625008885,5.028351280715196,3.2734709615139868,85.21285945179093,54.42878042948937,1.727972658291488,105.36122902945573,-1.8808604510167206,SPLICE_FAULT
3.4463386692030378,8.882466622634693,3.8787179986001474,49.27264413950394,76.0593116590134,1.6954005512253811,116.50834649684363,2.255789901258736,BEARING_FAULT
1.9082788781168138,5.49293929730582,2.986330203953853,64.22752087340825,60.213733164206715,1.7906567498657266,98.69446812633112,2.64788556143654,SPLICE_FAULT
2.4828291175456934,5.947381499681682,2.9985345973824162,80.84119648871832,61.25574456509451,1.8886456645190832,93.67598523239941,3.6276811413013776,SPLICE_FAULT
2.5490484999092144,6.4517183590474785,3.083685766976342,67.1470671325379,59.49148435603024,1.9405632500370298,109.37786756289917,-2.383970597048828,SPLICE_FAULT
2.2452052686555746,4.10344046024179,2.8004736558629744,75.56872535912872,52.92636059326836,1.9866366739624561,110.10051396725017,-0.06562881901639628,SPLICE_FAULT
3.589439781778362,7.252795598349828,4.165610880609439,40.61349982341073,84.61203310760939,1.7916909711776496,122.10808544114316,0.03920076946011508,BEARING_FAULT
0.8739116045664954,1.2752231368290283,1.3747066410079172,40.475294794002906,39.27673145955924,2.0603247500571396,94.75337592933197,-0.4949654803680731,NORMAL
1.1277676821898508,1.2672974618292518,1.3437730242389758,36.64372900150076,41.036271701646264,1.9167938695150144,101.98680009547407,-0.5123742406766936,NORMAL
0.9203104744529523,1.3518694857097762,1.369069518618783,41.29145813526109,38.556925830553,2.0313132140013157,73.69269863170936,-0.28509425704201397,NORMAL
1.422401286658982,2.0037586034903443,1.4753275732527205,44.97357333878,55.748990541670786,1.865409271933317,81.86706527982841,13.27291114864969,MISALIGNMENT
1.547402471415491,1.6535137521671999,1.5552594559352515,50.806218619165406,58.09023626234112,2.0495458245242957,103.3208146141681,9.777997751820742,MISALIGNMENT
0.978231879677278,1.31306661180564,1.2586648708693198,36.367657993657424,39.544714002174,1.88181258745792,85.84732808075813,-1.1869933883057446,NORMAL
3.0368265201074776,9.039705028242752,4.878877390104091,42.32257561499882,86.2454031015071,1.7732126595728663,118.54892931521839,-0.08767573413155683,BEARING_FAULT
1.6556153117088677,1.690568486261947,1.6023482845761265,43.34948164117953,58.008915205523046,1.8510429352969326,98.80441243373603,11.814180766797664,MISALIGNMENT
1.3617579544394616,1.7407871724558732,1.605205078863256,41.44634567344217,59.21737538568385,2.0143398107149553,101.76762103250263,13.464657210429328,MISALIGNMENT
2.1714140981284276,2.7322832105163593,1.7171192861062496,70.91569029988833,58.66893524796754,0.9319872301211699,355.6062771846084,-0.4406704309758225,OVERLOAD
2.5008164245531943,4.280020533375924,2.824125868307965,76.20757916675434,47.41448316408445,1.9256798491865208,120.9918532083687,-1.3047681129085116,SPLICE_FAULT
0.9437712470759028,1.3655065418370274,1.4498193658138987,35.326423323754135,42.81448593247694,2.1038378851019317,107.3463754545933,0.5583364232117055,NORMAL
3.172825083829407,8.472216248860258,5.0379670613503995,34.72965952826497,95.64361337249854,1.8059193298955896,103.58859680556164,0.42410414123347917,BEARING_FAULT
1.4457864689797029,1.7676917114969415,1.5677307088880155,45.259142133617516,57.41166348903573,2.017110197166956,102.01999010757321,8.155530996986252,MISALIGNMENT
2.073798842039709,3.116886545123837,1.5554638708131807,63.11333725821422,62.791160534391516,1.3147383357821167,352.64653136994076,0.5214056203229499,OVERLOAD
2.0962888283118772,5.779881814561784,3.0135854902263315,72.50141893743319,51.369979483769995,1.664485426649235,105.82007205452763,1.8087917068689894,SPLICE_FAULT
1.3330519227148483,1.7631016538774404,1.377390659984653,45.92833230420794,61.33622573714621,1.929716002380822,109.55935822330763,8.865132134079001,MISALIGNMENT
3.1571310504433177,8.244138107664407,4.130642367228807,46.78954518589371,67.1589579766831,1.9134131821042508,98.4070096314955,-1.197750742777011,BEARING_FAULT
1.5222101686848781,3.360558156421927,1.4817098432576072,65.80880853974122,62.359349739383376,1.298392676189116,368.9893274410512,1.5204404453267217,OVERLOAD
2.287261357193226,5.102657152800626,2.780601578306152,65.15911796863895,56.27409609173499,1.7451460535470011,97.46842106314065,-0.6775984231588912,SPLICE_FAULT
2.2169513648856114,2.5932012795759785,1.492601521846373,68.87792097881496,56.761736218109775,1.1980838915406538,403.71047026076866,0.7275086092212929,OVERLOAD
2.3652037967875112,5.992720689851094,2.967676969424108,74.07740754958965,59.66671152103626,2.1320406944185164,110.0677403571239,0.47080425888917166,SPLICE_FAULT
1.040171172209894,1.4350804509106216,1.420723631708884,41.4204471155638,40.105266812504006,1.864455249688771,107.68839675968897,0.21930233720043607,NORMAL
2.201132156966562,5.535063216930152,2.536407667348568,77.67379399262857,52.103212533274004,1.8107157570867498,108.33301236255649,-0.6545680757562935,SPLICE_FAULT
0.8929107501938888,1.3956237421207156,1.5225846570612405,36.119848326230105,41.84063804094736,1.889633017146963,89.57422305329423,-0.6668487169515637,NORMAL
1.1067426844522574,2.0182272235847862,1.7021552584523707,40.33494989536767,53.88572049240784,1.7673737838050843,102.25256681983599,11.73321249402761,MISALIGNMENT
2.9657573333414557,7.152913592913604,5.096303102488658,41.881822098562495,96.57603694068048,1.965476090819046,102.24817562613654,2.9849262816001616,BEARING_FAULT
1.1883414753400876,2.072705648504304,1.3291680338245317,44.242334914281166,58.3693171720544,1.8162619210317532,99.80681695728164,11.20623585143441,MISALIGNMENT
1.8717181884089293,3.401922591313881,1.6253734786219733,48.754605837967354,57.63653861138214,1.5561030431239162,382.8171944498135,-0.683225842229622,OVERLOAD
1.9224009658811216,2.646912652131081,1.577567529961569,55.84888738002681,66.88115985317786,1.0045702338196807,405.9761776575303,1.7671228825328196,OVERLOAD
1.2202411812571932,1.932259908532539,1.5410088132657862,39.475651457612976,65.1908460057285,1.7676048915780436,103.92768363051124,14.964940900337854,MISALIGNMENT
0.9927171087343127,1.4051016095074125,1.4749208957381483,39.548534861344876,41.39105808781303,2.0893697689389112,91.14751313875777,-1.4326712897396527,NORMAL
1.35807388050552,1.6641783571274302,1.6656710507666685,41.32421207252594,49.303974239136,1.9234259264456766,94.89936049903918,12.33175564741278,MISALIGNMENT
1.6710506479454648,3.2149406940334453,1.567549084726547,63.29487270707133,61.20521638931056,0.9122116609289822,348.34937733868446,2.7444843935160073,OVERLOAD
1.510951320217675,1.7722828349709938,1.6887208003341354,43.07904254305896,61.01236718141182,1.8794160140078655,90.86541420367777,9.308895647290772,MISALIGNMENT
1.2636845493788038,2.298274083683381,1.5176057723809804,44.18931881110259,58.539919603626146,1.9092627587948923,99.01279105544327,7.934803530804476,MISALIGNMENT
2.838416176153474,6.924010665113272,4.683073262982841,42.52881490607589,72.06278628447966,1.9641859936830852,118.34482350743504,0.4920357699697564,BEARING_FAULT
2.318357081548563,5.372131747544326,3.023604105787608,74.97427272920682,59.987104690621756,1.7177720032413546,100.49411660591366,2.290012634722733,SPLICE_FAULT
1.4461018425061953,1.7581137685343047,1.607480377207131,44.30243803366239,58.0700248368569,1.91175886298872,94.21787901780246,10.572147067297669,MISALIGNMENT
2.1989659530853065,2.3763773181053107,1.4617221598290442,66.75805284355194,53.45006244134116,1.526389059201569,390.15419315936333,0.26508396853905625,OVERLOAD
2.080396135093189,2.554197522179628,1.4702050635186776,70.05664418059416,56.97640566682261,1.1490612827079962,397.20970889830147,2.004802056857233,OVERLOAD
0.9400624977046227,1.4609560419495324,1.459990113531855,37.427288624818104,50.07910099194149,2.0569760357198645,99.68796511060916,0.9374774925069249,NORMAL
1.1230140428293374,1.8430326124515597,1.441662928764464,40.10746334762743,65.2347207319349,1.9107699449106617,88.41396736340515,11.339949079498538,MISALIGNMENT
1.1626665249880284,1.785183484582546,1.5362528687032977,44.636891919211955,55.355007928984364,1.746972086407021,84.30610404625317,12.019027127859372,MISALIGNMENT
1.049799829124545,1.2682738011030144,1.24965684614646,37.772146929072434,39.76026496037928,1.8804706236400754,88.97730259544144,-0.2991817724274345,NORMAL
3.6276483367474164,8.474016807808697,3.9751629421216026,45.15185491284254,92.04810677732162,1.671212066155502,96.50204996977055,0.5769190353562301,BEARING_FAULT
3.7040266372684263,8.222019747581037,4.533137368672118,49.20448699103199,80.40165418227747,1.873737976138571,106.55751907831281,-1.3317933558335224,BEARING_FAULT
1.033366210528695,1.3883738320971046,1.4037072061160374,36.049928196779305,41.36337309029655,1.8520555776860277,75.73607929464792,0.26426827164563654,NORMAL
3.183750403490819,9.454622962994257,5.295607645441146,45.72583602777016,75.94620649120273,1.8682567641363332,106.21033878502742,2.2695643850487226,BEARING_FAULT
1.3327185745208208,2.1237264668308424,1.6906172171928615,39.57722597970511,63.89126423774001,1.8093784667952788,96.76091146784078,12.141891389207746,MISALIGNMENT
1.245205057422923,1.9655622147148246,1.3788778259455459,37.51337539050539,56.36732073732714,1.7858058180838687,96.60469843334013,10.016911172386191,MISALIGNMENT
2.2294420494487843,2.356850675106285,1.57082662196574,62.86143727684953,61.75545645838368,1.101047737438391,373.56437148992273,3.262124275216031,OVERLOAD
1.641428099866396,1.985668410132145,1.3642638132429163,39.22382322707113,63.23638204279732,1.7344775287810565,90.15366312982044,14.984188814994907,MISALIGNMENT
3.884296004729614,8.973222586039629,4.570939021314247,38.28101869392402,94.53981922006056,1.8491728073723976,95.75307769476468,2.2390790198505375,BEARING_FAULT
0.9216746707663763,1.380723568117665,1.3009277869167248,38.76121898448372,44.92745015803413,2.0951549770574043,95.42151613817511,-1.6610834155671725,NORMAL
1.8180515817520306,5.295762905970482,3.041216359544352,71.2957882739067,60.027476601531895,2.0107999862571453,112.82956829040675,-0.28593439729090164,SPLICE_FAULT
1.5385262924071053,1.7457599400901418,1.3141332930228193,40.2269446327997,58.80324970176558,1.9191124233836392,82.2056107457657,11.590449516690486,MISALIGNMENT
1.097511973341775,1.4028017340064,1.3127170798505408,36.93787786717693,47.961183335098326,2.1399594645145794,100.60085994615163,0.7424589135926203,NORMAL
0.9101585328651642,1.3750059369537064,1.2642288790411516,33.20562694434876,43.7850883975067,1.8423003517809002,83.10816962032739,-0.6135876053627944,NORMAL
3.1699148497817133,8.656461449335158,4.5096296545156065,48.48541470292407,84.09463481367949,1.9317320997232492,100.9098215218506,-0.3666540716230431,BEARING_FAULT
1.2531888745535351,1.7197248640205651,1.7209553278492693,43.06131189267417,53.611913215685476,1.873493500311142,106.84486133552996,12.658298070119084,MISALIGNMENT
1.5417073870753182,2.4999188431669634,1.427563636819654,61.56858290114046,61.621829871219,0.9721141116880252,413.50938282920384,0.21720172517238012,OVERLOAD
2.4712448784554746,4.453783295765658,2.973728185272238,89.1990311027536,62.81122105319146,1.8326321121297757,105.36338561665531,1.8295141417210816,SPLICE_FAULT
1.3222621041708196,1.9271126832829417,1.6749145008557347,45.217625398718276,55.748733061108645,1.933505435191217,100.03060116738573,14.696218208211105,MISALIGNMENT
1.525674580284422,1.7817443981260588,1.6133407219898706,39.652225912355604,48.857970595790185,1.8035106699813614,105.92113900284919,10.79198154455061,MISALIGNMENT
2.40491877445248,5.678601349187677,2.7446194522211895,86.04273568192183,51.32234667046209,1.9155805944330098,102.5124351165302,-2.1113995479124332,SPLICE_FAULT
3.4327441415803333,7.9029530628883355,4.513170644373718,45.044832612783594,98.86753071507411,1.7942745619550358,106.78931728938161,5.907282100733655,BEARING_FAULT
1.6427285664499252,5.732696405205375,2.4347751767168346,61.98169263907179,45.8094621747058,1.6490100322498136,89.41129443629747,3.7853288378710994,SPLICE_FAULT
1.8039197574249362,2.9834804684649048,1.402766499618381,69.90795259554402,64.84249401312438,1.2567470742699791,385.11202982186035,0.5311338619079639,OVERLOAD
2.40071342274116,4.8568242178923535,2.760400112179158,76.06295358067369,48.724009425420846,1.873134089326916,108.61180990592719,3.5452459719360663,SPLICE_FAULT
2.298553620753498,2.900822623751604,1.4653895728219986,72.93755696201319,56.520951946869175,1.285530784027734,381.1674748405199,-0.6951749485534227,OVERLOAD
2.435191942897785,5.233017878207724,3.1711414738775283,72.41763325587884,54.072482354819044,1.8179345571566425,86.87371225872474,3.7286141177030823,SPLICE_FAULT
1.2792357228454236,2.151523811271872,1.4586094561956537,45.94222494457381,56.76332018051791,1.9242070670287967,97.76974318733598,12.958519488573925,MISALIGNMENT
0.9779030400466777,1.2156396126448628,1.3481705550160896,41.57752253743392,41.07657458658335,1.866327456112407,93.67119725115208,-0.15774698323148525,NORMAL
1.7323333984524554,2.6684717898354178,1.6325004654945638,65.40924069561702,67.70053911872016,1.2635708253585491,381.5274108660642,2.587204168851133,OVERLOAD
2.2229694086425686,2.929108792451949,1.5372081478667385,62.94789592517135,65.78759802904979,1.0933149650861778,375.09098987427524,2.135090504280142,OVERLOAD
3.844364041816585,8.587849074808334,4.682715921412354,36.82584658441506,99.22115855055543,2.0525958045104007,106.52133718864116,1.4210821899654364,BEARING_FAULT
2.40967113745053,5.309855770836579,2.7622057866391554,65.62707628081193,48.174727784647914,1.7948362229031296,103.26596945470189,0.30024814976519476,SPLICE_FAULT
3.801634322015399,7.2928080808623985,4.2103473457104785,44.479944106979474,91.7904436618516,1.6954452795952708,97.47711178238532,-0.7231099132236394,BEARING_FAULT
2.265454161497433,2.947601216230888,1.4807193912692587,71.7583606983324,62.75840116127985,1.1972820121449497,346.312965317695,2.708365917220071,OVERLOAD
1.3614049999073314,1.721250796183257,1.6778451526711524,43.89967593034528,54.19119814658677,1.983149886693166,95.76166461793517,14.6960803835417,MISALIGNMENT
3.122074203903312,8.210612390060318,3.8972088244881222,47.07103126283536,87.06065399368349,1.8172538349514211,100.08775585382887,3.3885675060958573,BEARING_FAULT
1.0412931454275625,1.379256085652544,1.256406653143177,34.2826787730383,46.662481262144325,2.0502784426895193,96.50560672783044,-0.2188662517356257,NORMAL
1.0758969220493269,1.1717327552355634,1.424227210246499,37.41852158368159,44.00502146615424,2.178179890877106,82.06893547465424,0.6089053562546319,NORMAL
2.0103854601409736,2.888325693305214,1.611195336086041,69.2237880607654,59.230511130071825,0.9033631989391762,384.0837390222753,0.4101453862557318,OVERLOAD
3.8797029207411637,7.719461285073123,4.896819647165051,46.598187364062824,80.68218561478584,1.8107496209626277,85.33951587032082,1.1202772499355826,BEARING_FAULT
2.380034936573352,5.825355634749131,2.4907945629833526,65.31525175049897,52.30029042640329,1.8043163089260053,108.44451157913382,1.7202592824545728,SPLICE_FAULT
2.1609413401585718,5.904075325436334,2.418568934541573,67.57289065555214,59.695444718155656,1.8997849878906927,102.1691979916675,3.0230513442357747,SPLICE_FAULT
2.165542188486875,2.775642044759359,1.4719428293401446,74.45432270224259,66.67736948925327,1.295026479021971,332.89290037754466,0.5162168213394149,OVERLOAD
3.4877627743076975,8.176258633352735,4.594823977437449,45.319153725729294,87.36947643190771,1.830267766105643,79.74168314195391,3.403170882620763,BEARING_FAULT
2.149772439815952,2.3268314887241495,1.4355104141355661,65.24313765390205,54.68879841328358,1.0812070065845845,400.8856914747874,0.4330153810221735,OVERLOAD
2.818064221787404,4.428984496558179,3.0869996975710405,68.64030261640482,56.174615252486056,1.7963484082561212,97.8340595434784,-0.7606967074678761,SPLICE_FAULT
1.0842875741421478,1.8663230155054293,1.5514668258098203,36.106391885691224,61.91013693787064,1.8267073961891465,85.02767605515827,13.413071446908605,MISALIGNMENT
1.3178142043689596,1.760456219220351,1.4920419288712592,41.38269901896848,55.57991438188957,1.7932277422961453,91.52526109434936,7.280673918900403,MISALIGNMENT
3.70272103782099,8.530394961642079,4.120174119583311,51.480634739826826,84.64232994592332,1.7933182703632817,115.45802915699515,3.123937381503316,BEARING_FAULT
0.9018491348952049,1.3460247632551445,1.2872081349534208,36.14704431369695,38.97433594777138,1.9083725899436275,92.60628592540964,0.8458028725629282,NORMAL
3.5803297158697895,7.485822724893829,4.522411565966142,51.453435716317934,87.86843567911856,1.4934346947710255,96.035305622498,1.6476564358868755,BEARING_FAULT
1.3692685004202922,1.6127492270143764,1.566758442747842,45.09197942472468,53.69717298093057,1.9090309799206433,108.59630786854846,12.346945592316462,MISALIGNMENT
0.957935467723464,1.4758811071004267,1.429363387962922,36.99854153073197,44.90455398159858,2.0855555659020713,114.52616745486179,-1.3656174041901494,NORMAL
2.0924814032510977,3.2001994557630775,1.400866560776575,68.76847218140149,59.61389144200787,1.0849958211587998,387.0962658084459,0.36834584175725227,OVERLOAD
3.0820299861510994,6.683590203899723,5.429401317790258,49.04438802234796,92.28368881961472,1.8730342216742948,96.76650461637364,1.814031495281422,BEARING_FAULT
0.9184189715034562,1.282503986892688,1.4869366784113875,29.178834096007158,37.654225756099365,2.0608246191684967,95.02429161614793,-0.5460417988167212,NORMAL
1.017457781283184,1.5605753018381239,1.3492704802684639,34.61969759327059,45.73403874221036,2.0572390311175677,113.52202678867144,0.7319555025098458,NORMAL
3.5565915811738695,8.451891305724768,4.608152705624158,43.58316095333821,85.9427546091304,1.6859711517388651,98.83144666896422,0.43971989772848463,BEARING_FAULT
2.056732985950062,2.8436850990480673,1.505461178291007,58.98018901414702,64.11678414738586,1.1607860038323718,353.756713272369,0.5596497451136707,OVERLOAD
1.7578477309570855,5.190371106338933,3.3252312973110105,71.30330170646573,45.69794248901753,1.9029325381240427,91.01275823218532,0.9727019691023231,SPLICE_FAULT
2.671890582194642,6.931338523879583,4.043837242966821,42.85901718423842,76.79245328240458,1.7477537407433992,92.24129000098075,0.9927199245262972,BEARING_FAULT
2.1998666095217176,7.514539726570881,4.028029678333781,44.246332612365094,89.98733726880927,2.029917582715216,101.29203566200474,0.6434301331884875,BEARING_FAULT
1.3808019832807283,3.26692481067153,1.4773337796276,60.04941620032685,54.486118130898404,0.9643399246503697,381.1972008355928,-0.9048846309913205,OVERLOAD
3.287289719615345,7.677125330410472,3.910781643534662,47.51654119303113,72.1670319002374,1.6727899609671875,115.77359809862273,0.7525155405863806,BEARING_FAULT
4.0969058037900234,5.091839817967918,5.194400051809788,42.07495610669182,71.29005140696609,1.8070657046638972,85.82167338201977,-0.270939067942666,BEARING_FAULT
2.7734933999464015,9.47035362399382,5.142489857381084,49.51201050480603,70.53326356780613,1.6775965392080696,98.8037624531071,0.22149948232033534,BEARING_FAULT
3.388013546877388,7.390273229579024,3.939085599793708,46.00637122904695,80.51554123924505,1.9237326056593176,104.622582037914,3.130373426683501,BEARING_FAULT
2.203889182441528,5.895440817281491,2.8461362064088513,73.54076876655564,52.48587640532192,1.9275937162386723,107.82312885524483,1.795531580233976,SPLICE_FAULT
3.9894318639037096,7.9531143393740225,4.578449370599257,43.61738537357732,87.26262528094962,1.4929249672254794,122.09705900607331,2.397261904485851,BEARING_FAULT
0.9307090404739345,1.427845186510757,1.5104874310527299,37.77270714039362,46.29410034549355,1.8924687606950763,110.0163182520856,1.6773770878054892,NORMAL
1.524067314284865,2.0275211624462415,1.6076704110113256,46.302929008056225,59.119634369733035,1.8787910330079574,102.37829540758335,13.12433489517732,MISALIGNMENT
0.9964173960890048,1.3088774887103583,1.2626149788261938,37.075897147442774,39.64204190209505,2.0202328796422804,88.56980687926271,-1.3585740152574743,NORMAL
4.159676529333785,6.968494328717286,4.755777764261002,46.66832199203458,84.29476104903688,1.7261017720179894,96.83815828123885,0.5847753816297823,BEARING_FAULT
3.7137874140274043,7.296260949268291,4.792244394323731,44.243768316590504,86.70877259651454,1.8310224542687106,106.55525037583656,2.929228165835182,BEARING_FAULT
2.130564335503704,5.099666057868011,2.551724381625153,70.7300329721733,55.89659250579901,1.7650181524521187,100.77113958023087,-1.236223635620998,SPLICE_FAULT
2.2572639807756127,5.455102874008481,2.9683746293287703,64.64207784956683,43.911767396401196,1.8111796796690034,106.52941593137818,-0.3963615059225454,SPLICE_FAULT
0.9044459559399574,1.3080890754817887,1.3480643514887267,35.96730604299304,35.6378995420948,1.7396862912172701,93.0180032538895,-0.5764195763348439,NORMAL
3.5969851886890845,7.748031670036204,4.851746761355586,45.51491472295859,83.38045460653332,1.875300283359984,133.4700958895764,0.3811822403457159,BEARING_FAULT
1.8236155131803848,3.2622257129550314,1.3423691003228755,58.81948367057342,55.58038525085827,0.9920791423493095,399.1369494877977,2.0405469325197174,OVERLOAD
2.3726782855191284,6.467304778953241,4.75580254518451,47.704406454599656,80.16100480792653,1.8644026070491906,97.47765463472558,0.8732647217859282,BEARING_FAULT
2.163597033515191,2.849647469239942,1.4883511647368965,68.51312919714121,58.06309127492643,1.0582122914364929,384.4665981186131,-2.82503943727452,OVERLOAD
2.501872224193491,4.8508324724926215,2.6289543104187567,78.76693486977621,60.662115549944474,1.9731394657813037,105.60190184365221,2.507136456275692,SPLICE_FAULT
2.3129868636282893,2.4975680479718716,1.5491003945957753,61.569585063504,57.691274793269365,1.2473016479182386,355.2263862423648,0.9764680498645931,OVERLOAD
1.2311619328952046,1.900151101490919,1.3914929260992608,41.25982672765668,56.978221366771756,1.8084244958866438,114.79481761860873,9.877821738038005,MISALIGNMENT
2.0458011165014987,3.499064373624502,2.777141250914662,76.27369875946529,55.9080760739721,1.6097428730201082,107.1059267080439,1.7771917291954553,SPLICE_FAULT
2.0306918725947902,5.167941252414868,2.7268276064146217,81.03357698339596,57.69773766680509,1.7804791316509023,119.16540315877472,3.3773245902928317,SPLICE_FAULT
3.166796697664224,8.733063162750858,4.599991099931843,49.657903388200026,81.91253498787549,1.885095843793839,95.98896713015642,0.6149610463637679,BEARING_FAULT
2.75539465573632,7.333002207424707,3.925579940192068,46.10394339768216,86.63200304862153,1.7280810883574313,122.17580205044318,1.9867564835562195,BEARING_FAULT
3.846143483620028,7.199888863008034,3.805853784257574,41.926706025213484,87.42195034004034,1.8435870521811806,95.31175885965006,2.053236618372992,BEARING_FAULT
1.0622849932347498,1.39721824625061,1.273733711339303,39.41721883364113,36.67126099960065,1.7467753914780315,105.92567273847331,-0.253676077542381,NORMAL
1.5590134609862998,2.1097728283750725,1.4398377126033242,43.476042841700696,56.84470231579551,2.115912115460329,121.48296863786959,12.147534219803802,MISALIGNMENT
2.8271730865208857,7.726783667995756,4.458931668222977,41.687439449548414,100.6650529224142,1.8589361038521588,105.50426764139443,3.164057354188928,BEARING_FAULT
3.718103393210448,8.710525857394753,4.153151753767798,40.137827151795776,99.38731983331856,1.7421898535254563,106.39415159346406,1.934176609275988,BEARING_FAULT
3.5562035617142422,7.918186919825926,4.572879319663828,39.320698746169725,83.80893763183293,1.6410867889376917,110.1413269999312,1.328744598359279,BEARING_FAULT
1.0261055272179889,1.1998663708337638,1.326778036464908,42.79594151151415,41.1607194945125,2.058354430301189,103.32607510324198,0.12626773623406817,NORMAL
1.6887123560099786,2.754901487870887,1.5102690516748587,55.577149727792175,61.84526024294984,1.4060519898359733,451.5379340099441,0.5567787791488266,OVERLOAD
3.37310864471141,6.821483298682776,4.867783449151286,41.80610881280147,96.37514470963474,1.8287043381167418,106.32309020688534,4.467976931322755,BEARING_FAULT
1.2907742148545276,1.8604759064408067,1.6319989413819311,37.522613189982025,53.45159780343762,1.9444853537557487,99.90840961465345,10.217687255494315,MISALIGNMENT
1.5572723976575888,1.6458096557815434,1.5020641411432576,39.26902697421515,56.12249979962215,1.9101723208471768,85.78650054681452,13.105094621469497,MISALIGNMENT
2.2732723158581716,5.551263211131946,2.6011784349706395,85.85533532868715,53.4492750249466,2.0075803744509617,103.1426523006332,-0.3540407760453883,SPLICE_FAULT
3.2389608362674047,7.923084569660409,4.4311070694038595,44.31187455153732,92.32423833379795,1.7131220788279604,110.72725319329822,0.9709488074945893,BEARING_FAULT
1.9987256866945688,5.857499118706328,2.4020882576602975,86.99387848103555,58.90111237300718,1.9662348542847006,111.52514758595898,2.1876658907711377,SPLICE_FAULT
2.0309386606310693,2.435960991954123,1.3656790609416098,64.31602068296225,53.4285745109594,0.9012750416446049,407.11674201908005,1.845724839079756,OVERLOAD
3.9985319244299777,8.28597614867898,5.416557074199225,48.04825549545039,80.30549827517535,1.7183398470631632,118.11602029723922,3.243391665856736,BEARING_FAULT
4.383218419017419,8.749069904663465,3.601428166185448,50.4155674372937,81.62578508489895,1.6437853095203188,80.13833432278643,2.1592650282286776,BEARING_FAULT
1.0521941565616897,1.2766178636409662,1.2406497041267663,41.37815075231651,45.06414988628819,1.988933463144267,114.28857707813567,-0.9403989164843533,NORMAL
2.445359927484891,5.519489232851946,2.718465745293013,76.99151262600574,63.26720054412922,1.7611781690472468,97.70725777126822,1.5628395918241496,SPLICE_FAULT
2.936627403852656,8.22983725819927,3.998106092268182,42.23515024883553,80.77782499243659,1.5992504059769306,106.93921946481535,2.1346199404865294,BEARING_FAULT
3.818673664036648,8.733893319582279,4.025689049395517,41.396753035954546,84.94716871613308,2.0308270935704016,118.44959666174148,-0.20530677245162332,BEARING_FAULT
1.9834585163633913,3.074620891145481,1.4982072031750202,74.19807525349509,63.59663800914719,1.113690784725136,388.69353435974665,0.4004552637460138,OVERLOAD
1.3145825338261834,1.8242480326793813,1.5304755558117091,41.28657888772218,54.87041991157699,1.7805813348588155,98.86841505543916,8.686889565865327,MISALIGNMENT
1.4232987498799101,1.978073238879075,1.5181327384977752,41.99289325160158,57.900408018501345,2.112099356584511,106.93706112536185,9.199679544252675,MISALIGNMENT
2.0415351532695825,2.1126121579347803,1.4203218767330825,61.33286898649828,63.76023191809415,0.9002378773402737,388.4600162766353,3.0009034598319224,OVERLOAD
2.048247410443232,2.4311514526875735,1.6665252233944696,61.36405972349053,62.04606289303273,1.1297085388827726,374.5184461455702,1.1655031497390638,OVERLOAD
3.898585046165193,7.787186643551722,4.016372631009467,44.277798836457045,89.46846522625258,1.812733236229,123.04448971987125,0.7972835239021314,BEARING_FAULT
2.1118922422883113,5.200788985638172,3.5101814509821727,57.128883998346495,58.534644925680844,2.144205514999675,111.53695132635774,2.111579257233107,SPLICE_FAULT
2.1610971133845456,2.9076544218036755,1.4957668104339787,56.05352045833116,57.494114315234825,0.9153532254792112,389.394290694006,0.7184591028673522,OVERLOAD
2.503807661365281,5.981769955911697,2.773977669817227,64.50147243892503,51.292036804529715,1.9078089239105152,101.14823907728999,1.0273322455139595,SPLICE_FAULT
2.0386514890404936,5.509232538700761,2.442740926427095,66.62630891986633,58.6363968796858,2.0028736075369937,102.52478057170451,2.562421059911755,SPLICE_FAULT
1.247335353638457,2.0066414635798626,1.5776733018519458,41.5594394362341,55.425306467833636,1.7874813898268838,95.48358910823053,13.043926310120007,MISALIGNMENT
3.21767837795374,6.562978746577971,4.13328741659138,51.082403607052846,96.01218127790935,1.861842089721525,91.51965748454971,1.0481712839202264,BEARING_FAULT
1.950556398129553,5.973318529511275,2.6822475478357974,72.43859301455058,49.459733365852784,1.8231998756679078,112.79983169634201,1.0080014893293734,SPLICE_FAULT
1.334576683773877,2.244431019561639,1.5490773205134356,40.10746079115843,50.070771798070766,1.781976826579963,101.92004236968677,10.187779285953194,MISALIGNMENT
1.9559664505723053,2.513668412112711,1.5124376122300929,78.06392228625333,56.96518277063682,1.0181578765506871,410.7432140199503,-1.74224739189071,OVERLOAD
1.9807836482490846,2.7452245364762673,1.450919353350358,60.862066970594334,52.371925349773775,1.0179742317207827,344.6990544268728,-0.2962581187609472,OVERLOAD
1.430247935769388,1.482841512218999,1.667414936679986,42.86269171550198,46.790420327455436,1.7019163529077366,106.63597868560763,12.87473482850736,MISALIGNMENT
0.9469742381627559,1.2839633815385496,1.3770787074769353,34.242819666760646,45.653877456916675,1.7070551309997732,89.80304680291144,0.7034401331388942,NORMAL
3.8547810429892686,8.700836621337542,4.93963195258328,34.82762724210089,78.17785709944056,1.8250564656253716,93.0055374204464,-0.6350051923220801,BEARING_FAULT
2.9141173273529732,7.146909539692144,5.059456135853587,41.45739040898694,93.89719250245278,1.8651565383042552,116.31299050249746,0.523235559162337,BEARING_FAULT
2.2274906352151396,3.2735028032491855,1.3204017265415977,56.2999018629948,61.33568148230865,1.272170418763963,320.62010915010796,-0.15315024284103962,OVERLOAD
1.1896792982653948,1.5624960762762612,1.2753385632741443,37.546180149039465,43.95340872547097,2.0158053489920134,113.03507931934759,0.032407013340136216,NORMAL
1.564482067734538,2.1584120668653046,1.5862353080206117,47.04447737225405,72.71524167634311,1.9608267166344189,91.18039235732826,13.441101207862465,MISALIGNMENT
3.3601205018564997,8.076242719322893,4.637256993746641,50.91170694463814,72.66245684650221,1.6239273004352364,96.95732078550583,2.977830259213651,BEARING_FAULT
1.7382695624732736,2.829704334846177,1.4925407322991924,71.05049581965795,62.458698203781104,1.0599494357349453,362.34979828076945,-0.2891572801929665,OVERLOAD
0.8849006422577697,1.2312474215689704,1.353504917758329,34.72880276767146,43.71617232514243,2.019042388992506,91.65676954508417,1.8688178405438531,NORMAL
3.575733614472066,6.775257893989883,4.49676920296048,51.438166628153475,78.33914224208921,1.9431246771286386,114.24577865862851,1.0221499979087512,BEARING_FAULT
1.8322462885843867,2.683725732623329,1.4140540276551983,72.39322542448346,62.745633377791826,1.1357849189213114,420.2886899489368,-0.5662807682960351,OVERLOAD
2.3402516761924432,2.9371674435848028,1.4923721848260418,69.33798160774595,53.893513076973875,1.073070524903612,397.9578527433318,2.384550155853594,OVERLOAD
0.9150155630535208,1.3230440220003572,1.2898274875527533,35.22730056719509,42.28011712282996,1.9081873016583426,92.83956563724159,-0.6506598273683837,NORMAL
3.2511490078574443,7.292579170911666,5.480552145645733,37.37111200124479,75.86014481505262,1.8283005671264998,94.73565889364114,3.8440027578460247,BEARING_FAULT
1.349465730982229,1.848364972393713,1.3957290799092767,40.41783281508114,52.73726404064945,2.107734343956995,108.97655771649744,10.049749443110793,MISALIGNMENT
1.7857992976242452,2.230661927435706,1.4769807315522558,45.56123303622527,63.200289453966946,1.7635529146382718,103.07039237251821,7.7794737624164,MISALIGNMENT
2.351411899376991,2.6325309212806647,1.5219308913132055,68.79549679785319,62.553677748036364,1.1395832741525034,359.43336285549486,1.214930007823038,OVERLOAD
1.3847007925046102,1.9716689022152005,1.3220395662969344,44.2991654297172,47.65812142284484,1.9212824398669968,92.9333089592686,7.48358224668913,MISALIGNMENT
0.8942289071044099,1.2987742716063098,1.5563767470123455,38.86137249560547,41.47693722629149,1.901770596574532,107.44185710315034,0.5044832563830169,NORMAL
3.955312577955832,7.611896046320104,3.987552550309567,41.517428836133334,73.87656795368153,1.8025061077106963,118.68189023748577,1.581984181369048,BEARING_FAULT
2.382427787190121,6.624145836338282,2.117231435419974,64.1895070203016,53.019326398172176,1.693442480166264,89.69523941822749,2.5145120940586727,SPLICE_FAULT
2.09212439670976,2.7560104677869193,1.5382033705716012,60.68406987915096,61.92080088983739,1.0869277411496863,396.7806622914631,1.3472781580696922,OVERLOAD
1.017136828118997,1.5502825830347273,1.333713571191811,32.354452863507085,46.14436223607146,2.0156972960968433,98.17431025620459,0.8920675997317206,NORMAL
1.9335429085882518,2.650884253949295,1.5412071137066023,56.29337608119957,67.03403764366483,0.9847617019412346,393.22270263316295,2.802125547680537,OVERLOAD
3.510268926083045,8.624807163685722,4.408538350793704,52.26270982032126,92.08421897844764,1.5486239753172228,106.65040636537739,-0.5975356116903336,BEARING_FAULT
2.1571675140487923,4.300547312261315,2.643476242209407,69.04801703709548,59.08940983353735,1.7888673266935724,101.97264443908887,0.5375740209272641,SPLICE_FAULT
3.581727953595328,7.092842931225757,4.098098409951457,46.15721854349505,87.5907141306196,1.7721394854872252,96.39262011526897,0.7223465521837442,BEARING_FAULT
3.2880886991877127,8.08935530408534,3.5963688452171327,47.08346277024629,74.61006650711606,2.0316500230456853,100.56073505565108,-2.1363973060459287,BEARING_FAULT
4.033978691353457,7.807437942522152,4.075359519044954,48.08740194322718,83.73087179165519,2.0183114223258043,112.75230728837754,3.448771878943776,BEARING_FAULT
1.3370847871012173,2.123709988851065,1.4495491839661954,42.6100783799963,63.7734688335836,1.7077228227937662,99.5908246480493,13.296181732794865,MISALIGNMENT
1.4384255908541417,1.9205834781046474,1.734852948773201,43.77698864104003,55.97921420260349,1.9150135653956202,100.22350554966366,7.9486751814263155,MISALIGNMENT
0.9399361310081195,1.3566869894746434,1.427110329343593,37.70423560314722,45.373060079611506,1.9490193306809118,84.57198484790354,0.27658150559104877,NORMAL
0.9967305251905907,1.2949338884557273,1.4629776444332345,39.75323894141745,37.450072351737624,1.9385877434991683,107.65878279480614,0.12861745040496653,NORMAL
3.6100373907775016,7.152527450180139,4.112987174818697,40.95585147981708,72.48856588079477,1.8618171451095904,108.00586924639131,4.606756953799666,BEARING_FAULT
2.4496330651663385,4.093016638287277,2.5675605498796,87.19066494313383,54.117964731858365,1.885427568932652,100.98123644962948,-1.1761682300887482,SPLICE_FAULT
0.9138715798671736,1.356233506296876,1.2423216255802603,35.57520283507722,42.646189516368864,1.946468328743234,102.2155847362421,0.5268979236657937,NORMAL
2.3262086908298323,2.6692867502845785,1.5994868693787938,60.54894103394915,59.93861733248912,1.1709825598717976,394.3853168882391,1.1689550227384606,OVERLOAD
2.1116759027022862,2.5067907647548866,1.446645637417692,67.52185890491123,55.406917707384835,1.1758308315354813,382.06042128951617,0.6607370684788586,OVERLOAD
3.41982200692911,8.2288126461077,3.108141888100951,45.77208853087177,81.59845637381693,1.6501219645557512,101.03303820034793,3.7165393095482293,BEARING_FAULT
1.7225624680279314,2.523452903103936,1.4593970845587285,62.38485587011156,59.47724305715737,1.1599669876425278,395.778325418744,1.6039854724707414,OVERLOAD
2.1356059923830255,2.871621377587407,1.4917486481088607,76.17721472840105,62.318615287785576,1.1766014206788211,324.11409240646293,-1.2309346898111428,OVERLOAD
0.7974857413342393,1.5360600591376894,1.3301047099053163,39.177247901536305,42.57190677379507,2.1007443973195197,112.37653757511998,1.1734422766324448,NORMAL
0.984432276460792,1.0915931863675543,1.4042300255624727,39.851017848730095,44.33222205829353,1.8432140574634543,111.27780250633899,-0.25628082425157245,NORMAL
0.8330594718878628,1.4826631119549583,1.3910484638540868,39.31850369186068,39.84350283717381,2.0502744807490814,93.92353654626527,1.0071572005966691,NORMAL
1.934789087738536,4.995327179463764,2.3186377612793425,71.63392003700295,66.74009254326938,2.063344056833457,95.90425560226872,0.7189715512880392,SPLICE_FAULT
1.9254618684500249,2.531855070825516,1.443894914797773,51.92126803165853,59.3784953056075,1.0781233350541717,391.4100995094765,1.0350776877342716,OVERLOAD
1.3479220257331606,2.148913032071051,1.4880062961487872,40.416017934703156,59.05004154011294,1.9148780634807305,104.76430166717125,8.42099986055204,MISALIGNMENT
1.649559924821521,1.7508115747048796,1.5362633153841365,43.704820131458355,61.17664597608103,2.031060591281346,97.66393039017134,6.616042687440238,MISALIGNMENT
1.4815086241807713,2.4001800995868563,1.4123408586785946,43.52904923172699,59.50703534890559,1.9849584531046616,107.09932748147237,9.93717719772315,MISALIGNMENT
1.7330389197395126,4.6541924232042104,2.8831727410537606,72.12334917683798,54.84893636607858,1.6906309960694346,101.19383635184919,-0.49847103914526514,SPLICE_FAULT
2.0085511711345188,2.897645533697385,1.3658740272763263,72.6443815010969,62.54043857210393,1.2188206098718204,373.91228130397315,2.7939128611529607,OVERLOAD
1.0331263431403563,1.3737701712921426,1.2935990515393274,38.86608088783957,43.4990553309088,1.8797850473923912,101.6048962397348,-0.09170602414512598,NORMAL
1.2220495359335217,1.7765575506704077,1.4990202382969233,43.37163919107754,66.43774027618397,1.974458639847313,99.212115999197,10.520888282125801,MISALIGNMENT
1.3070341807619184,2.2246513381056108,1.5794046397178487,40.92312484446176,63.07610445907153,1.9306347533932022,113.69094582762851,8.181568403950973,MISALIGNMENT
3.516471806779574,9.478128002353959,4.268750423400015,44.146813697471686,85.19717902568435,1.8288553390556268,104.66525189673094,0.6359622442849984,BEARING_FAULT
1.0478979825746393,1.2778358827258545,1.337189376354669,33.51041223472976,42.21611058385123,2.230363875210479,112.84095793948117,-0.11464083550639245,NORMAL
2.0016371644511346,2.5104357769748353,1.55487004763949,72.55570226861701,65.56146224945864,0.9846256522036775,404.7755800948313,-0.1996143321657975,OVERLOAD
2.419113740478666,2.676423029684214,1.4821293115436505,59.34334855861715,57.87037700341217,0.7948466198173456,430.3305227269943,2.6617349236252013,OVERLOAD
2.2836237262390195,5.457091594436211,2.632332509261994,78.39678659301885,54.75090834546999,1.6743927645793726,88.02944976853027,0.8547834487897865,SPLICE_FAULT
2.7783847540726248,5.247856555081014,3.279509231731679,78.32041585989771,66.51892154608747,1.6554847940655633,122.42944861135031,2.7821630188334345,SPLICE_FAULT
3.122098859196444,7.994879397917489,4.5216158448224455,48.408060139633974,87.61250412690444,1.9833517884701963,86.37786673551153,2.666324648286192,BEARING_FAULT
1.301144108766703,1.9197867574057768,1.544585253161114,38.096672200825964,56.445312418244534,1.9346312710224887,85.17603213004232,11.042445301668517,MISALIGNMENT
2.8835551947868,4.984275507194732,2.334027695518675,68.3683997034004,64.28207758913167,1.8633465098580113,99.31770064660213,1.6908823602245209,SPLICE_FAULT
2.053745704363637,2.8018394351305678,1.4369136489316592,54.96149592496556,57.68541810256836,1.3078362850912222,332.92702925920327,2.7055882900682833,OVERLOAD
1.460035378329016,1.8313588146313924,1.3163189031031024,40.89838819736475,54.6633330939176,1.7842584209784564,117.44311114743111,12.990335330317212,MISALIGNMENT
2.579474768491691,5.679877702943758,2.950180941263826,73.59427744881185,53.44367392847823,1.8327955682033639,104.15531979794082,-0.9893404403884585,SPLICE_FAULT
1.9982342738622925,3.1568927936455706,1.4114331815993584,57.64464641936033,63.630179996146666,1.1302294408673754,380.6499623511069,0.23125991367864707,OVERLOAD
2.0860326373937252,5.877288296999657,3.5046623311341043,69.81203059385071,54.14087477661641,1.908077619435943,85.82336195366943,2.860026760047169,SPLICE_FAULT
1.7812329296609144,5.027403044913756,2.968185381882686,72.40582287630964,54.4029116505392,1.6502980454514768,90.13777738488957,4.179008919126112,SPLICE_FAULT
3.6496866939209913,7.685792838066552,4.0187505825403385,41.03423086241537,87.47310549867838,1.8879679695500415,100.92968173053941,-1.0029441397511785,BEARING_FAULT
3.91455436343481,8.467780277628753,4.580346433732452,49.87019208780286,93.29973335652035,1.8066753123478856,97.55127214723726,3.751915325267593,BEARING_FAULT
2.706495116218782,8.473682386561993,4.1657834846756145,46.41471750356419,82.74831936089363,1.8699482473774938,104.27670998697693,3.6884697252477583,BEARING_FAULT
1.1447146654972495,1.9002219889374585,1.3398829310713727,42.102815442600665,54.8437943187965,2.1583573660166566,98.54650577686115,12.56631131202635,MISALIGNMENT
3.3723967878108585,8.218875658609342,4.752932179058078,45.58398365725056,67.58211144882611,1.9937621776098946,111.72720487860141,-0.8115496036506942,BEARING_FAULT
1.3255202396777046,1.6897559940434994,1.8305393294465961,40.759728688090675,63.10817606913804,1.9085594703944524,110.48203967675276,12.517963390920226,MISALIGNMENT
2.1510164844315094,5.456912114289379,2.9487158861252345,67.22157584591514,45.2292487983558,1.9444345476913638,105.83567131707065,4.37878275722586,SPLICE_FAULT
1.366272041630772,1.677035562529517,1.7063108476143478,40.3296636814699,53.984445830233426,1.9544624574499339,102.65163922746588,11.584337656414652,MISALIGNMENT
1.5560092729853863,1.5657660455011868,1.5235863522494206,39.23343328370512,52.9104425476142,1.8058596830997975,119.26285854855394,7.5904281884197715,MISALIGNMENT
1.4142402245870398,2.906292814455658,1.430623339250325,67.51346966823672,61.03926619068823,1.2230911213863007,347.4921036598239,-0.693444897699748,OVERLOAD
3.299296895532112,8.924586169696713,4.856331016063503,46.33719985500403,79.15332080241863,1.488426051104876,103.10248442740317,0.7168047206613783,BEARING_FAULT
3.91147948635596,8.29402323804913,4.188409842345968,47.136251825267806,88.78985328614925,1.82908822153259,95.98434504696485,1.8471923737481595,BEARING_FAULT
0.9092436337958402,1.4094818265567126,1.417793734172034,39.49322926727418,44.27376554977086,1.825236349017174,84.69538590256623,0.3569727592669261,NORMAL
1.0357112571511746,1.2145137874539327,1.3378024130895565,42.8467484706447,47.15813371862189,2.014035986984805,96.06470144030271,-1.5118834195632136,NORMAL
2.287589758737372,5.182235080258264,2.940524352691173,67.4248050037283,60.151583477368355,1.7717284179507495,95.15319107487346,1.5178821323360248,SPLICE_FAULT
1.663768053233707,2.7535929006596334,1.4456978053614211,72.1100419014981,60.55611667420429,1.5926177301931825,424.84193021807914,-0.013906497205740553,OVERLOAD
1.8025642268802327,4.83169337355939,2.646659775443279,76.14422266576231,45.15658930958307,1.5847160567131335,113.25727429373568,0.49981268502338727,SPLICE_FAULT
1.3798729683984612,1.9789159970968437,1.682159619786746,45.20637696418288,52.11386791274395,1.8111140301964324,111.07721095982448,10.740653895942799,MISALIGNMENT
2.20564323030012,2.673525306567912,1.6084477524857288,61.73435340245277,67.40618295811797,0.9559470421786831,353.449141032116,4.720976376268214,OVERLOAD
2.052421515893622,2.900548169960535,1.4903615363685103,57.140140673750004,54.0331059377809,1.1648180365975656,318.67008571396775,0.6055376289764437,OVERLOAD
1.9703040144263868,5.707688166371441,2.6492443372618935,59.03840125423961,54.12387516684727,1.8405812450748391,104.54534301036948,-0.5633398333059754,SPLICE_FAULT
1.2861543951644983,2.234269515087495,1.4032135723925685,34.897567039880165,54.366129310830786,1.8358835070603148,105.6477626431415,10.192593132004186,MISALIGNMENT
1.0250492850345876,1.2392120104666915,1.2563909579152512,32.68090259537936,37.24205006328613,2.084198369545213,94.14072326682245,-2.0362205028559366,NORMAL
2.58068950762949,7.6616992814865235,3.206665395484777,69.65301567837864,57.249544444156136,1.9069269278187269,108.69587690898179,0.5891525719950976,SPLICE_FAULT
1.1791944390459812,1.704014885043551,1.590497848967168,38.70937476184804,60.352414980645534,1.9079915263740037,98.55133244853906,13.209994403608828,MISALIGNMENT
1.062834550926428,1.3421099686712417,1.2604306053368792,40.154557177123806,40.5440824938964,2.083475132632488,101.72254386411038,-0.5509818035382495,NORMAL
1.1579212815507391,1.2571452961075713,1.2938406649754597,38.80137995303445,38.101256289217204,2.0486036289417635,92.2014705377836,0.49406391897551966,NORMAL
1.3388809839062596,1.6068652285315808,1.5301903321996344,44.88091550426,64.74567552556715,1.8534924053798993,108.84842582801159,11.889936630752352,MISALIGNMENT
1.3721113278576842,1.7120064341699865,1.539549832862822,39.39623261174654,52.32914427361105,1.7188010662437945,97.16293271635269,12.877914356469702,MISALIGNMENT
1.3310353076254284,1.8679161236049304,1.4537360710357785,43.844833917094135,59.209010357778745,1.8810306506547592,112.66330267956289,7.953655071652305,MISALIGNMENT
1.4121623814351234,2.2797469962710477,1.5534530676897198,39.328293568226954,55.50506372010444,1.941478446207924,91.2580072998585,13.064778796252794,MISALIGNMENT
0.9469498852389473,1.2938758558425731,1.4172496021203642,36.48746050697699,43.60445200903773,1.9545452281256557,88.10767534922871,-0.8561698406617501,NORMAL
0.9142842443583717,1.1897586769547879,1.3109670873483439,33.86114550563321,43.16747758700379,2.0522142545933937,96.73303786813636,0.17618982250269238,NORMAL
1.0963376129244322,1.487912799154281,1.4457257201331595,39.66681339801035,39.313961032910925,1.8845637331767016,102.25761523111754,-0.5966290586117302,NORMAL
2.2617386336070524,2.7813591800592072,1.5314267421801184,57.197298626468516,57.93280598811745,0.7132560724789205,368.8167261660574,0.08234820671092091,OVERLOAD
1.0955142320501239,1.3974964240124892,1.3760637053265734,42.533464790742045,44.50000173534092,1.8744864628026605,101.81251162602051,0.6266136372630708,NORMAL
0.9992027358683383,1.3414078488703125,1.396935504118022,43.21669899139274,42.42377142026239,1.967298268239023,89.01379574822188,-0.0827150238964932,NORMAL
2.6467262289487423,8.30106076611726,3.988132777361091,48.954104418589765,77.9110987892188,1.4059972866002082,100.22593768402184,0.7576790127310207,BEARING_FAULT
1.315799300533669,1.591113230350351,1.528700973947086,36.95738862228564,60.99725343160852,1.766977374435866,103.47397486434762,9.862246049605261,MISALIGNMENT
2.169492492724132,2.6432755814867472,1.5343597535178217,65.56441904714914,63.81696539790985,1.2303546913296262,407.239392734154,3.125251123208204,OVERLOAD
4.05336963142239,9.231485218080556,4.057132199683123,45.90925518196927,82.04604886707395,1.7123251176567076,100.39812951102121,0.2750907192906247,BEARING_FAULT
1.5850586417504289,1.8826597727703582,1.655874379111906,42.4900810647474,51.33425995761395,2.169832883593709,91.79671538867532,8.960397332610812,MISALIGNMENT
2.3150933154908926,4.992037094567046,2.711024522399177,71.98272505481478,58.52025614983527,1.689988142546052,107.03670773462173,2.638254686138077,SPLICE_FAULT
3.600172113200418,8.405309163927202,4.435724482807435,44.212755507609494,84.36747984410103,1.844928062912424,110.22766742366719,2.953116931750877,BEARING_FAULT
2.3336265333344595,2.6375137710072436,1.3866957652622538,64.81117177877789,60.514071215775346,0.9249185771578462,378.1070734113696,0.11956268503557332,OVERLOAD
2.71930295639582,6.27437061982132,4.243343455497169,51.81490861878895,92.57238822173426,1.810312508514536,107.51653868986554,1.2566271900622568,BEARING_FAULT
1.5739759949582515,1.4391576128112065,1.5401295560394257,46.823745183357474,53.51170307362473,1.9612269810105392,91.33115415116534,8.604084075318676,MISALIGNMENT
1.936203207121429,2.5857874768667632,1.6501879133796318,64.98652278945727,60.42522930100091,1.0945329019612944,422.1869707778766,0.6491805950299474,OVERLOAD
2.1260912664296026,2.700466368468363,1.5192619147586937,67.59910440362925,51.94989163545502,1.1249508298925985,414.8984639838263,-0.8750384833814062,OVERLOAD
1.33852981343097,2.1542130652014064,1.3304381821750302,44.19569420770314,53.80749691808024,1.7876121594874406,104.63301510234231,6.746333024401469,MISALIGNMENT
0.8521413754220158,1.23136906714189,1.3156558220386192,36.75960451663017,43.63043813601028,1.9184624371683878,118.13407698515422,-1.0952705188428047,NORMAL
2.7109812778052036,5.52495344053506,3.1621448936305483,63.117891851759545,50.85266132709856,1.789256302802886,89.07190710071838,2.1974301046420073,SPLICE_FAULT
4.186047287271512,7.716255712055394,4.364747347951913,44.97353502338605,82.54402914269917,1.6279401600421386,127.11242950282562,2.3840544109043575,BEARING_FAULT
3.4093226920405124,8.468056161966697,3.490036913028862,49.155358847928376,90.94396328751321,1.7369603953261759,102.66864067454948,0.32967427779353775,BEARING_FAULT
3.299341328481417,9.330221831343575,5.133636823159191,48.62047673267756,83.02513685991318,1.6452260173907347,89.39758022446283,2.2098228135113827,BEARING_FAULT
1.0791662693962936,1.3952654250077425,1.4734594822617753,41.342965084006615,46.02442774659264,1.9410728348210693,104.62483624066854,0.7638603516334226,NORMAL
1.7909512873239573,2.722370676438286,1.361934782988986,61.864874423542176,54.18498571108278,0.970218641922163,355.37483123449124,-0.6611921129415359,OVERLOAD
0.7932557899960123,1.4794417000117557,1.3436286887003428,43.92932175354646,46.43080327835482,2.014098269961206,83.84113212589527,-0.22565638071225164,NORMAL
3.6785496979034145,9.529742438130363,4.525235526841731,49.108017647150625,82.65987045160527,1.8339473929347718,117.06970324632249,2.2563858667262275,BEARING_FAULT
3.3395307313010445,6.921257989775215,5.530170771918415,46.46530993416431,78.33493493055722,2.078500850687657,92.45598940272498,3.795258082830782,BEARING_FAULT
2.4749883066168525,5.065937666102148,2.729584840447179,65.97283825458219,57.00641208088602,1.8975658067011205,94.77840838478305,1.715022296546884,SPLICE_FAULT
1.5096500940178221,1.9302806095903464,1.5279161120961198,38.54400735726257,60.306360421589154,2.041135686174562,115.1541381534821,11.137812266241944,MISALIGNMENT
3.9220218195770205,8.240800987134781,4.754750691412203,50.446152811392444,68.86964551661468,1.7777166877649127,113.48317219704606,0.004699357864694553,BEARING_FAULT
3.8051833026855886,7.777068182860329,4.835629833038677,41.23625618942846,102.57065787618018,1.940520851569959,103.42821500069832,0.5351273531811493,BEARING_FAULT
1.966680321192711,2.801074780549835,1.5941619013551491,62.79731497956613,66.1035759774772,1.1831214389769125,376.1853191162981,0.48815316846486834,OVERLOAD
2.3171784736441428,2.8642332946858398,1.5512543628399402,60.701634237795524,50.60509527623086,1.0815546580048447,423.8204099638741,-1.603600905421441,OVERLOAD
3.9154911599659648,8.286587675211562,5.2668114228664615,41.48338720362582,95.9083675731169,1.699486413927295,103.4277328310888,0.913500837714542,BEARING_FAULT
2.236654577082609,2.8406474116950284,1.4801330866177096,56.2637210399214,63.220324614786115,1.2178223884744366,373.9204021153355,1.345812380276094,OVERLOAD
2.376768485465991,5.097101491631508,2.66006393412389,70.34435639215985,58.222663436565234,1.8612254551263376,105.34069362161387,1.9007909776824405,SPLICE_FAULT
1.0915402117702073,1.321160952221024,1.2031035701517363,35.57118944023506,40.83860805063146,1.9943411511100104,124.85189916678891,-0.45763324933761523,NORMAL
1.7461046550873638,2.804300926652728,1.5755184973803944,65.60993456939617,62.40753815495653,1.1143411316168867,356.8432887444214,2.213966355896951,OVERLOAD
2.460416396268333,5.4958876030591055,2.5451238663180593,77.78403087235593,55.763911835501176,1.9396395246026417,87.74933224855674,0.281227737858498,SPLICE_FAULT
1.9393542409275515,2.726245504766805,1.673051795182796,63.27966983107962,57.64575084938858,0.7800321173422835,361.2556638639233,3.748179411365952,OVERLOAD
1.4173736880840417,1.9386758903848318,1.4047806867903012,42.9721093281196,61.04567759526757,1.9723037939579864,90.13057263498443,9.9330951084482,MISALIGNMENT
1.2727901602954237,1.9917988003348581,1.5070106746510992,45.69210871495341,64.82763231263132,2.1077777585198443,103.45414181643854,10.083553941486999,MISALIGNMENT
1.9309161762389457,3.0555787212372527,1.5280928496947825,64.60039383786815,58.54984799266904,1.4597673928382104,432.6913396288398,1.833069484224653,OVERLOAD
1.103099952249595,1.6588031763899833,1.4482135193978634,41.00174695412893,44.04615619713786,2.173493657583681,101.49363482271188,0.23384802578959837,NORMAL
3.614907171648317,7.994263031214938,3.7175727875222697,44.0130508777861,88.700383382382,1.6173492933590274,86.74098905887394,1.9002392566205808,BEARING_FAULT
1.6191005473329583,2.8027680978986407,1.4155297001297018,58.39204022738174,62.6025624831414,1.0789733105261985,387.7015751838722,0.0052564362860649805,OVERLOAD
2.1084374214902404,3.0744603394293546,1.5808988609229009,51.65369534834679,62.109136430804384,1.1796627696463926,426.39196061569487,2.2901276016142305,OVERLOAD
2.39289794642,4.837225015543605,2.067813896740752,80.84232386112623,51.963365447911514,1.637521722809327,108.05512920235839,2.410825394437321,SPLICE_FAULT
3.9067323556051408,8.576010825469002,4.7586377136806535,46.34050453229466,93.01060907839674,1.6645194586656824,93.5179270802829,1.3548758920044677,BEARING_FAULT
2.0501846351895976,2.9838475965007962,1.5035295390745216,57.54277048362119,54.910252769324245,0.8818077877134259,335.3323323178827,-0.13517055053130078,OVERLOAD
1.9268105203068864,2.644049756282432,1.479283831090596,68.55832430169812,61.25746834970996,1.3418467291855323,356.0653363567166,0.4466753455944642,OVERLOAD
1.2463242112485287,1.3978963337222485,1.3946248245081492,39.50253342483337,41.235132619338906,1.8790523064581195,78.67404373845164,0.38343503140364416,NORMAL
1.9306207319859832,5.528272163086554,2.860484297919949,73.59194887556401,50.950415716054096,1.8929658606627886,116.02362653450226,0.9013589394334938,SPLICE_FAULT
1.4320713190911594,2.28844911895126,1.3793324420592552,48.27328281819743,62.08990772226931,1.963221631403185,97.00930914769945,14.492981263189243,MISALIGNMENT
1.190941664047013,1.0024493546167574,1.3891349704118132,35.00581811805676,40.72729099980587,1.9372686554048697,92.21162957179565,-1.4452052644122255,NORMAL
2.2416926957089855,5.749322796302201,2.694533848508816,81.480017397091,54.9547186818851,1.8894391397806778,111.077255197087,1.8884513246403738,SPLICE_FAULT
1.4093497024428683,1.8538676666720584,1.5718387859147358,46.33101095749871,57.75585082033148,1.9343158554197415,107.67307362602487,13.711610678863003,MISALIGNMENT
1.1160856733614921,1.9935900844263703,1.3381534895564031,47.326472547720144,58.721550097175395,1.9676357047674908,93.15012820856252,12.139517839408358,MISALIGNMENT
1.8522954129771427,3.015179063134964,1.3687511309663687,65.07545461760189,63.53839122013621,1.4754856707604234,390.8004939571468,0.5531569828847038,OVERLOAD
0.9143916174091132,1.233798665416364,1.4572360356818517,41.10574800417126,49.23503002673526,1.960377032189824,99.36876986888751,-0.1702582467959055,NORMAL
1.3558316363617948,1.9546236868587288,1.5305654219670408,46.95171888969854,51.570679913601424,1.8595204620579706,104.45838875229246,11.545267028638829,MISALIGNMENT
1.0314247332595274,1.4370919948678431,1.3723195329779043,35.84254004227274,43.02176764920149,1.7167844401889432,97.15844902071203,-0.4817659710934752,NORMAL
1.5126309169101997,1.6012980443493712,1.3839991067634068,43.3823917308479,55.78705353612922,1.8826126179685412,99.29776379425374,9.05567556411335,MISALIGNMENT
2.0627377551780106,2.4847176501433115,1.4411981480963032,64.61077135367984,56.68453913087306,0.9244424602843491,352.61586540196413,0.9307570840450421,OVERLOAD
2.022326686712796,4.698720823931128,3.0253695536036544,66.89307245296686,55.77787556379278,1.8648025750648598,106.73649777413475,4.7135993709829584,SPLICE_FAULT
0.8047912200477498,1.5716048790883241,1.4246072665498473,34.337862722257526,42.94846787154833,2.1503419828429,105.3629090951719,-1.5947559581633324,NORMAL
2.039542628348141,6.230277952693667,2.4773494620253476,79.97899623053192,58.409905846613235,2.0612052518161827,93.0270681857578,1.2041748527639302,SPLICE_FAULT
1.1058424486849587,1.4236221567276501,1.3554284408421924,32.40038014591815,44.85434783117426,2.044419832729067,115.98538112096341,1.0960699074773985,NORMAL
1.8843667584216552,2.9548489068779404,1.3954305029122087,68.57648896479492,65.86483849582133,1.107438774149238,381.6619073535,2.9828214882397033,OVERLOAD
3.726422983532827,9.206166159450692,4.994799664795235,45.02861302438995,80.58778079918696,2.0954485027426646,117.77633349807809,2.542901250378355,BEARING_FAULT
1.321680264497001,1.9249504199327867,1.4903174754303088,44.107979995497914,53.828643284660174,1.9725081044447508,94.34062869107595,12.449658746971664,MISALIGNMENT
1.1852278184508938,1.5335460383352737,1.240415761633674,38.699648393790504,38.94100698392366,1.9341751587666152,93.65714152310596,1.355572935710348,NORMAL
1.7086995000086778,2.1994881994823396,1.39522250538609,71.66406610432455,54.45617552297502,1.3256319351027845,358.2524197132519,-0.3483107163159944,OVERLOAD
1.4881087549709018,2.0506838927004862,1.4585810394009382,43.000109553782636,55.7226647187513,1.7743434664054565,95.05035449109299,12.363268447336779,MISALIGNMENT
1.2721663035504014,1.6533797389970288,1.4254410374012925,45.51350289811844,67.58629574213062,1.8455703853685708,105.40589541812241,11.959879482296557,MISALIGNMENT
3.4344296092977937,7.2536412238615835,4.953805905523384,45.697470351073214,86.96414754661889,1.6460897875888265,113.1748498077032,1.6770742000346615,BEARING_FAULT
2.851418950179111,6.489181269827675,5.335046950291544,43.75147452983485,83.21281266926327,1.9008919336634764,91.96998078185196,-2.0133703056109473,BEARING_FAULT
0.9684730755359654,1.4738213447362363,1.2985185415695886,40.488424525795246,43.79638316868573,2.0735621997245746,87.35501593045035,0.200459631413729,NORMAL
1.6596754447650948,1.9189242089338716,1.6405950519370358,41.82614837471185,58.84873883985331,1.9946577003573385,92.89863393162618,12.616719099331416,MISALIGNMENT
1.3714638733380176,2.17361587009772,1.547377190306945,39.7728408887078,65.33925222498655,1.987754755345142,106.67065472728353,11.940027322493323,MISALIGNMENT
2.6695310216722734,5.354847323720627,3.026128328173205,56.184403813178115,58.13122133031659,1.99705052737504,109.46174053700048,-0.045625288145392684,SPLICE_FAULT
4.339901019198396,8.485139782712931,5.008587107085078,45.255284900134555,72.04248107586699,1.775556553379124,91.25600751525872,-0.4265541124637613,BEARING_FAULT
1.1158110873500067,1.2829293783274096,1.500766904474769,34.457561554073465,45.03438910622507,1.9997596159081146,109.6030479628147,-1.387868550455802,NORMAL
1.0289774856896412,1.0500713142151712,1.4811971623497115,34.911885475453786,39.52645751541698,2.0232786742940165,100.12828643543685,-1.2699985973938759,NORMAL
2.0808117968833906,2.8299964491296654,1.5537179814541735,67.78592336495998,53.028511248977914,0.997885033013146,407.85166037408516,0.8943094893010063,OVERLOAD
1.9300968200238309,2.9916870442638235,1.5459637318074817,62.01874323595083,56.13925518144029,1.1524621722871973,358.8909066767231,-3.2226855348587744,OVERLOAD
1.2174654934489748,1.7525240193004081,1.522639312782834,42.41423522525264,55.50063784794574,1.9151657272145017,103.38758162280367,10.675875795926352,MISALIGNMENT
2.0243435314312785,6.215661400988258,3.2503694147313382,64.45827725270745,56.0184613923823,1.9293365616005644,111.75472955671135,0.7851815046477293,SPLICE_FAULT
1.0243687211491912,1.4546948793936174,1.4917801277335796,38.15266310556805,43.38986559035432,1.9757318723187967,112.30222175650788,1.945195074276933,NORMAL
1.7260402092490106,2.3003846085277,1.567937317057412,67.624236045078,57.350035341482624,1.425043890087045,373.07867082545533,2.2718931300329226,OVERLOAD
0.8679543386915723,1.2593540481176013,1.424745592899142,37.91221155894507,40.30567798748717,1.9287826135823956,101.7847666388539,-1.5821767633461272,NORMAL
3.470299157002767,8.290478746128832,4.347967370967121,41.648083141282726,95.99838376043823,1.8547740948712754,88.90712913312566,5.087810084185926,BEARING_FAULT
1.7628085693043394,5.957991670859888,2.4009309807853585,65.40867564091408,53.55089045565801,1.8006551827315023,94.534792606475,0.295893724715,SPLICE_FAULT
1.272250673849841,1.3200972240263034,1.6089695307626632,41.55191551305108,57.76100374807605,2.091160606706332,84.62292191469997,12.454342519067898,MISALIGNMENT
1.5682792257191378,2.189559283691573,1.3466892924805907,49.58978324775586,64.18590400144504,1.770687774959503,102.46906063416611,13.659588730410151,MISALIGNMENT
1.3244645571638423,2.0252869344907887,1.5204397662584184,40.264620813371,56.20798212243556,2.0745858970273137,110.1562788399447,10.35384851464595,MISALIGNMENT
1.220041210236468,1.972073743180972,1.5655241608044583,37.883762438191155,59.67163527276752,1.8467856109826897,82.31843088246768,7.283417023549785,MISALIGNMENT
2.038356892330865,6.255641081795274,2.1706725740199917,72.56265580146419,47.46343209259069,1.7235772855620763,103.5068585788386,1.84607092711913,SPLICE_FAULT
3.3711952117530384,9.489531902520138,5.195521237527973,44.59762757848717,98.05511078696176,1.9939722112531908,117.55323189530938,3.4760758769097317,BEARING_FAULT
0.9285648581973632,1.665885847780487,1.1427166166284073,42.12331427951245,43.60388725836731,1.8368724184539054,80.31076857583918,0.7158727446909595,NORMAL
1.1472998634160418,1.8957510441447516,1.5172480015729386,39.2278115779768,54.71687964600147,1.7982415222786623,96.18862303326581,10.265850707963635,MISALIGNMENT
1.2760832012428187,2.031929999616474,1.6366936382265176,40.10925211498669,58.05940217258896,1.9147820739036525,78.37967700072561,11.075106153321126,MISALIGNMENT
1.4224184134494964,1.8178963034540538,1.5061187500963376,44.14423694966683,60.42679953776595,1.8459623661012945,104.96634614979895,7.825623860643092,MISALIGNMENT
3.5450995752307,6.152636782872921,4.473383166218284,43.04852364770482,98.55340606552845,1.669042116048416,108.85956736258633,0.1032632247650982,BEARING_FAULT
2.0397635075161316,6.273756171774855,3.2579184284690146,76.24666559442916,53.669479723768916,1.9707653929764537,105.98868124131144,4.399075677295818,SPLICE_FAULT
1.0013001891877906,1.2627435389010158,1.2964741809072067,41.37233815995804,46.39253171625731,1.8533214809384324,81.6885512166165,-2.3716593608588923,NORMAL
2.0244128406050894,5.844060275012789,2.828579328670471,61.07059911830078,54.83207297616405,1.6685904154294204,96.39375115624799,2.0543098184449953,SPLICE_FAULT
3.8026569860427752,7.7275167378049865,4.494496839185796,50.04704464158,86.60853592025114,1.7075849770141076,105.99229623381073,0.9916085529762857,BEARING_FAULT
2.0116593416414914,2.8685446533154573,1.6060800071805947,73.60330680917762,64.74850192138935,1.1667287330897484,358.2525753870351,4.215167227815472,OVERLOAD
1.8791792838293513,5.5011477616125966,3.0906926016155465,82.79027877044743,44.495093947502006,1.7221978940942433,104.65006359068305,5.301041806175947,SPLICE_FAULT
1.9050938758307916,2.816551191361439,1.5043900533123389,58.51839764131584,59.79169988309333,1.0479704018113085,383.20008966101136,0.29781319930571426,OVERLOAD
0.9455617275474817,1.5411823951967278,1.3351769872897834,38.50596401590018,37.40667749233283,1.8130258300304578,118.97767016745976,-1.3734028889697492,NORMAL
2.0945177715154397,5.715859422499611,1.8898124253998416,79.1219516886623,50.99579541918605,1.8500685998774933,103.16876969918566,-1.5265018639838717,SPLICE_FAULT
1.9474346949143972,4.582355366061021,3.54496371897556,68.88026282069013,49.07201996112771,1.974192579579672,84.77771439286806,1.8714697431407796,SPLICE_FAULT
3.1804593823930816,6.250095268019166,4.440732882985568,44.683511110461964,91.38052498148764,1.849000638231325,104.19012090597833,-0.19950984867209565,BEARING_FAULT
3.150962189437539,7.875395753133432,4.764134969457553,48.845441439275255,97.38112618876217,1.7548747069567452,104.13615015648502,1.6277938949561812,BEARING_FAULT
1.4151186608967208,1.9040212933738196,1.560143238054119,39.30360056926849,66.65160907428584,1.9154031841683588,109.02091311588268,7.266598826392116,MISALIGNMENT
2.1641730517792475,6.063617838442943,2.3232896112996495,64.521702802156,51.5951658204351,1.867110355051469,115.26621639499942,-1.7007553697636828,SPLICE_FAULT
1.296147383864931,1.7743712521661643,1.5666834424343752,40.71109506441747,54.31968173265743,1.7382828109954453,114.78121226099483,11.065547275111562,MISALIGNMENT
2.0425322303090545,6.6030621397169975,3.243513746108609,65.40738087372532,52.46327402007982,1.754024247473563,99.67226623306829,3.9559300259998427,SPLICE_FAULT
1.7775388072647145,2.41068148729563,1.377625515334373,59.442565324468696,48.15487844209375,1.4176595004512849,364.25993658303906,2.750793975038642,OVERLOAD
0.8551915658502676,1.1669369794890314,1.2701291648649367,33.19728806457045,42.72396580475034,1.9715615350393492,105.3762990294988,-0.10047572057170515,NORMAL
2.512859622867883,5.6513979840230055,3.410003264518116,63.434315095574604,56.77420077785149,1.681262906962052,97.70536010472392,5.447769752845531,SPLICE_FAULT
2.0257248468417646,6.224215908056611,2.7047222398795565,78.27417130045062,48.6119758797197,1.881558334892566,98.48512234796303,0.5924065600279123,SPLICE_FAULT
3.383591410765882,8.128563641022769,5.46532912952813,39.207500898892526,80.25016645051406,1.6650572013681315,122.63404045918521,3.7804169833242494,BEARING_FAULT
3.5165307327508013,8.361237992991605,5.185481380064647,48.32693255339271,78.82197543293444,1.7932221707362257,101.28808048738473,0.12604862795227256,BEARING_FAULT
1.0150393786476208,1.210996237296895,1.4054484485810517,42.600301103888974,40.94423604655047,1.9436052511941757,79.17901296811013,1.193112945851028,NORMAL
3.917510782560702,8.440901283269564,4.715998281684805,47.454144516740755,85.83237184831269,1.9276405391663671,95.39989477812172,0.13875542889601222,BEARING_FAULT
3.6739571850709356,8.055582492976862,4.790686529669462,43.10017318191449,100.74923280307667,1.8013935102460041,101.63256969952104,-0.6071478325005013,BEARING_FAULT
2.6279608463219923,5.703485011724722,2.6891522236859298,73.266564789028,47.93658966496544,1.8003358730031551,124.75855881876865,1.4621846475699813,SPLICE_FAULT
3.9007481654164353,9.321311158948703,5.095180709876033,47.9919815945088,94.2896912192929,1.6867449006134252,112.53912065192134,1.905695263095835,BEARING_FAULT
1.0865755194170121,1.395889169542086,1.2462534441635325,38.457064616101164,40.04373333422082,2.105872852988388,86.28256870736494,0.6802302084176292,NORMAL
3.313556720182328,7.99989465101845,5.487852550615037,43.095959999916595,84.53262151584111,1.7146757118665115,118.9072592914143,2.463711669858928,BEARING_FAULT
3.323869726129524,8.075341175338913,4.346703462660809,52.280139251069755,75.41310762400722,1.7633524442040527,107.92484187942296,-1.0188121350806765,BEARING_FAULT
1.4719261322002413,2.015869351951355,1.6329093148870633,46.339689873754104,55.84272177720057,1.8091497488487809,102.07139436778569,13.782915933911884,MISALIGNMENT
2.3765368101937367,2.648365837103942,1.694896311144762,60.71201529895404,64.68076797064106,1.3913865768245948,404.1195948767151,2.9177278111775085,OVERLOAD
2.514983079857504,6.077555189707481,2.7498917832275636,80.46495677222296,60.03441789341123,1.8711196702552875,98.08046331821392,6.110385485181427,SPLICE_FAULT
1.082541634898803,1.3799260420452908,1.2926542143517756,38.122757526187165,43.49959237122111,2.208604704953711,110.09471788595968,-0.589112132781127,NORMAL
2.5135231103589937,3.30328763264684,1.5815324166809015,62.30841876134528,63.565129252164745,0.889991519425493,378.4084402422468,-0.5070572910601938,OVERLOAD
1.7629187363437813,5.826957512907397,2.7386420879425897,73.78748039478403,58.13686335093711,1.6221654385174618,110.82257509608077,0.9243418630933986,SPLICE_FAULT
4.043887285200358,8.635819230768268,4.398350877711597,45.08321609509018,83.11172647875168,1.615658264029216,98.84607674245123,-0.8856453877789461,BEARING_FAULT
2.317403315649961,3.3686522037974065,1.383402581431954,61.21860755812136,54.785358690956315,0.8814051068624253,394.66537669438964,-0.1297833691826995,OVERLOAD
1.2850818754083992,1.9410150678469258,1.4514945293108377,41.82470964300754,63.88266626893883,1.824679621840903,100.52457386889444,12.950401083369533,MISALIGNMENT
1.8576621441047156,2.503338295709325,1.5826453110858762,52.255837544726894,51.57997991101918,0.9246528634681251,354.51747590851085,0.8831379305030224,OVERLOAD
1.3286306833992647,1.8926820051314137,1.5559193798953812,44.4994732998883,67.9181682621801,2.105419384125607,92.49589872245343,10.795793882217122,MISALIGNMENT
3.407654355520826,8.286988915197293,5.286568011021451,47.79233385967067,81.5841570279459,1.6373294064631825,116.50128678393632,-0.057208927517156116,BEARING_FAULT
1.407534154874852,1.8437749030223827,1.5600913265900236,43.441825780042045,52.621316757791945,1.88775640102526,93.63117611061043,10.625339380357397,MISALIGNMENT
1.0024510174258943,1.365372529789295,1.4135411743697464,40.9620035497673,41.38242170735898,1.9922556539274006,96.02804683854012,-0.5964114079688796,NORMAL
0.7961875464822146,1.5161127382212622,1.5236754173998253,36.39259561084311,43.05751490507064,2.0229074688205704,97.02623920756893,-1.183056184734389,NORMAL
3.0251478670866705,8.064308031010924,4.7929958844893905,49.56732371094493,77.02777266705152,1.633085388251842,118.54210925245083,0.6302172278050074,BEARING_FAULT
3.232887042284684,7.8391296515197055,4.444808409676982,41.210308419926164,88.4875705911947,1.7536007260838555,109.57671611193587,0.6072465013872312,BEARING_FAULT
1.8403486853491666,1.7806210430536056,1.4839295519599152,45.41214329288674,71.60956073953247,1.9921025839730993,108.83606785994169,12.737596676611098,MISALIGNMENT
1.7415629747079957,2.2431815262265387,1.6124907344430455,44.24784767063835,49.029282444006995,1.586148533376596,110.21962776678141,8.011472941867522,MISALIGNMENT
1.369904105176185,1.991464856217353,1.488179492108958,41.16933193269359,57.85891060531385,1.89981712411559,111.83549102581605,8.481870177103612,MISALIGNMENT
1.7046839814814256,5.551182709028472,2.6115250395519807,72.98637614870863,50.746380047267024,1.8332145583273147,90.28731789841385,2.8692214310978468,SPLICE_FAULT
2.0513548956702077,5.8881222789380665,2.7092534089674363,75.32674950304084,44.94986188627559,1.6285526809732516,116.31453020787855,3.343975480272991,SPLICE_FAULT
2.030049639686514,2.867887680173031,1.4920623859979687,64.34690824958503,69.81034180949264,1.3291972360459268,365.7835139064284,1.509674533208845,OVERLOAD
2.1664249944402387,5.048133051881613,2.5605847942359667,72.83343454770153,50.245773327704654,2.0762802542066368,93.34789399646266,2.7879264474692094,SPLICE_FAULT
3.1167682481434555,8.376457167520238,4.831339178843082,48.574168823556434,81.73200385475035,1.9315139983731398,116.96260988306875,1.1610251949716268,BEARING_FAULT
3.4000909551838467,7.649272889570634,4.206692132220124,44.42165293069421,88.63738192754064,1.787633106127627,97.08532357487147,-1.3440028423768338,BEARING_FAULT
1.3643475024558522,1.9186316675399484,1.3934492667439433,35.67933265612176,60.00000002806783,1.8944147817347188,98.33185259301607,12.06578344045408,MISALIGNMENT
2.269323418253923,2.8164084596123877,1.5525169313262168,62.56309150055718,55.88566197501011,1.0223049051175237,407.1902970619146,0.1826948937647318,OVERLOAD
1.7452987006023215,2.6732512313702697,1.4396703151221846,73.96356886185319,61.54777823383576,1.240880427749307,360.2630453427578,2.676448662405936,OVERLOAD
1.458440678613798,1.630364590914502,1.7409680441315365,44.47230869056712,60.86222653077551,1.9085513329639598,77.44208668905253,8.946749034231642,MISALIGNMENT
1.9016997490794525,2.7519883979261963,1.5252033979934878,57.795086000989755,65.79333511670652,1.0313274545614721,398.18711580488866,-0.043744919588412756,OVERLOAD
1.9188450814005147,2.8756011283605782,1.6625330309075195,72.89806902511711,64.72748652329697,0.8959964635534109,357.6726989913329,2.3540172140488727,OVERLOAD
3.4384859339415232,6.792358702024036,4.589119871952528,40.31583584135274,88.83295302226217,1.9547123859651012,93.70111912097249,2.58614130375914,BEARING_FAULT
1.9188865944424713,5.326527743699904,3.060510124826941,69.29999241673114,52.218604675647946,1.6535806589416566,88.77217025273762,5.725791106227695,SPLICE_FAULT
1.329986178207284,2.022466442800502,1.4181908938444938,45.15014712466028,57.683050739825944,1.7119711589431215,83.34874703695955,9.748453912536448,MISALIGNMENT
2.6092953900171096,7.261256635422886,3.8941158962553177,38.559320808026264,96.06445918865285,1.8042703410657617,113.2153881730821,0.871299309616643,BEARING_FAULT
1.4598976402578696,1.7316356736263694,1.5897765075597075,44.196242854299065,56.042150113219805,1.8021734350733758,106.85619374218483,10.190722959918107,MISALIGNMENT
4.03741860264882,7.7928329321859895,4.110630242315423,43.876523016809365,80.81051573858484,1.854576065143892,106.44627633789544,2.704974064106744,BEARING_FAULT
2.1258080961331243,2.7764234821256926,1.5432850402519973,67.91772382844538,68.39391903693428,0.9476738841780019,350.6673679687385,0.6837479220181297,OVERLOAD
3.395373110709386,9.049184655168236,4.443868116404351,45.584941116089446,68.92213306505026,1.7908671034639947,99.90654903669291,-2.6122341442160657,BEARING_FAULT
3.632059979756775,6.408772643062964,3.8417151035563926,42.8866764435583,84.41221556348626,1.6874942733535319,110.68352148542643,2.9941571839756502,BEARING_FAULT
2.2504076805278594,5.06468901733485,2.7466092683270085,82.56985727290842,43.964067410328425,1.8168976742434706,98.47344513135926,2.233301300031214,SPLICE_FAULT
2.3670387840483342,5.218803694312121,2.246238710994877,72.27001269383378,61.69338987116527,1.6432934206543663,111.39009878521838,-0.5691776628353606,SPLICE_FAULT
0.9009463674869311,1.3522120719678472,1.2748531684944997,30.40913743176101,43.26028347135552,1.8090643912492708,104.96873590507597,-0.5955349351838592,NORMAL
3.5622317876922556,8.709474127590868,4.4915993420111295,48.44074084312738,89.21864063584538,1.791587141058199,105.04438522609814,2.0137964845943896,BEARING_FAULT
3.5190691578489184,6.345745298818159,4.83255302576074,40.296756078643206,85.1352495647209,1.85162005572421,102.33427715071015,0.9292971958239984,BEARING_FAULT
1.475753163241065,1.800465495314192,1.6338578804336572,47.41672329806045,60.30539016148217,1.8732862514058244,113.80138938868515,11.783657415432204,MISALIGNMENT
2.165134821024584,5.326664551399571,2.624569847394791,76.78858785143281,53.40798212972953,1.7762311260658539,104.10570752333942,2.462118242165908,SPLICE_FAULT
1.710750886083909,3.2195451979207963,1.5793262495955032,56.09612564319549,64.07342218647034,0.9805564716511865,362.5567074097173,2.0427490264273835,OVERLOAD
1.3241050701518216,1.827798155349486,1.586774103555601,46.06036094286361,54.81256282587494,1.7440564220873773,99.70311209714022,10.146857494338853,MISALIGNMENT
0.8997470635362191,1.4840754997905754,1.3793892405452943,36.150915775881565,40.645021571521134,1.9834368589682367,93.88614752611372,-0.3004659487207037,NORMAL
1.515612531442818,2.263779706440065,1.6105124897646061,41.29882782644482,53.75447574504888,1.8198516078168991,106.35100011597925,10.585367807983511,MISALIGNMENT
2.111924066598753,2.983651485585575,1.4570008591385162,65.46762377934925,63.84607638614525,1.1255623126389669,390.57268743152946,0.06996557638493273,OVERLOAD
1.2721419850888844,1.916554580757085,1.6965553934822177,44.14552317038417,67.83458481254127,2.0285582234361677,119.12688134356796,10.716674736255513,MISALIGNMENT
1.3339611193420398,2.090495631390561,1.5972647861797693,41.96310465207583,52.14537553096273,1.9059905256796437,109.60932178608262,9.745902770604518,MISALIGNMENT
2.392970625565768,5.496753199208375,2.3305765658465334,62.967421321942524,61.26137738765308,2.000928616100439,93.16276701813159,-2.063647112644282,SPLICE_FAULT
3.705470086317322,8.246940235244493,4.671426732890824,53.14417133136045,74.32138545929206,1.7012836785925851,111.75164400988294,4.375889301756107,BEARING_FAULT
2.7537403961115796,5.02442630177729,2.7061555392802523,72.17344422547733,53.72937088404948,1.766050076420322,111.43600052794599,4.153150630488518,SPLICE_FAULT
1.5560646338967257,1.8723835330677037,1.6027343228549589,38.23751703901319,61.31268016699306,1.9053897347033206,87.9608635103362,9.553663122341215,MISALIGNMENT
1.8269837003338272,2.468792309958284,1.474916632818877,64.6589788867583,59.606235568776796,0.9551905684800618,426.05365219437954,2.54079218236429,OVERLOAD
1.5755975834071867,5.151413791555212,2.8630996705465828,63.6182161958979,58.479806276518026,1.9108759982755703,80.20218808035747,2.1163277979445265,SPLICE_FAULT
2.49641910275371,2.791609175653905,1.5128849621355915,65.62708421645493,63.364851030159585,1.300777926287191,383.21857598289733,1.0987727463488774,OVERLOAD
1.0227459934604128,1.1290950922402025,1.3628459184839892,38.924151618512305,39.87126043575248,2.084677077521649,92.85319323009568,0.9411818664199697,NORMAL
0.9763181393259991,1.4567556954748124,1.3714873823090605,31.98841290677974,42.24598666924068,1.9475551863737348,98.76271053725164,-1.9495617177543672,NORMAL
2.5554087393643012,5.934401353000009,2.45728684730284,81.5922155009752,48.74238602847734,1.8340298686495176,95.0248342936388,0.11683406706515065,SPLICE_FAULT
0.9891239851543142,1.3735825403641766,1.1560607791781647,39.49466524549035,44.6860662922878,1.820610750213211,100.49308331520223,-0.8963326585920618,NORMAL
1.9365594780782072,4.461822712062549,2.707169936721354,66.87030787227411,56.38921404735924,2.092743934204015,118.37755018538112,-0.468811315523491,SPLICE_FAULT
1.0232049937357637,1.2215898280408617,1.387501940486002,42.46959031580624,41.1101776227906,2.162846855477232,109.13473732017407,0.5843141664353099,NORMAL
3.6810496119920484,7.082573521098761,5.452339941040819,45.034150460716674,84.4630688997191,1.7149535413493582,114.43768784799322,-0.610816649256285,BEARING_FAULT
1.0067528204687923,1.5758429395770042,1.400702150474568,37.325432054575764,41.31182776779592,1.9588573392883997,80.2177475062519,-0.005560293648070566,NORMAL
1.5987914135655554,2.045703728702907,1.3981689909097743,46.286280486110314,54.21997990271698,1.9564789105907647,105.84622952486741,12.080035603446282,MISALIGNMENT
2.3433636808288156,6.139248866943011,3.2858308828241056,60.737514153880774,50.87364727401899,1.7943124963845614,99.90297893704447,2.217907434541614,SPLICE_FAULT
0.9536582307187538,1.428523878762487,1.2504909411686973,36.55081684494968,44.45633293126458,1.990636381126083,100.34027411072232,-0.2563406783724922,NORMAL
2.8255089028782074,5.626170738337137,2.9819590261187816,70.18839395473758,57.42288596397114,2.157818487031963,103.5856669546861,2.1988569164580682,SPLICE_FAULT
3.5767688020144455,7.203164047864086,4.508591925192764,40.16723016656785,90.01918788497073,1.654585133506752,114.62607274076652,-0.2999933701404647,BEARING_FAULT
1.485015758927627,1.9765307102954983,1.664904459593572,40.17821575774175,56.27447951590405,1.9908022662536191,101.3585590156629,11.693054036626,MISALIGNMENT
2.5397216622127807,5.072775606749186,2.7490513225899904,70.62401676048316,59.17013784363165,1.805220051379743,109.94115934573546,2.3558125190124013,SPLICE_FAULT
0.9607891846867842,1.421172150956206,1.3565463486838052,37.73491112238399,38.23047931716223,1.9136117039410234,108.72197000072978,1.2066081548639151,NORMAL
0.9496524345883801,1.2566034329517226,1.3979942983996965,43.87504236266178,38.607334694022256,1.958850685543782,76.83856137031123,-0.40179502694163366,NORMAL
3.9691577114525916,9.178386862103864,4.659079663704943,44.31531521903386,88.02111657429313,1.98614483981078,95.9349221906723,-0.8922387823512312,BEARING_FAULT
2.5229993954506815,5.674362818357075,2.8757247871069507,86.21382006256941,64.27011900219301,1.9216955429457623,101.08579638030879,3.315973659549947,SPLICE_FAULT
3.8598394951917627,7.466272359946939,4.812644756271034,38.48316384367978,75.71730515119879,1.750675376011914,133.220002498384,-0.15493911423693962,BEARING_FAULT
2.3602407826797953,4.9720519571661175,2.3806445556337463,78.81882927763588,55.408213672105795,1.794931380305181,97.7018807716862,-0.6624399770142628,SPLICE_FAULT
3.1212799623274674,8.520391711990749,4.950395587014151,48.867533667022975,89.76125859107783,1.6229252269503542,112.83823405746658,-1.1230695561280832,BEARING_FAULT
2.119509453798071,3.0018270361598263,1.454039470124252,62.647713303997314,51.03423248772925,1.0770374400485518,385.09055272573255,2.5255983159552304,OVERLOAD
1.0500917187624381,1.638409870228593,1.3765584264455213,40.516821501408835,41.47330816350235,1.9204442932059118,97.57301252174719,2.3883719928704386,NORMAL
3.8951337685231975,6.340032255283758,4.2081396771552875,34.71940980567859,89.3569000334723,1.5043918077231646,92.38122556641515,2.2373368791038803,BEARING_FAULT
2.3973603208904244,2.917465352578028,1.5983736043903565,65.6451500025848,62.19921443236414,1.174030594130565,372.76055288765815,1.0308852658520187,OVERLOAD
1.7413738141471455,1.8909491396071325,1.8835956349068268,38.002654956316306,59.710530198252094,1.9467252215182789,108.81062187380665,11.64956318822023,MISALIGNMENT
1.4334921369883056,2.1504567323913277,1.5082211123819225,40.69263081112909,57.13979320367264,1.6989783345433935,116.8331457592753,13.059208722839386,MISALIGNMENT
1.006751848141011,1.40089991356823,1.4418756567357405,37.25892289776201,36.21698226196317,1.9467831436872811,99.11908755970927,-0.10581875749769788,NORMAL
1.3613569271733508,1.7465865089199397,1.5034549061765037,43.29705814260102,58.882420918314764,1.9418704578292367,102.7751585888189,11.1935098368776,MISALIGNMENT
1.8776611700931995,6.352240553877913,3.513524673766893,55.541892508214815,60.10698841920199,1.9463149712094174,97.950813092965,1.2622379140679012,SPLICE_FAULT
1.0311250154543536,1.2986261806840906,1.471705284153796,34.55361789452403,39.99666133059334,1.7894353058159675,79.92543139254991,1.1058330662947127,NORMAL
3.4794420291229904,8.15521680360464,5.1853959169028885,45.721284996709194,85.50830364125454,1.8465279775243058,121.84170406340633,1.376504174974192,BEARING_FAULT
3.0869429207511767,8.919581648662824,4.520540432047377,54.81575469170156,65.4663441047801,1.7743634919787885,100.01021256944115,3.5279359580976877,BEARING_FAULT
1.3854576423627454,3.1205648675365896,1.6177208787416915,59.523927435824795,54.55243295863272,1.1676984237115118,433.9921487518129,-0.27501238214057877,OVERLOAD
3.206019249265849,7.6529219813179425,3.8793503636295217,43.4885221841546,93.32886253219651,1.7391395247551622,115.99073062553965,0.9974431619724722,BEARING_FAULT
1.693042858485752,2.8278229197338653,1.338117742801356,65.04603915992904,60.84972355525741,1.1170636525220417,319.2820516705117,0.6847665937136881,OVERLOAD
2.0475558054612235,2.946739166994786,1.5290087899635432,61.166089675599935,58.36102472061268,1.0449923497135951,361.67712032804786,4.662682877994656,OVERLOAD
1.911863439315845,2.6197511082712253,1.6236489512184176,67.71364626589147,63.83754540908649,1.0176792465834248,426.0689293643309,-0.2542806718074875,OVERLOAD
1.9704595998671142,5.637752438185421,2.3030498628952594,70.9502658397261,63.17137242988265,1.6970587748834087,101.10999463391529,0.4829534780415994,SPLICE_FAULT
3.4117749862364044,7.886732464564529,3.8708518073745473,48.317094746265866,77.2748028831416,2.109123984585399,109.7849973179589,1.564360989251537,BEARING_FAULT
1.3913138375184637,1.835922988112641,1.6939159487505904,47.97610990787793,55.85840871101122,1.6614886301306964,92.09982903184792,11.57277348791078,MISALIGNMENT
3.844956230367075,7.933334239500522,4.615834969509363,48.86971767661623,102.04083413056767,1.7157601985434696,102.77605848920344,0.9716740216538149,BEARING_FAULT
1.9750091416082032,5.080111033805215,3.0787085289987375,73.96800276884092,57.91083498368674,1.9166206122774394,84.34478711084198,0.12646513483397914,SPLICE_FAULT
2.078742967888833,3.0397204219426897,1.4717875056862264,70.7665607433925,65.08765711965313,0.8307306205070198,418.8125946759788,1.2205162504192952,OVERLOAD
2.2309648779297753,5.995184510344188,3.023623057831093,71.29118218080443,62.17212658222401,1.5084350820407826,92.46236334128203,2.605981713331458,SPLICE_FAULT
2.1525431860533404,4.5292536125259675,2.7785814906122335,74.12111404732474,53.724891306093994,1.7547554504597316,91.40411516297915,0.9389233634146357,SPLICE_FAULT
1.3100266965020224,2.485454018494666,1.458074575711952,42.036509046848714,48.6349708453469,1.9019995486206418,96.5624348048989,9.399554529200193,MISALIGNMENT
3.1103759372327113,7.5558998753571105,4.663297979958178,46.1079773244764,82.47545845972382,1.6457942011360704,105.13652912075057,0.9383993280016398,BEARING_FAULT
1.3628371372640435,2.028919086483035,1.446642850436347,41.99485753899281,60.818939375034574,1.9151407396072018,102.95140979337417,9.046108521236235,MISALIGNMENT
2.1487135933493113,3.13987791619031,1.3976340253869286,70.0637084031136,56.20408226916248,1.390714234908971,375.76274536794404,2.162404160662711,OVERLOAD
1.7572386708695766,6.88696562518038,1.981696949122957,76.69819951336126,53.47313131953176,1.7812833776690957,117.29330653691702,0.5955590278488418,SPLICE_FAULT
1.858283000158087,6.169078151099689,2.8709094835666256,84.78354334922794,50.06543686498342,1.9083963147373775,106.31855493461616,0.2366697438352896,SPLICE_FAULT
2.1600066545960823,3.0635964550541135,1.5237875156348868,59.20417445233078,61.594187016902126,1.0121073846929283,375.883648908674,3.4271027217490593,OVERLOAD
2.1344324984984753,5.773541579900588,2.8032715117280054,64.54939312696061,48.177797205743694,2.09018908941557,88.23211175042843,2.190920935117657,SPLICE_FAULT
1.0068562974806028,1.2325952666861963,1.4475009481357854,39.49009766970956,39.220856610055385,1.996242935502052,91.71803727034765,-1.1536922813398585,NORMAL
0.9700992649534133,1.5602724532108347,1.3814654271515499,37.37233437876642,46.3597819899631,2.0553040085852357,98.4975701120174,-0.9665878909853152,NORMAL
2.5407347618996408,8.38491671261215,3.9450802553650464,45.615416915493995,104.40868491082442,1.9845726534537529,97.68366734812759,-0.3064633988092651,BEARING_FAULT
1.4671090905603463,1.7287302963437592,1.7336401477225294,40.5025831455889,60.37316742783396,1.868184149838207,82.55239612394698,12.21102730224833,MISALIGNMENT
2.1136760991041936,2.6038773910579094,1.4199706718392624,64.7597767548734,58.35555251664596,1.1239089796664334,400.47467627781907,1.1385721884984545,OVERLOAD
3.559998035963096,8.742457605328552,4.594239495544743,35.86687816989108,86.87355321198564,1.915217542864604,104.30533948387425,0.5000710837579163,BEARING_FAULT
3.7887685009633487,9.555214120000354,4.515424333526753,44.9111991062587,99.0626151960156,1.9188592559123603,113.71705131061377,3.540442489424865,BEARING_FAULT
2.1609787476149402,5.308756660253512,2.712051698536339,68.27709464032141,54.07637044010258,1.761209152578139,101.07825919946697,5.483321327944573,SPLICE_FAULT
1.6438085865696277,2.8991839783271214,1.6830743824831262,62.48091802501263,49.82048714947612,1.2051883459165054,386.52317242177526,1.222086120836222,OVERLOAD
2.6214214953427604,7.010437393245724,4.524334021581376,43.98338187650245,90.33906482512455,1.9352429173387118,116.65157123894522,1.0628904579766603,BEARING_FAULT
1.8466970268810008,3.4181268095334096,1.4714313451907737,63.29788267443696,55.893568079635706,0.9587699119598385,354.3049412864173,4.028798879066897,OVERLOAD
1.043087401227821,5.26922192075726,3.410508938348145,59.60457904186261,57.34154587810606,1.7760050069285604,89.18215804885389,-1.2257018695283373,SPLICE_FAULT
3.843340493202156,9.237848786470142,3.96597643081688,47.08271106832029,91.5328285628617,1.8048639906280506,98.34466132991321,3.653515655699695,BEARING_FAULT
0.923265243711195,1.1232551122865364,1.3471486814162015,44.26861616508432,41.14537351989099,1.8975971409113621,101.9157739619409,-0.22153659758373817,NORMAL
3.505125721826598,8.48835199945348,3.8878874958222096,55.913998981186424,88.10619403941146,1.8417578542981325,102.23867913518835,-0.12713465123822076,BEARING_FAULT
0.9322838288487888,1.0861432852055903,1.3381917930961067,39.77544240122413,39.36055693949384,2.0574071220894004,107.60846654311477,-0.87847380134206,NORMAL
2.819951652468695,8.33771495375621,4.422036951258546,49.640992527318474,83.88388777333543,1.6726290530230512,112.52436200817479,1.2789356622032726,BEARING_FAULT
1.9611327631678543,5.691100511798904,3.1072684292135504,70.5838999293902,50.0217879637792,1.6857594717775932,107.57863029887615,-1.9617076949906145,SPLICE_FAULT
2.299294632865478,2.8548743690860765,1.6365560370432177,65.43349480541721,48.63413898726584,1.0777732199752657,407.2629043437308,3.0612037362251643,OVERLOAD
1.3709441930292556,2.0291780840551783,1.2255982343471172,39.47852104347993,56.50242481226261,1.8174708039169134,82.8482002929658,10.598629563249341,MISALIGNMENT
1.9356540812961223,5.151618832148376,2.4737697552549247,75.02194049725036,48.30253918514982,1.7566513130990522,91.45894563004315,5.616448018298296,SPLICE_FAULT
3.584552261858386,8.249009359734004,4.64483490606907,48.86229423517273,86.14570466564905,1.7872993653750504,104.95747903280058,2.401579402611155,BEARING_FAULT
3.3510973919497182,8.620869898290051,5.20742006822963,44.11666203185167,94.57995613251491,1.7633856656762188,101.72184689760641,0.08267924831397688,BEARING_FAULT
2.3187414822190626,5.636768357237566,2.4808707414187627,62.48653452177852,61.63848931465833,1.9068850347873991,114.39537745234242,3.0285311848297183,SPLICE_FAULT
1.6349243911976943,2.6046137605050452,1.5687902082892398,66.65237740485925,61.83680174573743,1.2789863412712148,363.1894053182047,-3.4307352281009367,OVERLOAD
1.0096995964992719,1.4788358099831727,1.4476826956420283,45.23784626483875,47.86247230125086,2.0196131459023907,118.55503314794262,-0.4877053729487446,NORMAL
2.448631212098053,2.233088954913536,1.4616905078840206,68.9738413798878,59.149137342996084,1.0619435397400403,355.4284207064358,3.149482415064367,OVERLOAD
2.4081949720981113,6.545153519136363,2.0993960815679995,69.84135071536447,58.0464255820793,1.9945289547356777,103.15435907401313,2.839749245583535,SPLICE_FAULT
3.7483733582455967,7.4184884934362305,5.477663108074895,44.03916451598992,92.05357141566193,1.7434836795393218,107.3328758155738,1.4485300038752864,BEARING_FAULT
2.1148010453998825,2.523954330562694,1.5783465648324735,59.83227138568459,60.7762302602914,1.1690296521845063,379.05976541990833,-2.1397670335867387,OVERLOAD
3.5155578064944977,6.621563176567015,4.808012854373835,43.21440600473794,78.74819147358997,2.0627113610623367,122.83918606607484,2.9874695673912033,BEARING_FAULT
0.9073069528421918,1.374350762502156,1.3389235212812982,40.55269388650392,38.473216183125444,1.9761889563687947,95.48050628088123,1.188596823087008,NORMAL
3.701235701334665,8.735348922941563,5.104219994568044,48.826197847149075,99.93785029744647,1.746003573962865,123.91455115269221,1.3122376195577063,BEARING_FAULT
3.2665757808415705,10.136540299890452,4.1775955318032585,47.86366856194226,89.99685315915423,1.5520598156440562,101.20520743988256,0.07140242230429039,BEARING_FAULT
1.4953951626067605,1.8231086242045815,1.545159930774315,39.91455192576938,57.92218455564853,1.8731860860758236,92.765133775802,9.844931471961575,MISALIGNMENT
1.4752527567753182,1.8565682385726285,1.3770822038570099,42.165008808100126,58.60922232066227,1.8321019653536867,94.12262030680101,12.69367989093833,MISALIGNMENT
3.3241271964326202,8.434290976286576,3.9323418593806134,43.27299529987549,82.99369914231494,2.022678114877305,97.48973193180977,2.839583890066555,BEARING_FAULT
1.081351721736967,1.5498569333355092,1.3189458545167019,41.25735897481804,38.26284787066085,2.047347189903523,96.29417237599218,-2.0634031524794545,NORMAL
3.314486251448757,7.609888741201136,4.063744361697182,44.40075712501684,86.13923893302506,1.904494725182662,109.43375982102376,-0.3053503443432488,BEARING_FAULT
3.194967428201181,7.828397946540624,3.534956565338284,42.915644151476336,94.85043410854948,2.0124991962446934,102.68122024938768,0.40142588160738013,BEARING_FAULT
2.1509453673882395,2.923625039461438,1.4675258064918026,67.80254566396145,55.2356947970685,1.1347311603220709,351.4667585977261,3.851333184405527,OVERLOAD
0.9869856945632316,1.373290799147797,1.4983274053067352,37.42691671219949,42.370643087866746,2.232004072201726,99.40584818727505,-0.8978300664256293,NORMAL
1.4223315205876537,1.678377508348226,1.6525282401344865,43.01329829716381,62.83403552125272,1.9541321294008278,93.75165381565517,10.32966605354723,MISALIGNMENT
3.1784701407029017,8.308980851283666,4.700529153846817,48.746026424228035,83.16895869473646,1.8493150277161587,123.30468474998774,2.7588717680858927,BEARING_FAULT
3.484845319591263,6.174670342063538,4.838418827055504,43.531425715811075,80.90505279125186,1.9468553738201275,94.24141438162133,-0.35588247431194153,BEARING_FAULT
1.0394452142378297,1.4678118584389914,1.4789822606390917,32.67129430130504,45.40686044154883,1.988687194748426,93.50173114502563,-0.6654222981294605,NORMAL
1.0060230209941026,1.284609709582926,1.4612166039213852,39.91415330432227,43.64665150595209,1.9699140252859173,102.81009250281807,0.49470565377503245,NORMAL
0.833847993773104,1.4006304905082343,1.3220546563105442,37.7852022444258,40.63338142192839,2.1857702343537735,100.02287936143505,-0.0498801541281177,NORMAL
0.9528068134210567,1.2965396974319074,1.2664152644783173,28.941463532537526,43.22928838787849,2.0283751023661503,93.29884799545768,-0.9005903525360617,NORMAL
1.6121280932496633,1.7770922432617808,1.5752440536249064,34.52156850181394,59.22478546586002,2.028920305140687,89.8400456883197,11.02821671250625,MISALIGNMENT
2.415150992383987,5.430725609686486,2.68920900387659,68.18712599016202,49.65898084272841,1.9415012696916798,106.59626037215868,2.474469751262034,SPLICE_FAULT
2.238975671323384,6.1511133496806165,3.1081648868999374,75.49854211347872,63.5105396705082,1.9167027741862228,104.0552699821646,0.40051970370006273,SPLICE_FAULT
1.9115352592949741,2.785642321704173,1.599056682744279,67.21011202304582,59.637611402029826,1.3058418370169864,392.18255329623287,-1.5747463657157992,OVERLOAD
3.5355291849115154,8.525444662807585,5.230409359144557,40.726250056616685,99.99539557546595,1.7281955428488083,92.01196445948139,1.7301410705780835,BEARING_FAULT
2.138935544510723,2.671029968437634,1.4428071453801568,68.13467126556017,53.63881186384018,1.1015731974010814,402.5140958580528,4.2254661899968164,OVERLOAD
2.230521161751978,5.02580117098092,2.360586196607654,76.74488068402519,56.36659822255964,1.9793447691877764,90.33286727268958,0.5554918552074064,SPLICE_FAULT
1.0888270473475532,1.7784862416440888,1.6144894403384458,42.27616541193598,61.88114252362053,1.8370779327152638,77.97086646794281,11.766910029708432,MISALIGNMENT
0.8754261221288012,1.196790170901563,1.360922826486619,40.12491154160319,42.17406820442518,1.9382358323066304,97.59334825469787,-0.5327254982169035,NORMAL
2.028899184669977,2.7196303797524504,1.627103009943114,65.60853778543795,52.465388504309935,1.0714212215569945,387.8196846411561,0.9213284505263213,OVERLOAD
1.3813571334256345,1.8232250517338433,1.4981245785071204,36.48444413018379,58.05931339590392,1.9627680417874473,99.00685662207968,11.661734056812703,MISALIGNMENT
4.392938413274296,9.028607229208452,4.893636847408112,49.474165637343795,85.39437940173727,1.8378347219878948,113.92840554319297,0.670098511969859,BEARING_FAULT
1.9792166185696265,3.343156743526298,1.5009426360563773,65.73811204116053,58.63433928140374,1.1497945892849832,326.32864537261037,1.9186174793730626,OVERLOAD
0.8831321962380467,1.3680362113754254,1.3255820236516267,36.137457205246655,35.342098881757394,1.9244208499841637,123.07916250616111,1.127908993253569,NORMAL
1.4796463492946135,1.8556223457415462,1.500027388010237,47.39544026141435,54.854810693981946,2.046521050348138,91.48819517552515,8.031121863613148,MISALIGNMENT
3.8837984306397764,6.724658939785917,4.258937857839265,44.74076298575548,77.2082636460072,1.7220262166739693,117.10323849941554,2.5998237564323903,BEARING_FAULT
1.1523029856408025,1.5126765430565943,1.393463842322911,33.45885682216152,41.18503466902184,2.188768765734019,100.00682818957483,-0.9697437196346744,NORMAL
0.7380254895910255,1.1810985966338616,1.4470478159983347,41.93092623835882,42.91145578681463,1.926696700447601,99.35311394967482,-2.0217986399619474,NORMAL
2.2639235622207874,2.798955745428039,1.6422422955285823,62.054306301608804,52.52401206348422,1.2176427129895628,354.76854708805115,3.7867752269359976,OVERLOAD
1.0757507710047305,1.4892992144854225,1.3096180063017426,38.95895547775693,39.339957233149626,2.013192796677196,102.97244273380124,1.665351917623531,NORMAL
0.976586304305082,1.575215497506968,1.3532473352963106,33.24759217098353,46.02138315537104,1.8664518430900108,92.09100618332447,-0.626315276183007,NORMAL
2.125475058425168,2.4002650657005384,1.6270088025254896,62.668957597286884,63.275390088152626,1.2796232810057262,458.75916740806736,0.955738602071393,OVERLOAD
1.522525551714647,1.5190111091978722,1.5372691237590297,41.90544446001569,61.35024835907762,1.9010545711741025,91.99409657651894,8.8036272324437,MISALIGNMENT
0.9284696290740032,1.2995775819484972,1.3322997101131384,38.62897824582388,40.670867936614556,2.077934900390533,111.81891092959961,0.10248464215820753,NORMAL
1.4626197634731941,1.5412157773616073,1.6218923998236314,42.351372648449555,61.31420546510816,1.8913662141753271,83.42856414867695,11.51786085645138,MISALIGNMENT
1.0504987278980458,1.2152733574125243,1.3644817246962966,36.42773480619622,39.457098214142746,1.8331400741121804,109.78889558556779,0.551885971822154,NORMAL
3.3095203358404053,6.651606085705138,4.24428123560873,45.020572562167395,83.14865551036006,1.6526861389799676,112.74914554913987,-0.42462815456466396,BEARING_FAULT
1.3930608174100485,1.7374908459756027,1.5136537707441209,42.816710175982166,64.5711328785179,1.965523362851376,104.60415649842824,10.365794334852069,MISALIGNMENT
2.1811754423292546,4.7200753555789285,2.8983752787561667,72.85085057949608,53.93977843816504,1.7630934423402886,77.74517101447313,2.2328284557813474,SPLICE_FAULT
1.7914065969262196,2.631075676884288,1.398174609858227,68.17579960366201,54.01742475924534,1.302000950210172,338.58941193760444,1.2204884264328335,OVERLOAD
1.8072394607146989,2.2438803276342627,1.4953503418873442,61.62702594839163,60.51914617516349,0.9670002447973439,403.8706106036716,0.5784652040859184,OVERLOAD
3.035773574198217,5.592983211133884,3.1273440643354693,73.31669696306923,64.48291461243153,1.80205363328039,108.5604356720296,0.36262991357760344,SPLICE_FAULT
2.4779560553039337,5.880143646449031,2.5849147312892633,83.5388882538614,61.2313139049934,1.800464738677725,104.12362053808077,2.7254591331319395,SPLICE_FAULT
2.74617408047949,4.449334836476608,3.3044896886126156,76.61620967107548,66.72209693881898,1.8822243116293491,104.46728211286273,-1.146869677981028,SPLICE_FAULT
3.5660101049754847,7.997643670933924,3.9233699136623708,42.30805112333897,74.59411943690131,1.9513143760699703,111.74505033154821,0.1692561174557181,BEARING_FAULT
1.7316872273239667,6.800130420889787,2.111362020120807,59.68033651749509,59.275008173551115,1.8284241976993647,100.0634171970621,4.433719418258002,SPLICE_FAULT
3.5730351216857343,8.505721303752619,3.88654216185238,44.12011965330788,88.9350252046311,1.6827660211163122,101.16247019086991,2.2239975390619597,BEARING_FAULT
1.9578038156460127,2.930035732509844,1.4410576588513109,65.22540115224352,58.83461403974589,1.0450096145241885,390.2259379774466,1.3262702439081782,OVERLOAD
1.79775902676855,2.4178488024597384,1.3294792392223984,65.74798036044534,54.16249588059643,1.2408363248059338,363.95683231826587,-2.1416562900723544,OVERLOAD
2.4503821019580467,2.855235819498451,1.6470661990652289,64.29553819793078,58.3618328134502,1.158806675580276,392.04288978102386,0.1499941105578395,OVERLOAD
1.273149034325883,2.0851950201429235,1.8490620798320825,43.09618272577542,56.97935115563642,1.8505809976933087,94.01720665802152,8.928791887909211,MISALIGNMENT
3.4401658738730494,6.908773468128548,4.44517257544127,41.815473977828184,87.05059722375083,1.796598371176899,103.79481625620807,1.7476493272398388,BEARING_FAULT
1.9458953220904072,2.5947273458454267,1.516342782038613,62.18521570323523,68.00996327306706,0.9843501480771908,377.59751005252724,0.4002659746067987,OVERLOAD
0.8081228784700958,1.3753220960643142,1.3479978433003885,43.19754499845528,43.445598185155475,1.8838216156087637,85.64090476131473,0.04435879751560705,NORMAL
2.4667953721988063,4.791081548001907,2.5530981965799495,70.10961571298982,57.694193517685484,1.8806147705748142,94.26349088132275,3.0272024679493916,SPLICE_FAULT
1.6383410492666124,1.781551831037437,1.7046636110247564,42.115665506352954,63.83264168110502,1.9236043063824368,114.92952622753828,10.238610752409816,MISALIGNMENT
2.1414116260611404,6.3456696898613005,2.0511303527562537,65.64639604230975,55.11583040031049,1.710602313723543,96.25397078465984,1.2496525503288873,SPLICE_FAULT
1.0045571839903813,1.229503107989752,1.4188378790687797,39.42907330806866,42.59187679689362,1.8929147581315562,110.36087651046256,0.22668424849459717,NORMAL
0.9927989878419666,1.3194027339094974,1.341101915092104,41.09763861302497,39.71014168746426,2.175493307164724,107.31380252574992,0.2908970575900059,NORMAL
2.5089274492927096,5.808484594456433,2.6599219666601512,64.73325109477275,61.72052846877227,1.8151636077517772,90.12779590257111,0.9438387197933087,SPLICE_FAULT
3.698206609657958,8.083306710417071,4.280191923491497,47.50091388349241,92.25787728046096,1.8569750182555629,86.68348771286374,1.1857074277244168,BEARING_FAULT
3.5076813683862187,8.6750630195885,4.7322438027886164,48.80553993400308,88.41432154606916,1.690807519878853,88.94366596937212,2.115227351570391,BEARING_FAULT
0.9139586634716048,1.492736458670957,1.2657054064682918,39.50199716414363,40.188058122092315,2.0678946987762234,99.44079551477788,-0.7908817916945654,NORMAL
1.219045562580998,1.3279219996376785,1.1919626746916903,35.24184622524073,43.448063661627636,2.073965315172467,105.82737583173865,1.0363028920724797,NORMAL
4.012598159701365,6.858813474703068,4.84417351851901,53.316626793867215,82.54168129060226,1.996882379151034,95.45290166307078,1.6060455324972591,BEARING_FAULT
2.1050671322641406,2.8147284193917015,1.4186335424862446,79.64753507159205,59.15831182881404,1.124102824718848,373.46147281269384,0.7730514403454389,OVERLOAD
2.1017177421723665,5.32314155546468,3.2194688233343647,74.36324355731081,54.34202958918337,1.7291848928808076,99.41186329507079,2.721656816803593,SPLICE_FAULT
3.4150165099862924,8.100739056388363,5.356153864183462,51.538422047044804,93.98464319472511,1.7263105458508017,126.11613218417972,0.4977762127248959,BEARING_FAULT
2.110181847000327,5.9313180517244195,2.953709648551314,68.33841202313738,61.595505137229935,1.7059615457363222,113.2952342945363,4.2830753204702265,SPLICE_FAULT
2.449035299348568,5.369568280350097,2.8312156940334905,81.65377982217997,51.53335047699059,1.8817161696891147,90.51151731833323,0.5407071958768401,SPLICE_FAULT
4.256336168015666,5.6510392449775075,3.8878001133894853,44.339669350516054,90.70638541296506,1.7091055524078735,103.02470662530831,3.3914275282213913,BEARING_FAULT
0.9243649254715697,1.3958322542677866,1.2556768167072159,36.60678721307184,33.757485471824296,1.8989401780071087,113.11167497802624,-1.0370660735699961,NORMAL
1.723887043036251,2.5448303831489696,1.4695332166244344,61.61691000884084,57.8776204120411,0.9653087021539655,394.1886069413981,3.798591033952685,OVERLOAD
2.5612003390256954,6.296314733681072,2.6005357282057626,76.99496306105318,62.58372398766909,1.8490670066656432,87.90643143163479,0.5084725117786679,SPLICE_FAULT
2.1608755519548666,4.729350983826945,2.778696067902929,68.39626236321838,54.02104149429972,1.678537206332788,100.54302600278446,1.0827352053965438,SPLICE_FAULT
2.094308537995249,5.306435336319012,2.4030319519096555,74.70607812419651,57.75151837004545,1.799127044052706,104.38377404841164,0.19769531473182478,SPLICE_FAULT
1.834715721952257,3.3982371222203316,1.389039063209697,61.01997005892619,63.79506485291095,1.1981533535894326,375.11263419871295,2.1273448381032565,OVERLOAD
1.162635803896454,2.0111882903291685,1.6648765787112239,47.25277782578143,46.105019796233876,1.8767726497200525,105.23323782728589,10.072291140988108,MISALIGNMENT
2.11270308408295,3.3890658500631448,1.521446326746755,71.19784540948419,56.03998212952378,1.2795144837470658,380.6620310281059,3.280996259471779,OVERLOAD
1.335672811159089,1.878195316007307,1.452272217506441,42.93141826254225,63.50868930893105,1.856736248366647,89.18586619260714,9.044122328894723,MISALIGNMENT
1.6711412761653894,1.852710232652828,1.4745595703562968,37.907682018544925,63.36464807253673,1.9006381540963313,96.1718251901325,12.725509183905373,MISALIGNMENT
1.4126700179584921,1.698614527810971,1.6603845819145318,39.813122249900516,55.206020905575215,1.8471083620895343,83.12720920358831,9.313403377430095,MISALIGNMENT
1.9641046028219664,2.7798969874824335,1.3929679451348163,73.37061143901379,62.170342435915884,1.0722687234208115,417.9656876425562,0.4021119416293615,OVERLOAD
3.8300897676726504,9.115139624432858,4.912076181727819,50.32321566255945,83.07156628324829,1.5995396364962606,118.78357221422549,1.2153325506480286,BEARING_FAULT
1.0690143991711112,1.339231716685533,1.4089475117673949,42.74162205970512,42.759495714113946,1.929097904236951,93.91773492555241,0.7918593103880676,NORMAL
4.421635913419676,7.550914609980842,4.252544902254849,39.228445703769225,88.15289544296687,2.0547688053563347,110.98092272777454,-0.6055009590757909,BEARING_FAULT
1.0375698018345672,1.3349055695880423,1.338239839869721,42.23279713923881,41.813426949002064,2.0449218721285036,107.6402978157286,0.4197056083572659,NORMAL
1.1366874267444524,1.1960409330973718,1.27620718524012,38.10245725246407,40.2461468080284,1.89393949336034,98.55095420918569,-1.0551076754804494,NORMAL
0.8195117899335481,1.2124385528377575,1.4368785692940027,40.00622496677754,42.75672118928003,1.8826120035591027,89.04480611154437,-3.1704257358780557,NORMAL
1.324814883831468,1.777673252661088,1.4566286257000742,45.59150408174356,61.5379591098731,1.960073301514559,89.4467584140754,11.128815044863885,MISALIGNMENT
1.0931280119116198,1.3571062120817388,1.2532287185047037,35.988139372770064,46.46173846600778,1.9143227906173208,103.64140296054661,1.0354434164169448,NORMAL
1.6026278496048507,1.9683650427909931,1.6484278877967182,40.80865400529644,53.33446961406445,1.872404854830386,99.75870889545027,12.548045548142104,MISALIGNMENT
1.0747293605123263,1.3534493787521782,1.2845440893262154,35.391010756175916,48.03681133710229,2.021662497540462,116.6906952582633,-1.58358838978758,NORMAL
2.397707785606329,5.361070303632823,2.9481321808813443,78.24104919686582,46.38157310720494,1.963632461834625,105.96705691513917,1.3898489217954895,SPLICE_FAULT
1.743411594402526,2.8355050196965528,1.5667218939304528,72.02671438842542,59.94530474019957,1.1971408973850606,370.7226827710181,-2.4707892434103123,OVERLOAD
2.063990603718747,5.414709295838908,2.9457386905603635,68.50496586436107,50.88998739942546,1.88021422948106,119.19984530329404,1.7482413452118197,SPLICE_FAULT
1.3906027666817267,1.864480801048252,1.5118686927179126,40.03639928700507,57.93978223520034,1.9962502591953297,106.13460165671837,11.094597486257456,MISALIGNMENT
4.344835730901163,7.791197208518656,4.661726182130195,46.662653490154426,100.515708396561,1.8547067659812728,127.2815443334965,4.571477855845274,BEARING_FAULT
1.9006128258635555,2.9036861033954335,1.4149217251371846,65.09073956950732,66.29443102871411,1.1718021770976406,367.1245312931704,-0.7319554233270922,OVERLOAD
1.4635834223665978,1.7869214059429197,1.5903161808128692,38.540747004780656,52.704814389939514,1.9676507476439975,106.69085210267524,12.480251328210489,MISALIGNMENT
0.9174502803207488,1.2274520619443146,1.3910880085255775,38.30556888578596,40.994586656485644,1.8634175844584562,112.49504900706158,0.21668311896428621,NORMAL
1.1057122226218916,1.3434846160178626,1.2884021415153089,35.4014754553565,41.296776599051036,1.9663745261318928,102.1273977585766,2.196223142152799,NORMAL
1.188618590121053,1.196348477700446,1.3522544925895303,33.2873715437945,50.84728327592617,1.8706858456241353,94.75432986232948,-0.6300249795338944,NORMAL
1.4118446068502126,1.9642582941514775,1.5853663103482762,41.530567871630524,53.62092587676853,2.0135620585491476,93.51530799980863,13.08805025888476,MISALIGNMENT
1.350576604967302,1.9985767943703738,1.5598930119961811,42.929180337408006,59.92855420265726,1.7010053730178873,90.11997181997059,13.817238986891839,MISALIGNMENT
2.458494658696946,6.206542248489678,2.751369477197133,71.40894249551128,60.65839268500609,1.7730260817802561,83.7912444818193,4.275820349609168,SPLICE_FAULT
3.5985391811793996,8.03473872705313,5.505451517706717,45.19486671757523,89.15863202136822,2.264504327065808,92.6813131186692,2.164129981963657,BEARING_FAULT
1.6479433079231374,2.462471101893091,1.636978110196238,47.03776038403626,63.027719912927914,1.295983110160175,382.7012475160088,1.9193261076447756,OVERLOAD
1.3530997331401464,1.3955444165024098,1.4047807396422938,41.61777938283012,52.43352582942684,1.852003535728779,102.1416894113175,13.64540643997796,MISALIGNMENT
3.2407470264448888,8.573503627855562,4.455869884932479,39.99320780591943,79.28837670272357,1.5927676411680842,121.46283383583977,-0.07487031805429112,BEARING_FAULT
1.0570598668593159,1.2128394104723421,1.3992293987210445,43.023477300042615,41.807435468674505,2.1629166364900945,102.07603351400626,-0.30356432526591504,NORMAL
2.1306301916105976,3.1319385312436214,1.536516900104832,80.04983763833938,64.83458700537734,1.1688741973967838,367.6647981334005,2.109638936045904,OVERLOAD
1.7966978583565327,6.435175910177689,2.7025373501985652,61.16511677104937,57.870821041819255,1.7656667400809596,98.05400533260887,3.6806843604535424,SPLICE_FAULT
1.2938133588988887,1.9182187212511825,1.4842405017510636,43.26515079900929,53.7807306128755,1.9191889545021648,98.30725561667376,7.11500461807646,MISALIGNMENT
1.720187439444839,2.5678658263328025,1.6604735012294853,72.84281253890428,56.93724548822969,1.0041402000751978,362.09038906863407,0.15750916461186093,OVERLOAD
3.4984349962819685,8.248831252294462,5.076663881698445,49.539697126396796,88.22536133307511,1.8677493709926292,104.91586334028635,0.14379173534777978,BEARING_FAULT
0.952082576215471,1.2811605591743718,1.394666153001738,37.597073775588356,42.227865803748266,2.0317453261250176,96.39960731243018,0.9976320769202445,NORMAL
2.2888755795669895,4.254642961073298,3.17666255676172,62.93518218132739,50.066131909132366,1.8973965538028559,115.77577335845417,4.187813903264931,SPLICE_FAULT
1.604017385027047,1.9763468337925019,1.3689732838144573,40.00291960531936,59.1807120493955,2.0902558205229558,115.37551319034344,9.958738786875402,MISALIGNMENT
0.9297946906122647,1.2202724006880123,1.3495143270768086,36.690842328420295,40.520631532800685,1.9905541285557997,112.18194711754256,-1.4840566649243352,NORMAL
1.4286374786215565,1.958707505993728,1.4497173193975956,38.23948196288472,62.369948755034414,1.9860182638395156,106.03713240544197,9.206828918705616,MISALIGNMENT
4.110852953662052,8.585774458472796,4.646873675836999,42.932929729814845,84.72150148193639,1.9418533556245734,103.90683742763959,1.3816099863381666,BEARING_FAULT
1.0113517345251248,1.6532318911048347,1.407790508626222,38.00158387656979,44.03742832631458,1.913829692974374,103.01700008901736,-1.194522939766035,NORMAL
1.7192713306381073,2.8604183676145842,1.4202514502656212,62.01578280115842,59.55696946825695,1.1724273118622164,334.17257175932724,3.0817689555189602,OVERLOAD
0.9172769056447677,1.4037250272020778,1.3283101119165945,39.67307318217537,43.868133671700804,1.9020278775283193,101.86416169744047,0.655403829850237,NORMAL
1.410210840387293,2.0225581483166577,1.4797048731861573,37.57649193885529,57.10190139297183,1.9166485272577147,88.19539514767918,8.873927454292563,MISALIGNMENT
2.896556218248116,9.424362201033926,5.272613222942409,33.98191348640651,76.1998668634027,1.7992004140010813,90.39714093941188,0.439333378060186,BEARING_FAULT
2.7482132144215337,7.913332893404329,4.348068285259435,46.69834038418858,80.23660491805587,1.459178751664409,108.8984764937742,2.9512844923637633,BEARING_FAULT
4.7561691640408945,7.736447116220132,5.102337967878463,46.20387350656964,90.76929457667325,1.7652936063764941,109.02391169028205,1.5471262101998258,BEARING_FAULT
1.35218775271308,1.6908941028651894,1.5672111880228992,44.459219151774285,54.201634911237235,1.836954154581452,95.98790793455322,9.917053986985662,MISALIGNMENT
3.190544062024748,7.384683776154706,4.955906796785401,48.438780205191065,83.91363487794388,1.5720197943936736,105.72801794362309,3.189776840528555,BEARING_FAULT
2.191930044253185,5.589365677744773,2.382923011385452,68.6931149912416,52.612000243131746,2.061784845254301,115.74983636211823,-1.3082920611465947,SPLICE_FAULT
0.9884351717611759,1.3188490378363675,1.3034655268841087,36.353825276777116,38.12321191468315,1.9413468730436065,90.10042207447987,-0.5898923177556078,NORMAL
3.1535973164069495,8.106943070590098,5.874391207955032,42.48934921589321,76.23190361703158,1.804540300666293,87.4512914845775,0.7265489488795093,BEARING_FAULT
0.8622330632042909,1.2978604527081221,1.4296838148644655,32.319155999138644,40.126963830860326,1.9047683619261202,91.07212484508116,-0.12517442838316423,NORMAL
2.347708387044161,2.514052748573472,1.5073219450312465,77.63051983600701,54.05807664629965,1.1108517825978774,410.1448744844971,1.4044055410948661,OVERLOAD
3.3574092125481823,6.055103068822698,4.77990588096538,41.381635145147705,88.94603340954426,1.772652794892451,108.83655023866788,1.087751432914159,BEARING_FAULT
1.0361636025047634,1.0318836229928388,1.2911576045928188,34.7271007093544,44.04998697843321,2.022526411724755,98.57853463059453,-1.1212437400943918,NORMAL
3.696725760435185,7.386816181673145,4.2299304802681945,43.374572594518305,82.88937415679494,2.1880907183767966,102.63845432142773,1.605278778634117,BEARING_FAULT
3.7142560900066437,7.513126555544577,4.367895357502817,44.70087481339477,84.10784882795366,1.9606286396868724,103.30106798332405,3.0836973576998576,BEARING_FAULT
3.234292854016567,8.4692121260944,3.910501913521552,46.112318382294106,95.54886262542436,1.7688131534900828,114.43516818152708,5.341946665156659,BEARING_FAULT
0.9677938483794324,1.4679229180734619,1.32580242508095,39.4030795152963,44.75536333182724,1.89788375424397,98.40637767854093,0.5032520647495048,NORMAL
1.5067115869198242,1.9818877061284503,1.3783002558050395,46.61742703743195,64.94332260051242,1.9326994513270097,95.63736967819972,14.07479346136858,MISALIGNMENT
3.9224121486262855,8.250498733754393,3.4985257930674036,45.249787906652514,70.20473595297275,1.801241174151348,105.57622763159596,2.280841193765805,BEARING_FAULT
3.6437943759095432,8.03189136599327,4.424825816856867,46.579280081648704,83.8054926250266,1.8062078643460673,116.6471078523991,0.7673308629920237,BEARING_FAULT
1.392271560721303,1.8941567188292028,1.5610852149967909,48.19266040455723,52.04062647904375,1.9091314728611348,99.06096431286953,13.795688614062996,MISALIGNMENT
0.8870293145342382,1.5150848175973943,1.3364942621447993,39.26291883316817,40.60051386231541,2.1451001438131336,116.3835973227094,0.49580502102757085,NORMAL
1.2201572903009186,1.8469524919059594,1.522510276289395,42.16559772759027,59.96987612932201,1.7667321558974796,102.67475388898062,10.500212528375908,MISALIGNMENT
4.020451940871429,8.212942292163344,3.650285240196241,46.44344243826272,82.32757534354523,1.4641016000153662,103.72492021090846,-1.0874781511969007,BEARING_FAULT
1.0412780926936498,1.2656188289848935,1.3373176341578425,38.26874204376575,40.77569748251934,1.8248171193248282,100.17613251933658,2.0979393391324312,NORMAL
1.1765454240281097,1.2734712018898422,1.449062645714691,37.01631585046125,42.04685500184881,2.022899639245934,98.50059280920891,0.48074457976798396,NORMAL
2.2891454128985598,2.640217972997951,1.6850781142435733,67.37791809204718,61.56620846846808,1.185587705017979,357.3462680465444,-1.6859764894350695,OVERLOAD
4.114212309348753,7.610223246665422,3.6699659252971517,44.19290249480336,88.90816110779207,1.9408543736248718,99.92308021616613,2.217335910243935,BEARING_FAULT
1.0366598246096848,1.4282787454096104,1.3350284587996362,35.30364785503062,40.23339951978391,1.9888491172857057,107.00700612120583,-1.3927354721669964,NORMAL
1.968333993163084,2.691630942125688,1.5349615331028386,65.7099813133892,56.70252281580786,1.1880202776103483,334.77503250194746,3.3300320485838415,OVERLOAD
3.5405308707441874,8.58961828444505,4.302954760509712,51.69195881137981,87.82852917392371,1.644383745538751,109.76010800065626,2.546081218067902,BEARING_FAULT
2.0969199697582117,3.1196274170792737,1.479108204262913,59.29937258512611,57.38120354486658,1.1611818576346238,393.05145114921334,0.9294121888384203,OVERLOAD
1.9884015007172,4.54966264534729,2.8152784570060363,63.914470653279025,60.90159158493055,1.6233656972338737,99.19561718833859,-0.4281290461451581,SPLICE_FAULT
3.965161029017656,7.686985828073968,4.629739411543238,50.09623857306718,79.31783281350474,1.8177891634585313,102.58678612062147,0.6759249240750747,BEARING_FAULT
1.1502357052096028,1.2920176245240753,1.3232179734314768,34.36648421215766,41.269848061874946,2.2272434720446883,91.90619178917245,-0.6792306531929551,NORMAL
3.678283656054147,10.11830737084567,5.191068997423337,46.40804636436346,84.04918014383384,1.6681295860338474,104.08610327949738,-0.6085152115560026,BEARING_FAULT
1.0770865193886967,1.33819924478463,1.3470370562361271,34.02185694175388,39.46105206760279,1.9361717273471506,103.06981072686237,1.2024512479830722,NORMAL
2.0701071204273354,5.128613458955742,2.7387201974042026,72.78632447871044,55.835089890584804,2.0362739491252055,113.05807303412797,-0.7252005594989259,SPLICE_FAULT
2.697781199265757,5.363008944384898,3.0745876831354417,81.5540856169855,61.15847150217003,1.7902705829262595,109.27113763338743,0.023257875171797115,SPLICE_FAULT
3.56598275016361,8.83202137589015,3.2851223511587273,46.8490093171722,88.7677365582813,1.7754889153903033,103.34038268527075,1.7409169532327522,BEARING_FAULT
1.3814983903930833,1.7750979089822845,1.3998561036039587,42.89168166475526,63.297827863116986,1.8219856118612228,109.28015659151687,12.34203560983554,MISALIGNMENT
1.095042383818605,1.3234842991404405,1.2837927823481026,36.71226673910402,40.63163751757744,2.0861636124497944,119.23445794824953,-0.45965677227299695,NORMAL
1.063391902231801,1.3781057679043827,1.372606396039064,46.27898011673324,45.21462945670466,2.018947982122108,96.02442234508278,0.6958638390937854,NORMAL
1.6211553212121754,5.107489404543803,2.7040147720332435,75.68400108077385,49.30034364032052,1.7572068697866563,76.81169045081816,3.944104025847782,SPLICE_FAULT
3.1066200946088114,7.775044790242057,4.861998516200952,42.0557391258374,78.23815915650516,1.7416297356035155,102.28000027691864,1.0856844281995113,BEARING_FAULT
0.8569858622039367,1.3901348147984431,1.3815737223858386,37.597162513441084,38.30243005569447,1.9621992100981782,116.53617268492285,0.41768075223940065,NORMAL
1.6293121775811361,1.8994427778666196,1.443920137190427,41.90385751750886,59.04426771267166,2.059739729322162,92.7954492932494,8.802641253131231,MISALIGNMENT
3.675794331198306,7.566333155961697,5.10933260539446,45.161715759333866,83.53527372310973,1.6917838875254692,98.6735174855998,2.6497556505083684,BEARING_FAULT
0.8619898541785108,1.1742750143748217,1.383887925247477,35.138181741810065,46.87787674608619,1.8723695583461664,97.78486737047876,-1.2203206899439758,NORMAL
1.4349302131140347,1.7999604365808008,1.6043307622492033,42.37285708455255,56.87096625461979,1.8098007350556802,94.05496304050993,13.980275044199683,MISALIGNMENT
1.0404981710960957,1.286280365399782,1.351701726138885,38.465572051576935,44.706831521359945,1.8142098548601713,85.66848185475288,1.4967104074459814,NORMAL
3.7971613221734395,8.602664937422569,4.519654599371733,44.132831873248286,85.09275087460297,1.8082845654721666,87.6468929640723,0.8092148682580292,BEARING_FAULT
2.3788295235809507,2.4660807696438467,1.5661152928661346,72.81757053167486,55.77661368353375,1.2719707816231856,383.1362673664765,-1.3823406480617302,OVERLOAD
3.693171978071035,8.620071529396512,4.313840823214758,45.90336733614923,79.74583713318627,1.6584597426121004,116.07499240118156,0.9183586157756638,BEARING_FAULT
3.730624448203598,7.232857385828307,4.22229980027883,46.241917108023735,84.16182390654772,1.7511868092940754,104.74230644122743,-0.09405041329184871,BEARING_FAULT
2.0329796463025693,4.5898849500950085,2.845150965304824,74.02026755908945,57.06110346782724,1.8951987910528736,101.71344338964737,5.592088416532368,SPLICE_FAULT
2.2590555779424464,5.207118231914725,2.373768843137095,66.35154539933153,51.189474033061636,1.7290986973240106,98.91685630790153,1.0577739528173988,SPLICE_FAULT
2.719244557913423,5.317192622443762,2.4717271275889203,83.8692877329466,52.9993196834872,1.9505295470666184,97.90306110047304,2.8313439481931524,SPLICE_FAULT
0.9486133082663306,1.5271848419671077,1.4449908841251802,37.432638827668896,40.176374217972544,1.9612300083591439,98.95657207013107,-1.6167133749480143,NORMAL
1.9221332012751997,3.0847889495125944,1.5408610747563918,54.89970720174305,56.1368155517345,0.9304219315950559,393.57489368308046,-0.37495804004532074,OVERLOAD
1.559398593618129,2.000916362895478,1.6486820565074904,45.14519966344062,53.35890016325991,1.8725356250633702,90.72626994304066,14.225956341186109,MISALIGNMENT
3.1463563435880313,8.844833285166844,4.22297780795596,47.844184410181214,76.77604741426049,1.6276043133914757,103.515773528408,2.2230596958294737,BEARING_FAULT
1.9401896664329825,5.8137829443381674,2.6423619457145926,85.41518024711448,57.22739587343763,2.067456870476932,93.52328050784965,0.31949647076267174,SPLICE_FAULT
4.467342301428981,7.860509730869973,5.049707800896469,45.12846182172928,86.31161184715849,1.9869247496816917,91.27208750253591,-1.3991012138534078,BEARING_FAULT
3.5068275300798906,6.863758575943445,4.706823949141187,45.682821931018026,83.24753129580313,1.84797345939211,97.74659959185243,3.469086103908992,BEARING_FAULT
1.3266670821434463,1.967591110829005,1.576206678505301,45.2556667909849,61.46911726929551,2.062643073460886,105.33695248006192,15.312699263458597,MISALIGNMENT
1.1477894044741517,1.2870575680464273,1.4066486941350873,34.296953384360236,47.977546059504355,1.8032930296412848,101.78694716810476,1.159381043300522,NORMAL
1.982233724850402,4.962586892982537,3.1388103625187216,64.37542855688716,51.8741710585548,1.9839877122936558,79.81764469687583,2.657356484696165,SPLICE_FAULT
2.151351126190687,2.420010401468017,1.381879882685112,59.70908900608748,50.26330063669038,1.3459935022742993,368.2733519848283,2.6253227849918046,OVERLOAD
3.7608320949419634,8.157310193400196,4.777929229658703,49.12695592205623,77.54407099773168,1.6513953735695652,98.31103508270785,-0.12480252477690224,BEARING_FAULT
2.0539171927334046,2.8197354068424247,1.6094562454613794,67.0214195838597,67.6310797939814,0.9511011476822628,380.9850742730392,1.5694150846217207,OVERLOAD
4.032137402995888,8.767606445618664,3.7618847598453007,44.272218246630324,82.28143065353362,1.8003177631526208,114.83178480999021,1.0750605608734318,BEARING_FAULT
0.9750963960443622,1.2907492100206426,1.3242143624630929,34.74252461334444,39.2709497490545,1.8715415734300032,101.13140457053022,-0.9626510119189763,NORMAL
0.9022444755201449,1.3430857443559698,1.3652399743823254,36.14824044035923,44.00596441427372,2.0424393937861014,81.09989828817058,1.184256645196173,NORMAL
0.9549934528520756,1.433786797633631,1.3113805182254374,35.13069086954597,41.71360725873278,2.0435975389500047,86.33141636719174,-1.092141593428733,NORMAL
0.9240867338446301,1.3495676953091318,1.384305320026446,31.36441426601148,40.538391236415215,2.1105900424357307,102.42882013150275,-0.18826133508630655,NORMAL
2.241767019539085,4.259486007880955,3.2168100765032817,72.60751198391829,53.49922199888617,1.8583831756378115,97.21494619676079,0.7248641493542489,SPLICE_FAULT
3.512379235307132,7.586632712456092,4.072233665047192,38.89957743594256,73.9232270021812,2.0836094772891043,110.25112942885815,0.4800499576019619,BEARING_FAULT
1.8646752262594402,2.341422611122214,1.485600002229834,55.37762314982063,61.637963655714785,1.2854307467389394,379.25793737592795,1.4585517861246657,OVERLOAD
2.1456671312786475,5.849696841673683,2.7971999831033014,70.47600871147758,57.35905869753073,1.689782406600697,95.09925406056465,2.1159658931776995,SPLICE_FAULT
1.434124381359808,1.7577075611832589,1.5817105716328808,36.733686308067874,62.317186400949396,1.9584524051837433,105.71141242038074,10.737777322639035,MISALIGNMENT
1.5747148814331895,3.305710526210491,1.3720352151650757,64.88281766319739,61.63455432119587,0.8824755249444948,328.0933362156354,3.2812768480956693,OVERLOAD
0.8893665025993972,1.3460696075740803,1.3931004793957096,40.38046616165664,43.44674685804197,1.9906613141100051,103.73348559711398,0.7595148874861078,NORMAL
1.451249034792894,1.8738148389747746,1.866545810271224,42.09642944089368,52.6832275008484,1.8576309283089323,105.6285448045713,10.12972250407593,MISALIGNMENT
2.113299634419635,4.4583747642691645,2.223001340135493,59.29984315027268,60.48296894591061,1.7660022919755956,94.08772823353016,-0.4182459427922782,SPLICE_FAULT
2.660600114991554,5.105066653749887,3.021800565253818,72.57302938757229,58.0394016655988,1.762668883821027,109.37322615675541,2.3202217812791948,SPLICE_FAULT
1.9137542095107332,2.977327159397566,1.4987634061757635,61.53594790575,56.97985057262615,0.9646524268108188,370.3776088556346,-0.2841273080013669,OVERLOAD
0.8387284128810348,1.306459372747241,1.2828632266128797,34.073538802642666,46.23137743561051,2.0695202900083998,101.82501030599214,0.9458696436841456,NORMAL
2.893098455771158,7.718932051635431,4.320122491697184,38.720893261124495,79.51621717849264,1.746761796945115,104.23951092302957,-0.05707287213699086,BEARING_FAULT
1.0959270826085208,1.2716851224837131,1.2414734556301277,38.45527397674622,37.35414510340876,2.1807196643637887,100.86697699414397,-0.5844552918504382,NORMAL
3.328866313712851,8.400190680558591,4.40315816997781,47.67299249576541,97.08585321231371,1.9146899396453372,114.06648385809282,1.202315340683946,BEARING_FAULT
1.7963116245015562,4.601030914405208,2.728712477899675,71.42914443437155,64.16912364499987,2.0828305152178297,88.36534983814538,-1.5596463506468679,SPLICE_FAULT
1.9458190167341116,5.3463004562525,2.7081260988387355,65.07293717389598,54.37382642642348,1.7012395472777024,109.79643852361518,1.9444625393172965,SPLICE_FAULT
2.125716539067565,5.727012381611637,3.389534164863538,73.68323921361193,53.07888692584131,1.980418163608267,110.30655691295408,1.6459410881703658,SPLICE_FAULT
2.4565567160178485,6.57681336829753,3.0640630401272912,79.7511737375754,59.61987167083798,1.863381706910466,103.31152705377471,0.7386153486448486,SPLICE_FAULT
1.0542560043585965,1.529525317378702,1.4899661394549553,40.685114942228346,38.55521013374214,1.9528875348182122,95.84786232094729,-1.1260539609110503,NORMAL
3.97315797555117,7.577239201679688,4.053767516142171,41.77467512448156,93.60475926558664,1.569056145869106,130.89389717389048,3.580170985927817,BEARING_FAULT
3.3871691772494605,7.09479575891827,4.071855938169859,49.51418311012475,86.0247910748719,1.7294191290705874,114.28767535075775,1.377086276412253,BEARING_FAULT
1.4401765456799498,1.8545787984438147,1.614104943484961,46.386763812104185,52.74906731319165,1.9772847838543721,93.99661340993512,14.064760765175244,MISALIGNMENT
0.9515765927133748,1.281510444750063,1.2091389792675347,35.542226420835505,44.56357568119985,2.0148089419798274,98.48700779767478,0.2887280030098363,NORMAL
2.1145794847813604,2.721227302205313,1.4872841403125117,67.52459937511152,60.865338242852765,1.261265518071341,343.3291157898724,0.4578487054745316,OVERLOAD
0.9423096344337597,1.3532263006793437,1.35689151064371,39.76565980931216,42.544279860341916,2.0139060398653417,92.25385029981418,-1.079842447781487,NORMAL
1.8740694157926365,3.6404118968904933,1.4550349806157186,61.330369122772495,71.87233141641997,1.089244048057255,352.1045615482205,3.388337610473162,OVERLOAD
1.5033746685611502,1.810407732310005,1.4910125673177284,35.902938707104845,57.63446348995531,1.8666513719030304,98.61664717983622,8.108963704509353,MISALIGNMENT
3.7510809578207684,9.805401977735013,4.535432498527568,47.67425046534851,86.94076749722768,1.8815709980832178,89.78557907934515,-1.3137136392714472,BEARING_FAULT
2.2347582276526,5.4702972123609594,2.616756190080392,68.3434805190212,52.70488374752842,1.8648990324616659,93.87189510438213,2.862664372706094,SPLICE_FAULT
1.693246480677866,3.1823959372115023,1.3884753463623185,58.07910481466814,64.83073506204649,0.7496103954417357,411.33158155629735,4.077264196128372,OVERLOAD
3.7080705686401085,6.985937836373537,5.2412220143773185,45.006623422487806,76.11067760880012,1.8065465455319383,110.76192750328423,1.9448757557262042,BEARING_FAULT
1.1899893915225486,2.0904923941072338,1.6646963294134978,38.916228704967786,64.05337276271098,1.871537449574632,106.46129676024171,12.592680039497665,MISALIGNMENT
1.0738466579995412,1.3097058360851848,1.3196697807210012,37.61438746568321,47.24875171261626,2.0610216169589224,95.03067974882022,-1.8418977729578574,NORMAL
1.3969159163974239,1.5539474539031308,1.666061374692674,40.4203346005899,55.89321596114779,1.9034333388568834,103.84966416047634,14.574479929209337,MISALIGNMENT
0.9423108130476852,1.4341407290773078,1.4868490698065542,36.019036581579655,40.822586681817384,1.983963991895517,100.04229858994151,0.7014947819247145,NORMAL
1.8848847677950582,5.155561171859177,3.0941272598441723,73.8952956648489,66.68073049799813,1.9604900561796645,88.06967698291174,1.6661573328214354,SPLICE_FAULT
2.07094700695952,2.7329000284589666,1.4817959568914345,63.481478953915335,61.85425946355498,1.1969124861817781,361.17616500572893,2.105255686157769,OVERLOAD
1.6512289509371096,2.0667206409674694,1.5056817475810174,43.427255975494596,53.95054950455296,1.933237683351961,98.52807249231988,10.748507405008455,MISALIGNMENT
1.4759236483191067,1.8760760751262457,1.2358240161569265,40.404366749132016,53.733002629804446,1.7151741469921584,93.93916167780341,9.339859009741525,MISALIGNMENT
1.1451143607795042,1.4508772258786469,1.3734846345733305,37.04045743023547,41.46967751065265,2.145092754827921,103.47561613803552,0.8089192693927194,NORMAL
1.3945504087936487,1.9498835375370083,1.6816664229927727,41.35513548576315,58.39219623041835,1.9810260044375334,114.01500346552157,12.146894986710798,MISALIGNMENT
0.9711341361079862,1.4048103862984542,1.2857456839455725,37.0468547097313,39.72515379333723,1.7871265905585187,97.60498077978251,0.36016418394576694,NORMAL
1.37740789780551,1.88401830946749,1.2738233938796015,41.76751710032104,51.875000556699746,1.9722674824888298,101.8745938208891,13.671140911073513,MISALIGNMENT
2.0841457613647587,2.54186845957995,1.5316087822108935,71.80861168920059,54.37917007619033,1.1330193781231666,408.1571320117982,3.744343894481859,OVERLOAD
1.7102339062258736,1.8159944545411675,1.510851955467037,45.67180903271367,55.91108493743191,1.9788291656636003,99.80877820146293,8.160245671458142,MISALIGNMENT
0.9724948302848356,1.344369530534498,1.3308854320664245,39.04302945061501,40.088076758913616,1.9908600442490885,105.72006278300474,0.6523061516102304,NORMAL
1.987122701561518,2.6589232851200926,1.5325251675854343,55.17918881413525,56.70763202369372,0.9555997198386463,388.473492921668,1.6249885908228905,OVERLOAD
1.820698809471293,6.827966750806782,2.6985003904785643,76.14694705171115,57.932045049849506,1.833513368069987,96.62044824975902,1.0445925680511428,SPLICE_FAULT
2.3251563502639896,3.013751332627648,1.591090703503375,55.066163838979506,53.22229069417937,1.134729272032628,402.92474899795684,1.2829185129625178,OVERLOAD
2.1517356520966593,3.0057671369313756,1.5320058191493244,76.50372781163452,53.14578977585497,1.3017027759845923,435.6535571910604,-0.48373177698948,OVERLOAD
3.7241123574715815,6.284826534702405,4.109978420925024,45.83970420965199,86.18257672242596,1.9060659240159845,104.30780592058483,0.6880582662923569,BEARING_FAULT
2.1742627447099316,2.345627947282433,1.6112798195612907,72.41259065454081,62.836089527169364,0.9507842423102457,367.46734625237553,0.4773580745626089,OVERLOAD
2.4640642418872534,5.252353543467071,2.9749274364176492,68.49881631838268,57.64130380332219,1.77900231217811,94.87081589757133,0.47007929378272917,SPLICE_FAULT
2.2808568217739404,2.6325600221027647,1.4135569686326461,61.51051542063669,65.37695277208206,1.3039077834846118,364.0973124198539,-0.3669200853544379,OVERLOAD
1.854208570686011,2.1747005135971595,1.455302244719396,71.22302883519203,54.21143538029365,1.1059033632491293,393.0362029176287,4.617460287682853,OVERLOAD
2.0482154607875476,2.9584108013643893,1.4795292766477712,54.123632209561144,65.41268504341456,1.3263860029741252,352.7553815417699,3.2266510576603427,OVERLOAD
1.9191548661775364,4.62079576993302,3.1438535907551177,71.10364174889226,56.354941073436,1.7711752061247927,97.67861886431224,1.5713438677101725,SPLICE_FAULT
0.8012431085399108,1.5025866113992992,1.3252706828638,35.582389800511436,44.078755869094834,1.9751471381925552,99.16282040150789,0.3639706308527381,NORMAL
1.2355669512697152,2.037171563721684,1.8071608465501892,41.49474086391336,56.54779258994425,1.924960945820971,93.4097617334033,10.02117153101116,MISALIGNMENT
1.4114913605677488,1.7978021659608545,1.4427685983537055,37.72812566340718,69.44395330440145,1.8622613482537789,99.88002655372276,9.765428586242226,MISALIGNMENT
3.462461753510653,7.232119758226964,4.75215950778228,45.98915999829701,85.51239076014161,1.984955870017642,118.59739255037019,0.48643270476196143,BEARING_FAULT
2.9038028537052427,8.57799661555435,4.508927650741088,42.52641258815739,95.44621262630017,1.7598240851147533,97.75325788317696,0.18345522972515926,BEARING_FAULT
1.5978088300974091,5.450296972945239,3.006962056200845,63.75514551446587,49.69251179396906,1.9777347449768763,90.9257495439929,0.5301796987341412,SPLICE_FAULT
4.160765734746951,7.217540589869158,4.0963611149948145,49.863494248795924,74.72044270436137,1.9080536247590263,108.36321809621685,0.5862958667136552,BEARING_FAULT
1.0473592430635181,1.1456899674914593,1.4692580909479962,37.682154937087596,39.24394046554172,2.1494938227453235,101.45063745959382,0.1994239859867671,NORMAL
1.2419246756953481,1.6358243289245364,1.5836054411236886,32.33695093204286,61.54705490293303,1.9087391428920122,114.15204526701824,11.657288051609617,MISALIGNMENT
1.4680378285263826,1.8619107628141565,1.5153709859415079,41.971006736059955,55.79862681574598,2.0832561240356013,81.19564455936919,12.743405171197626,MISALIGNMENT
1.422439693627818,1.9271718848163313,1.717044650190451,41.798167605259394,50.57406918650034,1.8817839416142075,104.13147475952623,11.450539444030094,MISALIGNMENT
1.1600907856708533,1.9953302081601114,1.775584945930521,43.67141285521045,63.14590218063984,1.8049309306584744,111.90474985193482,7.9404518397813275,MISALIGNMENT
1.7884900818430913,2.642055293561523,1.5394757389107994,79.6746174146821,60.71542468513997,1.0062338868959522,406.1018065072245,2.0866422643531184,OVERLOAD
1.887407952185833,2.225997899583159,1.454025860493696,65.2063627718455,60.09499541129936,1.1113113693387,363.30602666450073,0.5693766953274861,OVERLOAD
0.9349357430878174,1.482981938008502,1.382785492554281,43.98700246935189,37.44847890998496,1.9498215807188468,99.37360422672765,0.5773635251066616,NORMAL
2.186721963916427,5.102413963703183,3.1214270902268546,79.23958671803334,49.98261719607902,1.6508317566342114,113.52233385564615,0.9759409714814395,SPLICE_FAULT
3.1361391896667845,9.479150894849488,4.074204083749199,45.108042217207625,79.3212587244422,1.9477425154508776,108.8192167000301,2.765983878178795,BEARING_FAULT
3.56483427705871,8.37160173217137,4.3427498033249,38.825477912505264,93.42648223713496,1.7092404463917044,113.47111207439403,0.2439268734756379,BEARING_FAULT
3.117967084745669,7.153479206023451,4.279262097343545,46.08632880061437,69.10778286417982,1.8779154934787607,114.25804641596059,1.038944520454153,BEARING_FAULT
1.613107551465922,2.699457058366542,1.5944214840251814,68.33239316391044,62.56760684627368,1.0446795102216697,332.6196451378922,1.6404755257931494,OVERLOAD
1.382733545911514,2.2422057618381572,1.4070900192831528,39.87734314411768,52.70394145813549,1.9041895921154275,99.65435760156197,14.906119391079793,MISALIGNMENT
1.5932113587278565,1.73782121275995,1.6495188527099436,41.48146297555767,59.01191685299348,1.7374878741117474,106.46904523256566,7.463886561651206,MISALIGNMENT
2.3649253664935257,4.859549808466786,3.0697741017934392,68.20137370718153,62.84340959420679,1.9084381649190636,114.98163151443904,4.421515479235181,SPLICE_FAULT
2.3917136768034464,3.0337391876765056,1.4653250108991758,65.48217395577818,65.28529505678289,0.9878322343451028,405.9581347188364,0.40587405088109685,OVERLOAD
2.705333901823251,4.861302147296229,2.417682295717146,68.69850194955389,63.775418028807685,1.7294372865350103,116.07211021478396,2.0492831332758934,SPLICE_FAULT
2.246064392927175,6.208385938996268,3.125259055522662,60.177688320053896,49.69557872150208,1.7109613883212502,114.34695279194261,1.475294891679963,SPLICE_FAULT
1.7492726207069347,6.32635834228794,3.1300642245463637,79.52850014791446,59.99889789758761,1.711706663826936,110.63974278411861,2.173719551627222,SPLICE_FAULT
1.4796539142341314,2.2409184186594753,1.5064242023819507,39.75175203912908,63.28362455640209,1.9360226037077428,91.1428620020031,10.858189274945262,MISALIGNMENT
0.9922898290585895,1.4258889286866625,1.2402479085654916,39.96770232958929,41.10097005597964,1.8682868080053414,92.17996507488964,-1.0921212003485672,NORMAL
0.8671813951101569,1.1952046920310737,1.3955186463348221,37.90031002806662,40.68970728828535,1.9037267434715388,98.76267319900244,1.4532754760425446,NORMAL
2.6558134548855863,5.590860256096431,2.7902056025652215,71.2674075465463,51.97709956172927,1.8620843856840774,121.28633800893965,-0.4254301515977015,SPLICE_FAULT
1.4236961468377176,1.9517539610487842,1.4452413239732778,42.85426378015671,48.26737356820568,1.9542203006909047,104.79625319551573,10.352970106431085,MISALIGNMENT
1.0097077549348041,1.3066840601017105,1.3810862883624773,39.638852744011096,41.95848676171729,1.8182020774612846,105.3335924470545,0.508608373233442,NORMAL
1.9885445467827831,5.474992133122352,2.711092801840264,69.35676532859443,56.73266573409622,1.9362696604644019,117.66978847369992,5.888096587603797,SPLICE_FAULT
2.381159649120689,3.1589881362481727,1.4339158803247418,68.42661577154821,60.90248028039041,1.154777156045397,340.36372304431615,0.9470247106076565,OVERLOAD
1.3265350242038054,4.948504804915599,3.278049818865969,83.6368881847558,48.69996051173872,1.7202573826353211,94.88941643399508,3.393585920992143,SPLICE_FAULT
3.17669446997323,8.592266738045183,4.793425769392434,44.91455051023409,93.1371813950345,2.0262504147086595,101.3759756631192,2.962660714933213,BEARING_FAULT
1.5342365834040237,2.071627814186803,1.3816560611350575,35.78586846198553,58.62774293325574,1.9955703971113867,110.50774290472114,15.016946021963399,MISALIGNMENT
1.812343294505811,2.8546840670613607,1.5035371417088639,60.08170986279566,64.49363387006822,1.2031645772842654,396.9574137192419,4.222358802936461,OVERLOAD
0.9227174785462429,1.382046031904311,1.3545610499917669,37.206455476068165,39.797478603664516,1.8343376792322226,96.17182810387031,0.2620668090867255,NORMAL
1.027045682577984,1.3271181119083986,1.4385664535429579,37.037997123328424,40.39399473895133,2.1220821298813046,111.46030144142065,-0.6083507646793376,NORMAL
2.4621657672416375,2.5502570134829834,1.7135321123975957,65.50007210585055,58.81573975438911,1.2544350385734129,329.1494662107408,-1.376491366772596,OVERLOAD
0.8617200269035664,1.391578617107759,1.3643665425551679,33.490759094720545,42.86198671320903,1.9643326865820128,100.7227896538429,-0.46913085421040895,NORMAL
2.1023637013284984,5.7789769873036585,2.751553751681009,82.72773163426493,61.45080011882997,1.8697566237739687,86.26456776609768,2.754189454884689,SPLICE_FAULT
3.6883475437501523,7.664100670172513,3.797841791651915,40.378015831484944,83.46157452574698,1.5867496427911452,101.11231249570419,-0.12961643003342704,BEARING_FAULT
1.6087565266395552,3.343466731958174,1.5624817823053876,63.15453566261754,52.859664119472775,0.9535361690402604,407.829365954099,-0.4055104718691611,OVERLOAD
2.023865510339574,3.435197243311286,1.5970462636906666,75.46461910679587,58.77346256906099,0.9372548018779285,362.91916423727395,-0.3052447366698532,OVERLOAD
3.9573217097320055,7.754404763293278,4.405509377743688,42.090140774182885,87.21983393069972,1.9657970852239932,126.27918074757257,1.001733309103892,BEARING_FAULT
2.1558190517461164,5.3542514613476335,2.168388981713772,73.17915538952747,58.309697920354,1.8829882535698668,94.83173392091885,2.3172949024245577,SPLICE_FAULT
3.3377650573009285,6.949727781525819,4.359353173665215,54.70165036721557,90.8587846372042,1.7810787675184023,99.50455409189955,0.7007226887097231,BEARING_FAULT
1.8581381796929122,2.381854705637738,1.3834558473778944,64.88997160019774,58.08291029015534,1.114018773764953,287.52313474570286,0.7712504825351209,OVERLOAD
1.7070421748818687,1.9778720733895203,1.5202074506161312,61.93244325278284,56.362730376384405,1.184114190200836,416.6349725001226,-0.18386989232929563,OVERLOAD
2.028577188264812,3.1817285148449783,1.4825556065714718,62.90345029618575,58.146147016697455,1.1144565684671055,318.8466042535348,2.384630938675194,OVERLOAD
3.1940926840589867,7.740016444590939,4.090523777513139,53.34908864717451,90.41719979306635,1.6457898281303835,111.3936284348663,-0.2510954701014181,BEARING_FAULT
2.2744676522231027,5.622993488385346,3.476537111413987,76.92665167576102,50.382921875048226,1.9136473167109704,80.52296760733147,2.695765062404468,SPLICE_FAULT
1.8357911328263925,3.1308076138223133,1.6889282454250252,63.831262272300584,58.89605425103973,1.1601707391896345,369.3862780657306,1.9100950037801596,OVERLOAD
1.5099581422198998,1.6565192413006096,1.4770611328861252,41.68692465168574,56.400868610556216,1.9168651367610194,115.88447176240112,10.924872981267617,MISALIGNMENT
2.5055435250218445,2.820725557817281,1.367471862804756,64.34830007036994,56.3583536578913,0.9702655831357367,360.6838396667494,2.1459180455731994,OVERLOAD
1.320619848528273,1.6288059310280072,1.638137209400146,39.994635267440465,52.229183076102295,1.7480107200381014,96.24491019360501,11.33646108236739,MISALIGNMENT
1.4360308765919334,1.7054470966479998,1.7770630112999681,44.682698323502805,53.42261485454854,1.7584475933086292,86.70992362776552,12.317263905581019,MISALIGNMENT
1.2143944089325327,1.3458378135135864,1.3366302628970872,41.18062972249664,47.09987212372914,1.8719544428997534,90.29875739620357,-0.5530898169141323,NORMAL
1.6301723152691772,2.1631016581880207,1.7742323862995604,42.44189400116725,69.84643650405748,1.8825352054318372,104.80063617904104,11.488196887004774,MISALIGNMENT
2.5064976184593815,5.008161186136684,2.931850896754275,65.96133549478027,56.51135256477259,1.7195691420199337,96.21836376938137,4.228436140558628,SPLICE_FAULT
1.1551977672460374,1.8753727129295463,1.53702332115303,45.503225776583335,53.21970724158303,1.8943211404113722,88.37061013147087,8.055291876978444,MISALIGNMENT
1.9559920190653328,4.896572211746488,2.7890089440764236,75.34886778340643,55.12622814540816,1.9093329108192327,113.11376088989256,0.5188369195901943,SPLICE_FAULT
2.1220757849805074,5.146777099865938,2.8531366824603155,76.74574302719535,56.79454990706343,1.6804186589761039,99.74513329397881,2.260173872523476,SPLICE_FAULT
2.124777626699735,2.5933916699664294,1.55080122910546,74.18111374277936,57.962053276701525,1.1465103235812726,417.70634095024764,2.433907090267466,OVERLOAD
1.277209246000988,1.7800357212165876,1.6470935348877656,39.18253329068796,61.20947061429319,1.8804565153477235,112.71899545423943,8.50087017615199,MISALIGNMENT
3.722779152936201,7.340910951501531,4.246234328237116,50.91273574255601,81.77865431010615,1.8265945819720963,121.05690107820843,1.892106753820816,BEARING_FAULT
1.4408632094980414,1.8330394025110994,1.5298039492194029,39.86609031915156,54.635473339952995,1.8810809818724918,95.74182001633449,10.807575475918842,MISALIGNMENT
1.3544560890652997,2.1447711837085186,1.5267886845702554,41.658562384758724,49.379690945659824,1.9382921710057261,102.96572676694308,12.033650531648902,MISALIGNMENT
1.9092061103167959,2.4736320963672225,1.493822393772944,73.90334092260657,65.63216858373015,0.9004026375469061,373.2818172706018,-1.2368417470856943,OVERLOAD
2.317638437646305,5.490931845948431,3.057413978248591,83.07313265449291,59.60845649071385,1.8320389551184089,112.25819533301896,0.9425567343263688,SPLICE_FAULT
1.5434442503137018,1.7871607640279026,1.4786946953142,42.54088464151033,56.310924529042985,1.7541241607469304,108.71555966288142,11.395351133908491,MISALIGNMENT
1.0184633858532304,1.3531309260253002,1.4452517019829074,36.97042317350777,41.07455163463254,1.9397179344216038,101.6805980596682,1.0251091525817735,NORMAL
1.903186518778084,6.060848877724808,2.6847784028348793,64.78429305784954,45.52496553201113,1.9577366337734392,111.37206270581686,2.4483589697075847,SPLICE_FAULT
1.5093595467503547,1.8647775132080273,1.4816361244489122,38.63874624319083,55.709874084927215,1.7919592670721498,89.11306589523657,9.386960335086878,MISALIGNMENT
1.3436549501351696,2.025307672667388,1.4495623574672496,41.756798683693745,64.21714139051463,1.8542781460680804,112.88433622503389,12.458473898621506,MISALIGNMENT
2.4992017677277234,4.867641491286867,2.5385093086385826,70.97437204691921,61.54878582937018,1.6885721057480205,88.79206596380502,1.3732627374298525,SPLICE_FAULT
0.974743184860684,1.2764653571418738,1.3035581240156222,38.796087048198885,43.38961887629737,2.066541682369178,96.28142117721335,-0.5800163326536847,NORMAL
1.0821902504375225,1.2566619974890951,1.3613373530911925,42.18705143236987,44.16468751537843,2.1818061922557823,100.72874098015515,-0.10128071870153288,NORMAL
0.9530824347895295,1.3162679648536855,1.269221543623205,36.01405346661017,39.454714097427555,1.8614012057601002,100.28457581183159,0.15808922532318442,NORMAL
2.2695378287877777,5.303953246035345,2.8932561264665244,65.34832895198338,51.588805026128334,2.0504861955413096,113.90038753207043,0.7557180908557304,SPLICE_FAULT
4.042691396284848,8.135501975954165,4.092146975950328,48.306607189729725,94.92751349907846,1.9645086311443927,106.24437597906945,0.2158385210153546,BEARING_FAULT
2.36409054193816,5.192983676852973,2.4882661533640045,76.32382571784338,56.76839797752852,1.7404340979203923,92.78974071773472,1.986670999219477,SPLICE_FAULT
0.8286865470909123,1.5657223832219427,1.399532340880416,39.27766161857911,43.7193834397236,2.0505589241835875,79.22188180143803,-0.2775442563155516,NORMAL
1.9245667365103412,2.9937392924811133,1.482977620802882,64.97514449033507,63.31153071184151,1.1929023943152048,412.0240355321206,0.7392777242959436,OVERLOAD
2.6247731921478032,5.572746239092227,2.41526300485172,67.20759141975715,52.23477496141532,1.6629972266335378,105.83196151208408,2.041417367370807,SPLICE_FAULT
3.787224817534881,6.786341570475494,4.5365521271903715,43.723615862995906,84.80924985491107,1.9366893424556735,98.86624371526813,2.62077988518764,BEARING_FAULT
0.9489983601145253,1.4028569685552479,1.2898424534608945,33.65106434090441,42.23244155555659,2.1146440870400727,95.0412182798985,-1.2640061679473638,NORMAL
3.4953559542179824,7.642220512257981,4.425159526042341,45.54570767226912,67.72584851744186,1.8895190665996222,106.48202968627898,2.907893704762668,BEARING_FAULT
2.0309767041302678,2.0932889529617924,1.3489453949630503,62.147091552863344,66.72558586805894,1.3134897381598492,397.00281143352976,2.7643385601377934,OVERLOAD
3.1391047189140933,8.107666627849797,4.127303333981136,44.331455663348656,77.30998810039145,1.7507150225620562,126.15770809562984,1.4445882202987526,BEARING_FAULT
1.49142890678129,1.771777147955071,1.5389637840556345,37.95022308641618,51.817608567038256,1.838163497995587,99.32553441444819,8.997980911034372,MISALIGNMENT
2.7906576553614633,4.7938480647210495,2.7535177942731566,71.7372283903943,56.871565447732486,1.728702359465922,109.89222499060473,-2.51855234287107,SPLICE_FAULT
3.711027246444813,7.9174975501189,5.166819280929913,43.33317806563577,80.451685560888,1.790897185019712,89.26991457350499,1.7087526925989311,BEARING_FAULT
1.95048159246266,2.68375260552837,1.3722628866449382,66.79876924497898,56.71644800111767,1.3975060399133863,443.1756903308998,2.0841651608991594,OVERLOAD
1.0208863595004756,1.4487804700754299,1.4842160651261154,34.56882137803802,41.605582212985,1.9657450799142235,96.60877720729961,1.4350873992222355,NORMAL
2.3552454708641326,5.101248707230844,3.6160201323948926,73.11325385312215,57.851263617718125,1.922758584003958,109.59770859125845,4.718275366604038,SPLICE_FAULT
3.752809289446809,9.209058239362562,5.282727329979556,39.593810182943066,98.40951606001612,1.6243248498298146,118.05645561840046,0.18333404034628442,BEARING_FAULT
2.149436225228933,3.904431289571561,2.9386948223307887,73.19141977229478,50.51612377746424,1.8039247757558192,105.93572011154593,-0.7645718082720605,SPLICE_FAULT
1.1220472275653646,1.8288051831228334,1.5577407167435087,45.00670850010878,57.84606748793293,2.0528331563486244,111.42207392885558,13.443609369953403,MISALIGNMENT
2.175347473452375,2.6434700028102784,1.5334374746873298,69.36273488891295,59.021375104580585,1.224860080788584,347.3648735685914,3.188328082948704,OVERLOAD
1.5626297366065314,2.0288247535700217,1.505765676105716,40.56648044788863,58.826200250324625,2.0807630805670687,89.12251324646331,12.907520511622707,MISALIGNMENT
3.8223591108004276,9.323734652693364,4.4528780782376245,47.1986792539522,99.3183261624672,1.7731007958190452,116.03626910444787,3.1933598938158343,BEARING_FAULT
3.2159899652739594,8.952559694044004,4.377800082231245,44.56565409268823,87.76068948812066,1.8573196913836205,100.13178127481703,2.6636480779240874,BEARING_FAULT
1.2478280409938878,2.227347992366128,1.4575017436725572,44.33081010879455,54.48041837292228,1.864579361149121,94.22771274289428,14.085613547539364,MISALIGNMENT
1.2064157867080672,1.8641497949286177,1.4520614013166349,38.865491058290786,51.12182955606819,1.9313723182896907,110.10379313283264,12.140972172159382,MISALIGNMENT
0.8465885829264378,1.599031304715032,1.4206487821717728,40.64699918697023,47.216554055559996,2.1991553302204734,90.15006874182984,1.44194500580189,NORMAL
2.3290018549296247,2.461497528920265,1.5440494496163337,67.22632242929218,69.13323539655968,1.114612601459647,393.5982212639953,1.8154811924209102,OVERLOAD
2.1084369023371337,2.3417615931643887,1.4742275438413706,63.719403817472454,59.4481762035407,1.0342213241592528,398.29437559624256,2.189110264458658,OVERLOAD
1.2148232002366406,1.8804949232508752,1.5106632248148173,40.20756342592679,60.69882256414171,1.8863010422306057,102.11209399224457,11.361742222964866,MISALIGNMENT
1.598062101467575,1.8235095204661418,1.8114274608789995,45.268609749229924,55.04302635080976,1.8421048242651077,99.35227740202123,7.598745500697245,MISALIGNMENT
0.9807639035218878,1.3454838357090182,1.3508282095874706,32.59682679754178,41.6236372199913,2.0388978729352183,110.12637409644071,-0.40930847409572124,NORMAL
1.011567463429286,1.2919336999134816,1.2898567159923853,37.801602156122534,43.10619944195256,2.0207802507353314,106.96167997159289,-2.837506441397379,NORMAL
2.3694300738255185,2.7143375124078326,1.2232674577397602,69.9315288944954,56.96239545039645,1.2592677150437483,421.638967519201,3.5514572791247496,OVERLOAD
2.1327501011527215,5.655630600065681,3.3160611143123924,67.26885144953383,49.0018952417966,1.6976934163576136,91.05136507633148,-1.2060789688709566,SPLICE_FAULT
1.0513267433113356,1.4033115973783248,1.1777687525638014,37.95664318736516,36.24098053140703,2.014358793650516,98.48285566422771,0.605606232631313,NORMAL
3.875364569549317,8.539315204095992,4.145040433523968,45.5869898888209,80.89209308980757,1.9963484114593668,98.99643305736427,0.8768242754418758,BEARING_FAULT
1.545435353862936,2.02773542797606,1.4455126674027512,43.09727995827875,63.894329685184694,1.761021985680733,100.07560180394134,12.15112385166073,MISALIGNMENT
2.205855796140578,3.1644832320564906,1.5302971873587283,61.696796190795794,66.74661963905369,1.1765148096810911,357.55971540198396,1.8262192527752572,OVERLOAD
0.9534270246429744,1.3433298394907456,1.2945675841763276,38.440379035956646,46.61379575523766,2.132579664754219,101.11372601840053,-0.5380477584901385,NORMAL
2.291936896194871,5.102206023237372,2.353801950145694,63.80997419492096,61.664008652380495,1.9182757261803602,118.06347039530311,6.254009077785991,SPLICE_FAULT
1.2133033374656268,1.4318269787551574,1.367974778060151,36.34838945152525,43.00517408725235,1.8438506777558141,99.35922235851284,-0.03392522592790888,NORMAL
1.5638160175973639,1.7685730075443884,1.4480334894226765,40.846837870221236,52.8515188018347,1.983648413796494,102.77982440218922,13.867267217635757,MISALIGNMENT
1.4242547790057127,1.9612778964146826,1.4086686250410372,42.10033040391945,54.03270135058264,1.8882827995025624,108.91840579594813,10.376428853487951,MISALIGNMENT
1.723282427116486,2.7045096957687,1.449391070880811,67.20319879265233,54.56681905557359,0.9735346543005697,418.1873065174227,-0.29346040424552156,OVERLOAD
2.03685952136159,5.298213972729613,2.703637115169496,74.54570853487287,54.36605374167029,1.9028060792832289,100.73070799928529,-1.064364832162911,SPLICE_FAULT
2.1206558953694135,5.267729635852118,2.360031423874795,72.84706470239168,48.21183777525547,1.895093856042173,94.5184206270141,1.606436333234528,SPLICE_FAULT
1.9902043380229986,4.532928961907679,1.9454650001785354,61.861508574291875,55.88830498234495,1.8407689093065016,109.37606764476963,2.156869014395199,SPLICE_FAULT
2.0158458481594295,2.6561425016104647,1.489201631398739,65.0441040495182,63.702106070238756,1.1395728628519013,361.8595744961777,0.3238232603598019,OVERLOAD
1.8718694799323476,4.997354995390685,2.743008086157113,72.73000425562539,50.04697831462086,1.559150321806643,90.67021905308732,2.1744597848388407,SPLICE_FAULT
2.1951925028759147,4.880182692979034,3.0693100587810163,74.29746277900135,52.49504365134791,1.767502804831577,100.6921428149756,1.4330480168913768,SPLICE_FAULT
1.654557702858074,2.7221209834572186,1.3634204071949054,62.90068790526198,66.76725780738059,1.0287014873476719,412.70732850974196,1.392785810868588,OVERLOAD
1.4526748201440625,1.916597483762502,1.507060647987048,39.73540141028424,60.376674627137454,1.782258349475071,105.61472629826133,14.354401019932192,MISALIGNMENT
3.2491853963400623,8.0154071738809,4.9023937217636995,47.33373427662386,91.58287378226682,1.648350455988599,106.31112196178434,3.487963495901608,BEARING_FAULT
1.3481121006429242,2.004792102415347,1.6314473683135304,40.38362908626987,55.49869491706662,2.163666914194559,109.05717600497366,9.010287295064918,MISALIGNMENT
0.8962753845673543,1.3594362228379309,1.2699734940315541,39.25519466266605,35.747661181504235,2.0815501022444263,105.95490897639257,0.5101574689151834,NORMAL
3.9531824659224553,7.946432887747803,5.61060169713598,46.00635167199538,91.8552421640408,1.8197423059909112,91.07487432861521,1.8633663487344747,BEARING_FAULT
2.1841908362919744,2.577651199409551,1.357027575696963,49.859255824925185,59.5167304519093,1.057119161753132,370.45572102015717,3.494563389394176,OVERLOAD
0.9852942618497862,1.2897534930776868,1.2224237546186565,36.2791946813093,40.40708730656411,1.8657872251514884,103.8831200542345,-0.6375875420759639,NORMAL
1.0755391225825757,1.3937953202959472,1.3427573374156672,39.264759831843364,47.54582649988923,2.0475430682526623,96.27324416048026,-0.037893081716830875,NORMAL
1.8294813004940542,3.0343526008862796,1.4244539198607118,73.71155979388833,58.44395855413159,1.121901591466359,321.09924070203436,5.103940239075233,OVERLOAD
1.4756431780076407,2.036832641721791,1.468379182838246,43.2144702264248,52.59998695808934,1.9239872752284723,100.65737660047287,9.2144533854477,MISALIGNMENT
2.088871685659099,4.252181778912396,3.03182121191365,80.93888141344136,56.846327673280946,1.756896283332769,98.40720965046285,-2.4424670015502485,SPLICE_FAULT
2.0347957460029713,6.368280879066907,2.6230926675255697,78.98145459586068,55.343257285371415,1.854648633103005,76.11640836448552,1.4991455651264773,SPLICE_FAULT
2.0559987422252624,2.310679712441506,1.4972785867622143,63.292938173964664,58.043500550508114,0.9317047820075878,357.6890024928445,0.5979511190085841,OVERLOAD
2.7285273039420903,3.07497028413331,1.4839346713633925,69.3238353881436,60.29981428847853,1.4661385948184802,412.94707410570277,1.3829922576175666,OVERLOAD
3.6672365710026407,7.848014861202337,3.8937390264581606,52.13854242779909,92.70090859769306,1.6209432218633584,102.95139365728615,3.1438101824652387,BEARING_FAULT
0.998148686400761,1.3911270415653245,1.42308677009866,36.87441085902819,42.58507495208438,2.007857702971915,99.07055793386412,-1.0056013756894657,NORMAL
2.343490117676407,5.502526312525472,3.0699171668654084,75.72189113792902,61.67672678368521,1.8050654102358346,115.42035330975729,2.926560683580776,SPLICE_FAULT
1.6788180583956331,2.6299560046592982,1.356364754296084,60.989851016054665,57.719158262599706,1.0813315055428367,399.38136030286194,3.4357656164038857,OVERLOAD
1.8761962254988163,2.4654348316087242,1.518146106348064,65.11574528224365,58.758744430694534,1.2281553980524134,391.27240645158975,2.088731722058196,OVERLOAD
1.00865897874729,1.2310329180652433,1.1337414165600612,41.17980915213987,45.61798354964045,1.9468545448640784,99.39596270803092,1.1039335467019071,NORMAL
3.840536848869255,7.126304072222083,4.496660713473664,43.37979618821779,98.7757143050574,1.692570822958001,93.20482543359488,0.727703006394327,BEARING_FAULT
2.246897543186633,4.898474822797042,2.4009710896417946,65.37692493209224,61.386870192566114,1.8228090657767326,96.56060233028407,4.7439041013583125,SPLICE_FAULT
2.16302741834466,5.857800150319284,2.6564523083801563,63.11243413729089,55.12852441013953,2.0050397151351267,95.12476168095033,1.1236377616053015,SPLICE_FAULT
3.4480836683181226,9.226382598024868,4.625073858017678,47.539851494450204,93.94016439019686,1.7827816767548175,102.20894143640054,1.720978288547093,BEARING_FAULT
2.600395915257588,2.826028322638794,1.528089112660117,61.458668202166194,72.24293494087028,1.0495694394999855,340.64789923264624,0.53996767671925,OVERLOAD
2.395093359248903,5.9795216315452855,2.495963079581659,77.56522255649524,46.96939559565938,1.7024818375024995,100.99158652455425,-0.2921358842166568,SPLICE_FAULT
1.8377260332590137,1.8337137257436993,1.364607689341592,47.418267353510885,57.9226417963663,1.796403807139336,102.94082038793213,12.495092251572919,MISALIGNMENT
2.089103145883594,3.2046079595936536,1.4745392013986116,60.12698316964202,51.70612687456985,1.1763567717195718,396.902298524664,3.9900752508736206,OVERLOAD
4.003504495904028,7.446932111069779,5.034352490067309,51.20551088403797,103.72240172685584,1.8789821668730522,103.12157179936209,0.8498525435397831,BEARING_FAULT
1.2461197841045784,2.4406055128810165,1.497471521311481,46.03971498783089,56.12296276758019,1.7922279254208398,104.87218194630427,10.221192876949246,MISALIGNMENT
1.1755761780253025,1.6201843143631047,1.6649592729776024,37.61849730174454,65.46501552221602,1.9804933390732324,90.64168770209434,10.134680973206816,MISALIGNMENT
2.1492359025503363,5.244850992562296,3.2360375442372264,70.46624986366461,50.288694030530195,1.7872227504270168,77.4125807672845,2.6772503152732003,SPLICE_FAULT
1.554416083389056,2.5196598868142512,1.564019620900662,44.30709496632683,50.135053714635696,1.964366875302249,94.85911195632102,12.273816158005971,MISALIGNMENT
1.7400516938679413,3.041456781454024,1.4019611748516525,61.258418718004165,51.10898636217076,1.1802055924454298,380.5765655665181,1.4128730313525464,OVERLOAD
1.0232253697161005,1.476437015592941,1.4107324128242118,36.03870098405354,43.16884253211271,1.9625177943378194,95.51775383699851,-1.6728939013115742,NORMAL
2.2959663903563237,6.038874299548755,2.6483255955902765,86.04037806156745,52.450427490808636,1.9640335140185936,86.80588109125694,1.9852222602393528,SPLICE_FAULT
1.0338496407494415,1.3715872981384174,1.2374946029062535,35.108723221368166,42.79206024400101,2.2124771403016963,102.7834863464467,0.2790838583451852,NORMAL
2.014652229342948,2.957199686675298,1.4302458057524885,55.31979058277036,49.89498839561878,1.1296058908159492,402.6080332747944,0.8329683964217331,OVERLOAD
1.3440097631088028,1.6235964862615124,1.5919908458299272,37.80095548580194,59.6949675690471,1.782612667369397,97.36838727940173,13.756285360995225,MISALIGNMENT
1.875188096376336,3.0008315114627404,1.4899827231213243,67.41318694947411,56.76735760261743,0.8707118026604501,383.90388314294125,1.4318794318690005,OVERLOAD
1.5333730737181708,1.8200200019781365,1.438503639138829,39.83936393697963,55.41941679064283,2.015350284978154,123.45624161896441,9.48039573602445,MISALIGNMENT
0.8918451996385605,1.3786546990831816,1.3660927724698273,37.245383341866514,46.16501333462534,2.066492716230174,100.79801484058733,-0.9500634974661272,NORMAL
0.9579015519179737,1.3110202339789654,1.455193156286724,39.22595843444201,38.681119462765096,1.8700783636554177,100.84168230185696,0.7219034854381414,NORMAL
1.4641721592729353,2.054280358980753,1.2290519446215031,43.18679650428883,57.29723257248784,1.8983945960751414,118.41815609386607,9.852360172179763,MISALIGNMENT
1.4810431916053541,1.6801910496890253,1.5907226975307465,44.06171535118587,51.82148488975295,1.8507081725050747,108.25923583030654,10.190608286273347,MISALIGNMENT
0.976105195313359,1.4544081276826506,1.1761864363188772,38.690212277574204,39.80713117285358,2.1712040284017893,115.58789184496894,0.4096361186839937,NORMAL
1.49296081770543,1.8309706237723944,1.4431101363737284,39.71274614819126,61.63397023200902,1.872973239563611,107.4101695133645,8.640446501250983,MISALIGNMENT
2.4996586480984644,5.575079794461806,2.3426469607758147,80.32019426374104,58.42246512348448,1.725394682875934,105.76815071040777,3.3372595162651795,SPLICE_FAULT
1.6588309185248646,3.003291130577466,1.5316273780259713,63.96311988863956,61.29101367350569,1.1099141369448464,393.8368478449639,1.500917571998559,OVERLOAD
1.373705820514398,1.943792783171195,1.3335499419089005,44.618451249535006,53.96174721126618,1.82129637210667,100.84865458361104,12.117390565843639,MISALIGNMENT
3.506414665205391,7.082759869034033,3.8018854348819047,45.28944155963354,90.57406290171441,1.9213581433631668,102.09617008349203,0.1434073155680693,BEARING_FAULT
1.492065628368486,1.9273194791177504,1.5480532258884871,44.05970324025953,58.109444105824174,1.749277417961606,102.3764265629996,11.72151150932767,MISALIGNMENT
2.2049322785858148,6.074821161177297,3.02817669036051,73.30630378251499,52.03942939332498,1.8399548171433173,94.53878987414964,2.162494152479605,SPLICE_FAULT
0.9965288230294757,1.3637073178394448,1.2647909069539702,35.636648744275284,42.25767901887999,1.980573086802148,132.43092969594733,-1.1274960989530387,NORMAL
1.4880893620196265,2.237837786730336,1.4918889977683003,36.868189936690456,55.001800025893985,1.7027910973356182,96.79216138148001,10.99675656607324,MISALIGNMENT
2.3211664284221856,5.65919683299994,2.903763648117229,80.77752258022836,50.47371920111778,1.814483891234209,113.44205158657931,2.4866791305283247,SPLICE_FAULT
3.3047948787311654,9.762647852206207,5.153140237864101,42.04345376307719,74.50623653671448,1.9422508918993784,102.12292944450523,-0.11754624569229799,BEARING_FAULT
1.498858151587013,2.1784911882966136,1.3066787273994982,45.73040738503789,53.9723665874474,2.037448498142756,96.28742629329606,10.129503605989663,MISALIGNMENT
3.6237664740568203,7.735957811804799,4.141220680399973,50.72012155568548,86.643306163662,1.5259206093793112,114.01143630529225,0.5955632866778728,BEARING_FAULT
1.2145796305954306,1.7519019787335681,1.584944330616564,43.326950604493454,58.19856910859817,1.8585083721879672,86.72201326520569,10.894489783998468,MISALIGNMENT
1.0751933032686773,1.343166525153472,1.3350422957611645,36.583728266908615,39.44578069721906,2.1655407113088296,98.93662997468685,-0.3365525898781734,NORMAL
1.5306119966882603,1.774269138985086,1.5589411512592128,38.19212668427069,57.58455336128409,1.779397762859188,110.07304357473262,10.632919355967068,MISALIGNMENT
2.648800950866658,5.248412181409314,2.6739307320302723,77.43177712627482,60.53312654568642,1.7176328883042784,82.17373671800492,2.3985444254968917,SPLICE_FAULT
2.2157866390051786,4.70895432966517,2.824209427562594,73.72282410615283,52.25918560529926,2.0657406479708564,116.85400523570422,3.8559470748400875,SPLICE_FAULT
2.160489923842027,4.960482342371188,1.7621763145401306,73.58358396997227,59.62148466154056,1.942947596525895,103.02428664078009,2.8818376556167187,SPLICE_FAULT
1.4139468869794114,1.777403345745862,1.5583204594058417,40.81916525390097,64.43191068497767,1.8175349659709312,101.50474498773902,11.790614505298661,MISALIGNMENT
0.9226990216144534,1.1783069877458343,1.3076757858122965,39.399075123339,41.410600249715706,2.013106518621585,112.90644460922547,0.014149264965758293,NORMAL
0.9559955513303016,1.4290253127207397,1.2543293550371852,42.26824440829982,43.65689981303857,2.023144592252557,101.39887232839128,0.10744437434089255,NORMAL
0.9539361229040213,1.0263736028470114,1.3527266774607383,41.797123522594106,42.88267238704048,2.1159074064955896,102.58661147855388,0.16429476537056906,NORMAL
1.3938060969489074,1.3986856858926564,1.549543503959504,44.88703550779971,61.03973783502877,1.8589970588461089,95.76098927667404,14.028561471440968,MISALIGNMENT
1.4061931183381158,1.9359244545263845,1.6592258940397695,43.6530511806789,46.77207051217418,1.89173022549816,102.07488797852182,10.150803667955715,MISALIGNMENT
1.0871153183399993,1.8250931698499497,1.3915407867913963,38.4954665164494,48.45401270511378,1.848939150070242,112.14666780132903,8.697546684985712,MISALIGNMENT
1.8380319275883696,2.956368997193362,1.6705362356513085,70.04979353459045,61.06363060595893,1.136343677870348,338.38140459707404,1.2550153284703145,OVERLOAD
1.322336382916667,2.0344778675222766,1.509282657543421,42.06924197685126,51.57200442973614,1.8839925513391695,86.48709597301566,8.622117763893304,MISALIGNMENT
0.9765846625276664,1.3996121883868442,1.3539088056260564,32.590580971232164,47.02035627089561,2.055655312453376,107.82130001531459,0.11053531747394013,NORMAL
2.325275515756023,2.95003384888626,1.5849644782706651,61.68994917171993,59.20335711245325,1.0183567560266773,365.3159901397403,0.6619777994304885,OVERLOAD
2.7420662529671156,9.348696121777218,4.898467962829298,44.43085723021941,103.07681622193982,1.6718535524378457,113.18175525471474,2.82072195137117,BEARING_FAULT
2.2383965091031794,4.176438892051373,3.0794535540938934,66.92169803449329,59.879073268012654,1.7526627182299446,126.44981300666402,-2.696002268808688,SPLICE_FAULT
1.2105845336452152,1.9761556142730103,1.4407415955762175,48.1795350052122,39.994574477702415,1.978149723946063,87.75597792952729,14.181591484342505,MISALIGNMENT
1.2969926985495057,1.6984176609143586,1.556303164185838,36.688556586671766,57.710180001658486,1.7596441370436335,88.6436409524217,7.657705670409302,MISALIGNMENT
1.6060871577817173,1.9901226098862776,1.5884259893538595,42.80415128276926,64.84047118407449,1.8761247397936565,99.67518964157905,14.211355916164909,MISALIGNMENT
2.0308547833752404,2.344475290351395,1.4133552230047601,66.55757388019373,59.70536822738474,1.0093229209160308,313.4003273733087,0.7773558984037215,OVERLOAD
3.7801988252632652,5.714979669327073,4.254904546885656,42.530861722979125,88.37611487528555,1.7520731325121448,102.02264351118768,0.6922103196472821,BEARING_FAULT
3.4491348814823475,7.905433243543243,4.464740223636291,50.84797132347328,92.60817068942524,1.7044461585190709,93.5493208351746,1.9729644401558868,BEARING_FAULT
3.500064202962834,7.9037824485393875,4.358603394945337,40.08488259637994,97.86461708362837,2.0844906102860894,110.07879845068621,1.5329723289654036,BEARING_FAULT
1.1001666639708123,1.5666473186421603,1.5969451192684874,46.09916823556331,61.649096811338154,1.9583883022284,103.3276047863701,9.744919994511854,MISALIGNMENT
1.0829405581183489,1.2595242493359988,1.2906023531441562,41.352196447707385,44.73408816652417,1.8729938911287969,98.24621544101309,-2.3203155982304233,NORMAL
1.0324083969394795,1.5718747313934416,1.3764704185771566,36.06131807046859,39.25142425355627,1.8628326302769533,104.08052846836756,1.0753434019568977,NORMAL
1.3593027532897553,2.1256479566537676,1.5862248056865214,36.822686625562284,63.10812382199974,1.8510843824815784,98.62258939612073,8.370242671191177,MISALIGNMENT
3.5989333206730096,7.686957516847632,4.29786087789396,41.416211985644885,64.77403919749028,1.8195813438642539,99.9810588500233,3.013655117592079,BEARING_FAULT
3.3620933680505374,7.086867366218224,4.514781143436051,47.36515835717389,80.60756455072908,1.8285465188095587,106.94774005628068,2.0823224873866097,BEARING_FAULT
1.4807652435824679,1.9596903627962878,1.2514613530925203,42.327248911049494,53.37821333184812,1.9785345603010283,111.46487158733038,10.734791843519007,MISALIGNMENT
1.3609536438092842,1.7212969814961439,1.4655547520802281,40.69983129994154,61.33774040184998,1.9769135779310032,104.3356246019188,8.30642867576913,MISALIGNMENT
1.6044843462698375,2.0702248196760475,1.7270134837171827,47.69366187797612,70.99411450037292,1.956864461601277,96.36687991611456,9.027119001801507,MISALIGNMENT
2.242166920962025,5.536751626204232,2.4378181927941176,64.89322008657604,49.98337271272984,1.8561670362769809,100.27073416998593,2.056152362232342,SPLICE_FAULT
3.5688235689465033,7.829617074759831,3.9306085315118935,42.321790694496755,87.37036292402934,1.8395799031354418,97.66537908831036,4.81017408692265,BEARING_FAULT
1.20896216771051,1.8671516029935935,1.5274568718789536,41.84537337417704,58.148980825607126,2.0263855939096387,115.68518985472554,10.900179533917676,MISALIGNMENT
1.123781631197346,1.4187099337627391,1.2917597647016694,39.46361685461322,42.90332201757523,1.9595602576816038,103.60647891435795,1.310191908080897,NORMAL
2.2019643899909904,5.833438791461801,2.8631963283691144,70.55083227519778,55.99888110917547,1.9888114378957176,81.90070735531427,1.216246945774881,SPLICE_FAULT
3.62465371952297,6.563509423486146,5.3444110961513385,42.52787170437577,74.24090575375041,1.6193869574743205,106.329284648275,1.912396171605131,BEARING_FAULT
0.8587696298664709,1.3768660829134958,1.5216119302218711,35.03846141854645,38.02058361506675,2.055174079991092,108.94647187573872,-1.803862792562365,NORMAL
1.494868132496345,1.4231386422428507,1.538586602275908,42.04837436370142,64.24855210092159,1.9141595786739882,119.83704135478752,13.751193928608417,MISALIGNMENT
0.8779156350028978,1.1514171993761078,1.4811293444355256,39.0845105756183,40.89141921349992,2.04468725008027,102.66818396295402,-1.1794596645077804,NORMAL
2.2844069612615114,6.040826029857351,2.4956361377838845,70.38014398842719,54.38970152315488,1.8589440800266692,81.41319313794708,2.3571771976673004,SPLICE_FAULT
0.9236740843457483,1.5460117838761316,1.2751649038364326,37.98321194351286,42.27525745334512,1.9418217966607947,103.07676653401114,-0.0809173376626882,NORMAL
1.9346233159571513,5.740183655892892,3.3354592209418024,84.54715576197015,49.871032075371296,1.8613312669224238,82.37008092347278,2.171336676708354,SPLICE_FAULT
1.1929101941150522,1.813225307404162,1.6980087291623205,42.77211931925205,62.92699855725024,2.0140250552671204,96.9049011407277,10.102183225373988,MISALIGNMENT
3.7298246870146863,6.949669618593409,4.739677129409251,44.58071853623815,92.98643654862707,1.6195963456657698,82.1491550533065,2.7786618972320136,BEARING_FAULT
3.6820302302881482,7.348636258091699,4.891865698376439,42.25247906084749,87.83854494542715,1.5266198484470097,114.26999628734168,0.3247678074811886,BEARING_FAULT
0.9615444455770175,1.202687062183561,1.2645757662736647,38.14932106154288,41.31135403391896,1.918759765106258,103.37957528232118,0.0340080962281468,NORMAL
1.8634339977056338,2.588057349770261,1.4450761346687424,80.48175139214464,65.8509616703528,0.7807026313222221,414.56640989206005,-0.04417557701945274,OVERLOAD
2.2062077748562783,4.717123735827495,3.0681481545843368,68.13997031322519,48.67676363856744,1.706679300245687,98.2978596939209,2.3033463716028075,SPLICE_FAULT
0.9665498764159052,1.409094151680978,1.2978914484966537,41.36309200197341,39.64571427561689,2.0771920154836674,108.28229690184622,-0.7613552698089406,NORMAL
1.4847263537900184,2.133501964597289,1.542668299039296,44.05335143290928,56.75513172359663,1.9238171306139626,97.34079925804448,10.657641260407202,MISALIGNMENT
1.948766881439598,2.8580985293550394,1.492140920403118,60.50712997385854,54.56260915943816,1.1334074093901447,393.7842517690703,3.852869722993751,OVERLOAD
2.485465623423726,6.903997793159469,2.598781909953004,62.91951922583608,57.49750398484452,1.8576215913536551,99.22551490649025,2.4287044165539915,SPLICE_FAULT
1.0293072473298681,1.236072133340167,1.3038791679418624,36.21301611786952,39.3951218043709,1.8961456179156029,93.07749670734104,0.4042128652773321,NORMAL
1.757879088259526,2.30852630227164,1.4476295717110474,64.276141795221,61.465786126614844,1.281241211097821,407.2259690237809,1.890004899447045,OVERLOAD
1.4361860372610094,2.031178427557516,1.5639894214414958,35.85145645143503,52.39616174651875,2.0165594895144126,99.6749610694231,12.38933824823717,MISALIGNMENT
1.6947718811957786,6.114607721191494,2.7100885056262887,65.31136862106534,53.213061676683836,1.8580889702072985,98.13237211268348,3.2113724222583855,SPLICE_FAULT
1.9705047263481554,3.0663411806736542,1.4355071539677702,66.34114257524922,65.36670088431772,1.39588698566704,379.5522388267112,5.928585570522763,OVERLOAD
0.9648486515958692,1.452409867053637,1.3941188300832374,41.70743486002082,42.810172075174265,2.0904017554761314,92.88026772741077,0.796701927070742,NORMAL
2.022553522878725,6.162528712491847,3.2646441277482325,60.33667533381375,48.49644099704008,1.864154020507105,107.27354746752363,1.4905624200282164,SPLICE_FAULT
2.1256365616135455,2.9224288175709834,1.431922443367482,60.0011508600262,54.391768817334025,0.8683100409641566,401.5499462958274,0.026385499650041444,OVERLOAD
2.803294355046679,7.449534298735745,4.30650758056092,39.36438438229838,80.17249732409114,1.899641280638569,98.28489394698923,3.0155562752854976,BEARING_FAULT
3.8209331111537863,9.46754506651207,4.177688934460764,41.778393319737674,92.89211203043361,2.0415114184784473,98.54151011705981,1.9091900794289693,BEARING_FAULT
0.9433702270397228,1.3917098046434007,1.338472995542271,37.14198733435967,43.82055177964701,2.131830232485267,110.69771454983851,0.9005330773315916,NORMAL
2.301272120031704,4.505820126556763,2.8910190804112728,74.70348088263752,57.946509029720865,1.8817803195821579,115.40969613409345,4.2045530531707005,SPLICE_FAULT
3.2698039147615514,8.394087589450443,4.004569622991642,39.76698697830251,89.104382939282,1.8094775503211635,105.69780702215219,3.9406770782396365,BEARING_FAULT
1.4327988960135947,1.6534919377559438,1.7969373412517315,38.053676078850465,63.946132306278926,1.5758486174670878,92.6532890632314,10.995523767051639,MISALIGNMENT
2.4778202779698537,5.3109618342405005,2.776630213801239,77.91689720612106,48.82038913245403,1.8847345938630964,104.88489844266246,1.4580986532461129,SPLICE_FAULT
0.9553485047932979,1.4015541862959104,1.3867977714351294,40.40122857568305,45.71231440405242,1.9590313407370503,105.86165800392783,0.5148835960763722,NORMAL
1.5156203329981957,2.34629978220555,1.42720961319493,46.059207480499225,61.0758199213929,1.8828743695175065,98.46739446600695,10.39684038441779,MISALIGNMENT
1.4834033145263434,1.9594924106235632,1.3591829803183644,44.83766446966392,54.22250558433026,1.892916315208391,100.63232146513101,10.563988737757752,MISALIGNMENT
1.490568578041684,2.219894188022758,1.4638322259658083,39.52848939107654,63.60749605924964,1.8514321255424953,110.64170702341043,10.000257930989935,MISALIGNMENT
1.289145701296515,1.5936929369512713,1.5114609153553158,39.57082549269815,59.40615246109302,1.9427962626552635,120.52073311421935,10.594788454163853,MISALIGNMENT
1.0625667347765007,1.3713241201119906,1.4042340697071416,35.08502979637614,43.11631641782059,2.0978422112028037,98.49679539728128,0.15712791899094083,NORMAL
0.943981895980303,1.3027993425207167,1.3059051426937174,35.29384533692747,45.2729412755579,1.9062074423463602,98.6993970644638,-1.3525086894407223,NORMAL
2.5009411009916698,6.544514846208661,3.1084765203121427,77.93346470548599,50.06170835200779,1.7067537461277529,109.35608570315549,-0.7357435538908619,SPLICE_FAULT
2.327910345692067,5.357053418860928,2.3832516988191936,76.75434499346926,53.504024249153396,2.0888177328581934,96.42107740096344,4.116805816190351,SPLICE_FAULT
1.5878811096543846,2.1486811594374324,1.5043083915365836,46.60818354512858,64.86135658303996,1.8481362002515422,102.95933240346095,11.762489310324197,MISALIGNMENT
1.8987044846850978,6.205982529170046,3.206073768837483,55.83021979693092,55.43166509393581,1.902905587788498,86.4177015143213,0.9503417571220494,SPLICE_FAULT
2.2093643769008695,4.847781803199235,2.2536928027317176,76.18362700894596,63.16122629449433,1.72826940520597,118.75975871068005,1.6706079050841491,SPLICE_FAULT
2.178965756776591,6.065304582156322,2.7242948850377715,63.71467635762523,60.06445287018686,1.714744089958179,108.53437370672067,1.7827564042209825,SPLICE_FAULT
1.5086204838971744,1.822691676820448,1.4703876611336615,35.75777842382706,57.793701736749696,1.9792711017733664,86.33885919066316,10.8114618584702,MISALIGNMENT
2.79938446135387,6.106777268783752,3.3438131600053724,78.89273686377183,60.73289530657685,1.8735331150558203,96.43185242342933,2.8266975571005055,SPLICE_FAULT
3.235404845887392,8.37316477837553,5.409232189190797,43.332401455522444,84.00738219117568,1.6473763405667883,75.23967525990476,3.695851179261484,BEARING_FAULT
2.0159255899414426,2.954698189025018,1.5591571018453099,67.56425627282478,64.04930992435438,1.2573191659506862,319.5497468147873,1.027177716438807,OVERLOAD
0.8987168879665576,1.3631273753525872,1.2961207500604905,31.544553796012085,43.65442882571857,1.8480653924523158,90.14196191332174,1.8566474365619547,NORMAL
2.341629007316529,4.802140488969368,3.679775213873116,68.17213927967674,48.559446349662366,2.0837469175762116,94.38581032122578,3.2899099680547934,SPLICE_FAULT
1.057707212718054,1.2184469895725758,1.4280158103825944,36.56348763197479,42.2556283489017,2.0687065795858914,103.88375729230168,0.1386451837100845,NORMAL
1.4196035036696573,1.692738150525246,1.8670414292591144,41.6660434536066,55.077995117019846,1.6149969890682816,91.3557329466428,8.035537152645382,MISALIGNMENT
1.8568986095382827,5.172267750707691,2.9026449814052,65.00829312267332,53.88738959870969,1.874179078775993,92.86940261939692,3.337463461710567,SPLICE_FAULT
2.0756308410253923,5.390380136846868,2.7338919521502905,62.51857267846355,59.91963454603112,2.105991761787423,102.69906654458823,1.170088241734374,SPLICE_FAULT
2.242622114903345,2.8067501164736317,1.5678549654621052,68.08165576649134,55.806711812397076,0.855761892842724,401.535386869888,-0.10589251458794147,OVERLOAD
1.2304731905772974,2.0706403090103107,1.3700982557650763,42.291467361258746,56.932033788974785,1.8238058761864915,114.61717016257118,11.61809367004807,MISALIGNMENT
2.9659935017407904,8.850748577493967,3.9206034667876977,44.137722154560926,80.13477158703672,1.7859568021394083,102.95214742394265,-1.1123544753766872,BEARING_FAULT
1.866936530156576,1.8446656456561707,1.492813543827977,46.71719463081098,58.71188956255233,1.8164875496027764,110.48116759269155,13.828220781213563,MISALIGNMENT
1.1088950596967366,1.5244061372541242,1.19269147284992,38.55154863426108,39.41673626947929,1.901212665909925,111.7171791471616,-1.132784951267745,NORMAL
3.339903086827246,8.326947809820327,4.978704922616095,41.141369644419775,83.10545725570513,2.0532467717179324,103.6390354131835,2.734942491532996,BEARING_FAULT
2.0767507650013406,3.166842376640022,1.478946505964701,59.32211706351322,62.211681299880986,1.1883247927312923,301.832697329344,1.3691765595648755,OVERLOAD
2.3037831003940203,4.907650460780672,2.697488209428951,71.75984150399279,57.13315892988398,1.9219073156797268,101.25943463355927,3.6386938127650907,SPLICE_FAULT
2.6660784431349485,6.701987128229227,2.655780520833798,61.16338127215255,60.772951238045955,1.7572979029178728,108.1543925129122,0.21282375020316713,SPLICE_FAULT
3.5365920023910276,8.707186528375734,4.289533217708117,43.02760215609482,74.49382170198201,1.8690491727572225,110.54632200640681,3.1888954959510847,BEARING_FAULT
3.738403469194448,6.827169438840902,4.730022695441778,40.53232195235137,90.03581197691581,1.8991778212224006,101.68947831249642,-0.20316629150568488,BEARING_FAULT
1.7548087890843656,2.773428679819363,1.683413456436239,63.328061996724145,52.827095695478256,0.9294960321618778,363.5194972639601,0.5818075303426704,OVERLOAD
1.3980043046932047,1.7909627510547355,1.442236732841065,40.33467231621495,55.23715326940574,1.7650394744288072,92.58501750087275,7.521149511535444,MISALIGNMENT
0.942418175935532,1.391580465807686,1.3937386854561105,37.755431980695064,45.68694150746718,1.9781346722564963,110.53985771182876,0.03556607403299353,NORMAL
1.2696069519517033,1.8608429458062836,1.3007456175471352,39.005716116692895,62.27600753874131,1.9926257491084391,93.43902763994359,6.677392227395276,MISALIGNMENT
2.5065175806280218,5.443137596796921,2.4224687301393066,60.72513993557928,48.16032306954329,1.73044411825456,107.55084924573873,2.1555686839542285,SPLICE_FAULT
1.301948128904387,1.887992491662287,1.648076744448599,41.87558466600256,53.01534186798936,1.8638276163906613,105.10600690410314,10.985038406518507,MISALIGNMENT
2.479712572494156,5.66786062463693,2.5939194516831745,80.09280231651715,53.40417758390916,1.8618783784448303,99.24054223906694,1.6716891330123664,SPLICE_FAULT
2.2567651067182544,3.1562281455046,1.4995798084608845,63.1859026020095,63.19092020364106,1.1600552434193843,376.38496825330026,1.662863383246304,OVERLOAD
1.1289437907602276,1.810869939394001,1.6322348101653161,39.43651961178584,50.96353278253799,1.843571014728098,109.5300949821405,9.850796283633217,MISALIGNMENT
2.051371606890005,2.741600891492596,1.5076518062243711,65.18953403691548,57.83324722457737,1.0078364713328238,409.29493108318667,0.9043751174812332,OVERLOAD
1.7160609943255936,4.719619777150932,2.994985856427649,67.1586010220368,57.43808837616899,1.8606293755300083,95.89161997721814,1.8583321849494898,SPLICE_FAULT
1.9413552425952032,2.5160306444416554,1.3914036829258294,73.13664028526195,47.84938812136322,1.1559683595636514,398.75331638746843,-1.0446546208723908,OVERLOAD
2.2487846870746804,6.009628946426567,3.0354544422148413,69.14164323548022,58.03456855143524,1.9308733268420373,100.16965515006311,2.988352578847507,SPLICE_FAULT
1.9385011654110749,3.37224720176598,1.4073486745220252,68.3217644561494,51.823548649642234,1.0724017009845555,384.7129595193149,0.9235865814048954,OVERLOAD
2.672480294136718,4.427819460669417,2.9196406126461367,60.49456100446035,53.27905474085114,1.6344602408997704,106.7918753078696,2.794867947711504,SPLICE_FAULT
2.02760451173653,2.444223520243943,1.4878924567609446,62.338870400977314,63.41707336780016,0.962015274433077,420.43034256537874,1.2484226876450832,OVERLOAD
0.9025318329772678,1.2809234608514672,1.3487752120661605,37.83531799815114,38.958312143122384,1.939349661178426,103.22082310766986,0.3074035697196884,NORMAL
1.7854459920570933,2.9764471793307594,1.4007131294621302,63.544001231437264,59.307494890300234,1.1537501106795383,395.6478548105752,0.4978400129427587,OVERLOAD
1.4206028719110553,2.014084234672159,1.8074989910091785,42.28358270276541,64.56891088285904,1.9182098245815862,95.02682853642331,12.320686109125363,MISALIGNMENT
2.1655548881054725,4.7627639437326525,2.4538002719717826,79.14267311924375,53.188791511213104,1.9480382171771942,87.36312789832483,-0.10649032026774297,SPLICE_FAULT
1.5555738347987365,2.1690295240904827,1.5279766193411417,39.79955379996516,58.9770161064166,2.013619137464254,104.45677907081924,11.795275003552558,MISALIGNMENT
3.8754444314501972,9.679072984281952,4.8791411930589605,50.996048272934196,87.48140661746271,1.825431061532743,74.89477483686483,0.5095031057998254,BEARING_FAULT
3.6236630878069858,6.067709390337177,5.062839966061731,44.83416815068086,86.38313347830154,1.982914662443216,109.28727993294068,1.522224014895758,BEARING_FAULT
3.420028030752633,8.10141648091369,4.939653646354488,46.89336473354057,87.1582714351995,1.975315337551668,89.69869071256669,1.8976606417683648,BEARING_FAULT
1.000511345664246,1.4608832423048281,1.3713913851257524,39.682758343823714,44.371115688155136,1.987048275313656,109.33128072341069,-0.9846547848472624,NORMAL
2.177820290422927,5.316340364001349,2.684441178122609,66.50890656881127,64.51214940235599,1.7384810494110048,109.89498759650043,3.030223908863559,SPLICE_FAULT
2.068829217352488,3.9307186239976906,2.9096283968522973,68.3255143545372,57.17145730657865,1.9977094509058564,94.82078049051418,1.986080234175284,SPLICE_FAULT
1.1032465260551148,1.4926819837329064,1.5581346491344317,37.08882191367,45.091741756872175,2.105811832508715,88.92843183197549,0.2965769385303051,NORMAL
0.9197722730778382,1.180984644436373,1.2895403872405724,39.10892657659428,40.16328979647675,2.1070610559979186,91.6307929620372,0.7034279167873088,NORMAL
1.940348617071343,2.85919402368708,1.5859414254759454,69.30643223995388,74.7262314496755,1.105490548484462,420.33301724249014,-0.17381192948966762,OVERLOAD
1.6871609544401782,2.6250631506027102,1.607502121451091,47.19948158755562,64.6025478753284,1.0727209901314758,390.1858636221265,-0.16322397302662006,OVERLOAD
2.1143854835011955,2.6911433117879175,1.6237369793563599,51.30056819230976,61.59963930922387,1.093143386803126,340.45723892613483,1.730969744579974,OVERLOAD
0.9540639100459756,1.232101512775403,1.325263273836011,37.3087978573827,41.631873199212826,1.9304305122802936,123.49075786700757,0.7309589763762161,NORMAL
1.5196991824418353,1.8959802496460696,1.3692159163771522,46.36630345174598,57.745996056902335,1.8779068275060387,90.94202786628853,13.14336074778118,MISALIGNMENT
2.168283423058242,3.213392300177624,1.4196276339105314,63.01256414672963,64.59630545840646,1.3337576017821173,401.4773124838643,0.479539820342324,OVERLOAD
3.6448098203953863,8.870352202614841,4.571310696334441,48.731314816368794,84.76878781201711,1.8159653124646933,96.21863681914593,2.0557530162421376,BEARING_FAULT
3.35662152427733,7.4273392689002,4.782600108542299,42.25626198420153,85.23339541414477,1.6941022251751634,113.85470582940096,1.3638798639913157,BEARING_FAULT
1.0046980593764743,1.2723675866753312,1.2860646394679798,34.12018112638651,38.98783620947397,1.9901154798760694,104.72630345843406,1.311693449272661,NORMAL
1.31906131688943,2.0061788628431896,1.516339753590606,40.843520277262925,58.270258314230006,2.1193449550288386,97.1775940807677,10.139144602398568,MISALIGNMENT
3.5456930578009422,9.310624946509137,4.233649456222511,47.22394973476055,90.2820696536524,2.0695524774746934,110.01894389860622,4.575594976667265,BEARING_FAULT
2.0684150298031256,2.7461108881823453,1.469178407183917,63.01100367020292,55.39820691846538,1.023760228087502,359.11119262842817,1.2380249854280934,OVERLOAD
3.5858131675545666,8.736316929003587,4.2165982739520915,49.06342607597191,91.31926197483115,1.8424904925219898,103.37472035323744,-0.5306741411872222,BEARING_FAULT
2.670459907158246,5.020071600691992,3.3618193053233334,82.9607441586588,47.99738804484644,1.9581098914142372,89.28546300572182,0.8642737054971703,SPLICE_FAULT
0.9014273953664456,1.4092836223539287,1.365550744126187,33.646472929845324,38.68541162081244,1.987234531848181,104.60271624982303,0.04556388114189831,NORMAL
3.6064861040611627,8.872783222095572,4.853448145459256,37.97507906208169,76.93175353397883,1.7410988019710874,95.8297197125921,1.1493129486004243,BEARING_FAULT
1.6562286917082287,2.9494335986933624,1.449709034996198,67.36394343305005,63.929964063515655,1.0541551917821481,418.36621294101127,-2.1472811949068022,OVERLOAD
3.487535854079409,7.41950603474937,5.440810644678885,49.35042794079581,88.28368177521662,1.8466257596308184,99.9606932003866,1.125122272740707,BEARING_FAULT
1.2509615726608945,1.7097631259224086,1.5636147248067864,42.560970629173994,56.87253288332682,1.8302635772083828,88.75878141139226,13.287132089857225,MISALIGNMENT
2.7615143872947514,4.78426228381793,2.786054102026725,72.42515287906913,55.24415562404205,1.7633199651379756,106.94466488352373,-0.7859632353503812,SPLICE_FAULT
1.3978851551139992,1.8817848279293945,1.5169854286093944,41.88251365367172,73.58840564604024,1.9283844567302735,91.3123245542709,12.762117784114867,MISALIGNMENT
3.5962323030906367,9.035146818484572,4.315141657620353,52.559255615575374,79.7631758325681,1.8473059344191085,109.76265017256556,2.1075444066662894,BEARING_FAULT
2.302914559208213,5.420533168180256,3.357269269913363,74.35824655286814,59.30060195992483,1.8262367336483118,107.50380470153021,2.5396472647543624,SPLICE_FAULT
1.7292028883334876,2.7757553280509324,1.5757304223774746,70.33558054855385,61.352567377332,1.2769136702210642,364.06822488863975,0.12498560068226805,OVERLOAD
0.6758732659930927,1.5357006241596074,1.333278139417118,39.17139454978667,43.791684654760154,1.9095385625006234,99.92955014519445,0.8431053323232401,NORMAL
1.5057946077631024,2.893161891374261,1.4905727282769035,56.336426465046635,56.11568950689304,1.410492160860452,313.1497268015066,1.827154807263318,OVERLOAD
1.7502947826664876,3.2849564963541242,1.516392406359343,63.74216003948503,65.02465147033942,1.1591966125035,408.02935213012313,2.268109835173083,OVERLOAD
2.8046409685912854,7.262380539858254,4.827344246504072,44.60450949736207,91.36346165445946,1.7933101992007165,97.96166741930537,1.9217477143419255,BEARING_FAULT
2.7353431156323826,6.486332059532059,4.39812024325279,45.08642219036674,89.36112703608433,1.558242440157172,93.99903037422195,1.903852699329387,BEARING_FAULT
2.546270441469928,4.336883897836148,2.5297423595973716,79.77348095364104,53.096546554487944,1.6371975158471035,90.24020196232891,3.7459712826851383,SPLICE_FAULT
3.8483270207453857,8.051435902870065,5.571355517232093,41.78587615429163,85.39078714567587,2.005147695590396,111.91356381080526,0.7949322222676971,BEARING_FAULT
1.2790434606322925,1.7796111116129645,1.6644902122587955,38.70288232640442,61.44102653226442,1.8937106133100141,92.04344866174192,11.433378194995345,MISALIGNMENT
3.5039254961585615,8.866273147133112,4.246647911894881,43.011463904520255,80.78435885148006,1.9699263317569342,93.82802334259554,2.88178355673684,BEARING_FAULT
1.7877479642885372,6.528117837604167,2.720690292594891,78.16184243920502,58.93776703402524,1.7965900057252084,101.04850183401169,2.414651668387283,SPLICE_FAULT
2.18211704638344,5.442879330675362,3.029285095067886,78.51204196502732,46.36581925989924,1.8758042974564677,120.21895315926021,2.443622296661924,SPLICE_FAULT
3.3697946348020253,8.312695926241569,4.946673631304073,49.03717982311924,91.66132606304288,1.6259969427085068,104.18087704274392,3.365912887449187,BEARING_FAULT
1.1687141635072564,1.3189149425015156,1.3726630297236915,36.207469415925075,40.84493456486141,1.90754358856219,111.39555536025469,-1.443604262169765,NORMAL
3.985193571419748,7.322624537658795,4.889341372862895,34.730256361044,85.85749171825933,1.5074857259971863,117.92408930468729,1.8302177855269124,BEARING_FAULT
1.736917632599201,2.504676086147436,1.3575028828184588,62.744430527171865,56.48421768872093,1.0770905082529767,410.6437431204613,-0.40262425464132034,OVERLOAD
0.8763049289121918,1.3724120117372496,1.1456863092078438,39.13130118170656,37.867147497737285,1.9292374105177974,78.22934953557146,-0.04737070254443595,NORMAL
2.014977443519876,2.313107511398931,1.5180338690663888,60.36299761466622,48.22040537533839,1.2700532747147764,393.1900916681907,1.2408431774461288,OVERLOAD
3.969079030874027,8.957938559843926,3.781674103910377,46.22647914792769,86.48702306897813,1.67817643041989,113.22156432657162,2.2624009821950235,BEARING_FAULT
1.5565562169493703,3.3294477651375205,1.5474742104839891,60.943673800707174,60.40159786312606,1.1172859800458028,375.3141829970841,-0.5158859047378921,OVERLOAD
2.2342507250464387,5.8312049861894675,2.957709415947696,85.55139835505689,51.09512353577856,1.8742327884002579,111.69767778003491,2.896105597209851,SPLICE_FAULT
2.90826465154389,5.493338445626299,2.6878187967169107,79.16403418895158,57.382920734916965,1.7734324388820646,93.03915302119951,-0.8279382668142272,SPLICE_FAULT
1.3787711369949576,1.859307771783939,1.621771898605696,42.897257202063315,70.26184956434362,1.9544582400793626,115.89523036103863,13.303331166094951,MISALIGNMENT
1.916349036367426,3.055904556473049,1.4165661813417336,67.7080852871878,67.33687994163839,0.9494801861301065,355.9633892056135,1.444200384828407,OVERLOAD
1.9659217823563608,4.398106696857744,2.7034129162407496,63.877385842524,56.78927200552327,1.9115676011616285,104.14033837811031,5.262305030056008,SPLICE_FAULT
1.0473237624573546,1.4500706585458685,1.4541393031519039,40.17528736054399,38.042258416203694,1.8803211353573688,103.16358321536144,-0.6862791357550845,NORMAL
1.0698134789823621,2.1331833040510446,1.4518529789433794,34.04451581086515,59.466760181614916,1.931606786972995,101.84827033621654,12.492047905965633,MISALIGNMENT
1.6140958046433824,1.8589431961007497,1.6868081415794194,39.63847779003901,51.64818976837457,2.0639256516741753,93.72907175227704,11.610301671749946,MISALIGNMENT
3.4411313408606254,8.516146797184721,4.818476269997435,50.16686243008496,87.26942759759082,1.859356729862543,116.75454012339135,4.043045241269903,BEARING_FAULT
3.3726332585126784,7.625661022133402,3.078028167614116,48.73135556944895,87.77426043675356,1.883138171403978,101.12946973766273,3.329299403922388,BEARING_FAULT
1.0153725105945528,1.431780083684715,1.272270876919148,35.354376046316844,42.63385107683842,1.8116849791941416,102.12093353074175,-0.9642000714232447,NORMAL
3.741609938779821,7.584779424865481,5.070727289160636,43.440951455534275,82.70112900680293,1.6637021577126814,105.6307767542924,0.4345769442733831,BEARING_FAULT
1.0849602097021025,1.490315470853481,1.364764104255763,34.58350064665769,41.5965096467948,2.033802348110171,80.91997862876693,-0.4586386361010845,NORMAL
1.2590805137021026,2.117542085231573,1.6863137415132587,48.4067601902321,66.63981917690883,2.0030249693969564,112.30460047759975,8.491954695142967,MISALIGNMENT
0.8405572341205633,1.5179226523903204,1.3353682847116128,43.41304432936023,42.55150354896751,2.04914294527202,91.36506395035066,-0.21596052035023222,NORMAL
1.14027943109361,1.1882177493473145,1.3443600977552728,34.78177092278058,43.10244499642291,2.0491207665411997,83.61970942563983,1.220282896417717,NORMAL
1.1083051243175277,1.361534493232918,1.44485633237304,35.622740237000116,40.09391283352311,2.0222289855800852,87.82717307779521,-0.8792827824119881,NORMAL
1.7591542850873676,2.0414064719221567,1.6663243162889665,38.47006516829984,59.46974693971581,2.098538039526029,88.3224258410008,8.3750653931029,MISALIGNMENT
3.199896476923305,7.143795647988467,4.867467987127157,45.98163896708536,83.42313609650084,1.3507099663800577,90.26719827106308,3.8892780965579807,BEARING_FAULT
1.6944088462531903,2.6022027595668495,1.425734083422762,68.65094989206847,58.03599491559429,1.1537449722399153,367.02796438166115,1.8037854137329568,OVERLOAD
1.931593097401683,2.638528860977563,1.610039289227873,70.44122320766171,65.44046231604294,1.0997728245577931,340.62018317602167,-0.6057622019531299,OVERLOAD
2.3997808102091835,2.476913637736616,1.377011688471346,63.5169703265336,57.28651563048693,1.1955678560616843,388.8860133006451,1.6450202857170324,OVERLOAD
2.232393943865513,6.361444036560929,3.098993646552427,82.28449407808893,53.981062152916245,1.9016976884836898,121.63999235988435,3.568191192744997,SPLICE_FAULT
1.9731387795514377,2.531850033808273,1.3870332540689463,54.154462104911254,57.78390653786152,1.2227823074659998,390.5588322262417,0.5799636506173457,OVERLOAD
1.6996649618357569,5.4304172483431215,2.827159436410868,77.50092489209305,52.345201764228705,1.947660952311267,88.69899617200122,2.8095017179927226,SPLICE_FAULT
1.57433893962585,2.061918887194377,1.4603053215250146,43.98137985705465,54.37569458099974,1.9770463595687227,94.53592380536327,10.546945055234325,MISALIGNMENT
2.0596247314182636,2.873570754368271,1.4426296855707348,58.9082457545011,70.92115300877451,1.4255678268416836,397.3873354134154,0.8780806779796214,OVERLOAD
1.960330330572061,6.559336706576357,2.4015380930959935,78.42223507515604,49.543982107923874,1.8071594612658783,89.54233835886377,3.0761695726232787,SPLICE_FAULT
2.303022679830684,2.529012066766267,1.5292265456155711,71.39578231839096,52.743903918700326,1.2728375977809123,376.96407118047404,-0.39674789116543985,OVERLOAD
1.2175128793796435,1.724831518700978,1.503641302946339,42.06701771795582,52.72005094036578,1.8462021471178045,107.80201721186074,11.438143125075337,MISALIGNMENT
1.8072965923464777,2.6889932602488265,1.327378603804211,69.07628823807144,59.51189652112962,1.1682763504803237,386.1457190065307,-0.37642398365949825,OVERLOAD
4.115141980530593,7.51433824689944,4.224755869866185,44.871256196222866,86.54143943879578,1.7699798168657794,100.73213529076575,2.7608515466875074,BEARING_FAULT
1.411354241000764,1.7733537206570045,1.6962176257846024,47.38999560502505,55.78196584896307,1.8552122355068041,113.99417926653884,11.591331102963998,MISALIGNMENT
0.9861735698828815,1.239340161098685,1.31564755670998,37.818017558556136,42.53046261641819,1.91396149892205,92.80890548550813,-1.0902084067994298,NORMAL
3.2222006359007795,6.709586549138424,3.7915049301595047,48.422941283443365,95.04180997307665,1.71390980503887,117.32918586677484,1.2195427307740774,BEARING_FAULT
1.500636687241531,1.461123506035995,1.5779651541835382,38.61045042834432,54.422435072573855,1.7659875104345213,82.20124891791832,11.214458576838306,MISALIGNMENT
1.9239137822365122,2.562059600915819,1.3686472201646005,64.86614876652541,61.54639192563347,1.3794139529570424,363.8850721283504,1.5239391585313113,OVERLOAD
1.9245503766509369,2.3824050139608772,1.5473336675554967,66.08280885098723,53.446771078478136,1.1194132515222952,407.5011941776706,2.4388800646735573,OVERLOAD
2.0094080396895393,5.712386131038206,2.9121615675290538,65.157672667931,52.49892068203121,1.9677379423280943,110.30505188633492,2.057813186651588,SPLICE_FAULT
2.377402396351812,5.295000829828145,2.870882308956878,55.80085212129272,43.779092289159394,2.1342072161882446,107.01336627180864,3.16610146192777,SPLICE_FAULT
1.7425972572276498,2.6766218708549547,1.5413372029130397,63.71737851162591,63.11384562613775,0.9296604101711714,366.9442000340662,-3.0199767289467037,OVERLOAD
3.8210910289750792,7.820064368355719,4.692910743216111,48.04572249624357,77.74616827719925,1.6778893166261726,109.2454859971967,2.541145120217635,BEARING_FAULT
1.3231198834030173,2.1454069194097745,1.4358855940286634,40.042415120350064,71.55165822167447,1.802972867409176,90.11470992134099,9.403587847283692,MISALIGNMENT
2.0991549991846745,5.581033422870214,3.22979573335496,78.73287182699178,63.073646515034426,1.96608012376138,89.96342374088077,0.8907117839079823,SPLICE_FAULT
2.2364083568919075,2.8317311150572366,1.4410839612011057,61.29961934026159,67.69008140930816,1.014112092781021,326.4518440138369,0.6970808968704718,OVERLOAD
2.8529514165495398,9.348595353579169,4.123640379048466,48.633656956344645,91.01022164114089,1.6201076367053802,98.45015511391281,-0.9971835021491442,BEARING_FAULT
1.1974166053485524,1.7503807870756705,1.8365561246629678,33.87736843385647,64.79648799682403,1.8357223617100051,88.95225326358484,9.423847492192657,MISALIGNMENT
1.4713048416038015,1.9073565666348469,1.5660750056696282,41.846643920953866,57.80427986515829,1.8942938708568844,86.7515421906726,11.60464580069655,MISALIGNMENT
1.5395202302671143,2.721329929185143,1.368456173411274,69.97459064011001,67.97460104043007,1.1976996427992808,391.3467885629453,0.3792848220671543,OVERLOAD
0.9689733243406544,1.372393094778763,1.4004649347643823,35.01695187617446,44.655694448966976,1.9017696419622685,105.48319627554498,0.3440539215634665,NORMAL
1.3157236850972451,1.9639930382290325,1.3885982619283197,45.31869467657991,48.413255569948504,1.8349343378663805,92.1342790844215,10.613318100640754,MISALIGNMENT
2.541380363051639,2.8753010629450437,1.4121878296394548,70.86358022181874,59.21748084895395,1.1744572469793269,342.0038351316508,0.2172541877677776,OVERLOAD
2.428177852819068,2.9179885414499442,1.656235450937323,59.25243296302839,53.978350864105195,1.226532543683318,386.0310051114971,2.0034467225772734,OVERLOAD
1.2764697544061225,1.8716484891944922,1.4627909714141578,41.12863825131663,53.13850877632583,1.9783159887777009,105.93539432293191,11.84107341180814,MISALIGNMENT
2.24693212898115,3.112657173094905,1.4518282949064474,62.75226308404367,55.9639216125778,1.2031326079388742,383.64509029456804,2.1462814242033463,OVERLOAD
1.7422234866764341,3.03842755674158,1.3710323902038943,67.31033100762701,51.64013764103724,1.0123656360211872,352.3106930487772,3.1755103881385933,OVERLOAD
1.3378059649142204,2.0395173940678397,1.6842673517516804,47.73601640715809,54.799227715826945,1.9262502890851834,92.11952376766992,9.820169207500134,MISALIGNMENT
2.1878432849419207,6.002700206514666,3.1222640978400333,72.4771697027061,64.36224330404362,1.7574756423030773,106.13859199677786,-0.1718726408076856,SPLICE_FAULT
1.6480023251759106,5.664935805346583,2.6220307490935117,75.03424571935469,54.89606408054549,1.9844982378596956,107.78278519276222,5.033810706671763,SPLICE_FAULT
2.3894763580795892,2.80440822866331,1.4165170089453327,71.59678262837392,59.298418859764205,1.0067608932243974,365.45133365367155,0.8032297686027393,OVERLOAD
2.233452606518749,2.7810090331655988,1.3821820312665722,53.86440027686938,61.65431765533456,1.3392142983565796,348.45357324979517,0.6636385666777206,OVERLOAD
1.4819662209758784,3.146499268162485,1.4944103533386404,57.31105416278705,66.49167244887708,1.0417383138516838,441.6228674877093,-0.21435020313435849,OVERLOAD
3.325483923602337,9.451719333858463,4.525858942406594,41.79843558281324,89.26077190091252,1.8418384645751165,99.61650542489024,1.927328849572976,BEARING_FAULT
1.889142645441241,2.353787666078807,1.3692901655600869,61.22243460881722,58.27682581495922,1.093659800234781,337.1202058707781,2.030163233571497,OVERLOAD
3.233957051592478,7.559314023737071,4.868967463131078,44.18446612408058,75.4362422666759,1.707871437281176,101.38535670836538,0.024934915576980243,BEARING_FAULT
2.1369347446843903,2.809242140499385,1.5976138690066921,68.19213459363672,59.642071535530604,0.765548503890503,396.99823498505265,-1.968979692279043,OVERLOAD
2.4454211966167128,2.285471995845238,1.3632673538715043,74.82273074001023,59.190676173211344,1.2725205205519425,314.1905622122338,2.3623337861375937,OVERLOAD
1.8855788595802305,3.0082979143447894,1.4329456838583317,67.58085784589223,63.501049237593826,0.8388949090429498,402.7085820838346,0.13699394793538133,OVERLOAD
2.1247436016316916,5.201860571708441,3.0234808027369273,62.74478930351994,54.99334960986838,1.788808490556111,90.42555047634045,2.0610096290008557,SPLICE_FAULT
2.163664180563206,5.9359089512408705,3.1256787679376354,76.88785875544467,55.550537928781644,1.7854668133034544,96.18744050024465,6.543148917809121,SPLICE_FAULT
2.0310961917269283,2.73753842260301,1.522732590682319,61.841654809335935,52.80147351690982,0.9537351716319591,340.8635330124767,0.7266372637321917,OVERLOAD
1.3192139490055064,1.8059593322429377,1.6664210099081431,43.196976472505085,56.07755439479241,1.7943888430812913,92.45701867392857,11.83160545144089,MISALIGNMENT
1.3926552453712324,1.5514456052237917,1.5320653168202014,46.19768385021348,48.82115621911455,2.1209855665748463,98.01940236781094,7.940502089991817,MISALIGNMENT
2.2480432494746125,6.019380510891804,2.873121745717214,74.77387541595853,51.663451972645206,1.9191735791123608,101.6496810084715,1.6973085307014386,SPLICE_FAULT
1.823670819021038,3.065332731214521,1.6777294768030453,60.438293368270436,59.17287973909053,1.0208954993419839,402.0004402153454,0.3379337450580563,OVERLOAD
2.1941570604095966,4.6059503946540294,2.6223162527766024,67.08391950766135,51.07042218595246,2.0314946871016657,110.42068860377901,5.693206144162106,SPLICE_FAULT
2.377951297299409,6.107581152641164,3.243381262955167,65.4265572504221,60.059527918748856,1.781828773809077,107.1913064694943,2.3247998130391783,SPLICE_FAULT
2.217212666142095,6.325107434564346,2.944628907390112,64.69705684122498,62.05552504556068,1.8038638264760696,88.77728521408824,2.6278701446203305,SPLICE_FAULT
2.990697819277256,7.831609575570373,4.320586814528225,47.01454654471144,90.24735311727069,1.8124941956320213,92.14434406288889,1.6483308237827754,BEARING_FAULT
2.1748031096679967,2.807855544755739,1.514268841220163,65.80365129771208,55.25002148240152,0.9616671084297929,366.3993964969824,3.644948200449354,OVERLOAD
1.6526787251905177,1.9785827021096432,1.3647858868177103,39.20699486510267,71.03429581574885,2.0242862562858313,108.26422324191766,11.538612379124677,MISALIGNMENT
2.3860279592760603,4.971315214673343,2.022910289806135,75.56764175397086,51.068512973125706,1.693198480322625,102.30378676412958,0.5524224217722389,SPLICE_FAULT
1.703388534585422,1.7737125945033632,1.5649010821693536,44.06086989629603,53.80236220991171,1.9268812356412153,81.85116170518594,10.597160199846053,MISALIGNMENT
1.0835692112065143,1.3142923795968011,1.3416440625170023,40.09648526060761,44.989711531738344,2.033085130461558,106.18886298023153,0.518871180440122,NORMAL
2.089729395935165,2.6410696882230877,1.5426156559646185,66.79519859653338,62.66990398709332,1.2529892908141633,422.2830327215273,2.106292095199807,OVERLOAD
2.2921611837693616,5.603622649946172,2.1057485126598734,57.88778846340009,45.88253632475207,1.9207140119549118,111.9489333488838,3.10369516128502,SPLICE_FAULT
2.019504271333263,4.447144949034245,3.009741988890279,79.42813912661695,55.70102563085623,1.7083971303081793,133.36686048322272,2.622415188345544,SPLICE_FAULT
2.4811675520999845,5.1850588222786005,2.3539994719321764,76.02378539123303,54.50439740421688,1.685967300970147,111.75044054722866,2.733224488588042,SPLICE_FAULT
1.8443320583619043,2.763493394293819,1.5628102969833706,67.37976763532875,59.96145674258878,1.3828682774728291,335.3853729287069,1.4528975276780558,OVERLOAD
3.9748204602665527,8.504086396466986,4.276636567138586,45.576208926105984,93.68734729205376,2.0543273728874785,113.01128583911954,-1.365381271921576,BEARING_FAULT
0.8536485051867881,1.3128544272823213,1.3420888277447087,36.889966910353614,44.43961556024393,2.127946493165775,96.84913268805892,-1.5271678565896476,NORMAL
1.667716255877764,1.9067438109802106,1.4135560540223016,48.14612477309655,53.9886408303274,1.7347757322646509,103.80826418345254,11.584297684237598,MISALIGNMENT
0.9673976467832159,1.152552150365173,1.2218427350482266,41.33806512496977,38.83032707171924,2.1194592220513733,81.63640216229602,0.3842020720058965,NORMAL
2.214254390428387,5.266858451948638,2.6964253609269324,79.54191549196521,52.074070737003574,1.83634156085797,114.43103577848294,-0.10727322809277418,SPLICE_FAULT
1.1988402930047646,1.60429061260024,1.5869950476366586,42.77025239598536,52.24159445482828,1.999569375437036,116.639862798081,9.467067137960424,MISALIGNMENT
2.1361149673818653,2.970786796981019,1.6323340922489937,72.09740293632514,59.30202436442124,1.1203277004187695,360.16934355371865,0.11696245079608891,OVERLOAD
3.067136745668802,7.944435889719185,4.771762166275014,42.86882714767821,80.28386294002792,1.669990099400953,86.89200421680319,2.5547344746294263,BEARING_FAULT
1.4269871554319624,1.6544640071087884,1.6106404577176818,35.14266826651515,65.17785496581811,2.061587249012231,114.2018493878195,12.65367726141823,MISALIGNMENT
1.0515035267208659,1.3766560525960456,1.2362551466606526,38.00361642608667,40.185766006385364,1.9227340554729175,100.34713748752561,-0.11522423255219759,NORMAL
0.8679766792979358,1.3203387140975285,1.3849247843326136,44.07292886986056,40.7610065335697,1.9926027136405622,80.24512228782862,0.5457867135323555,NORMAL
1.735688079627644,5.208002315605783,2.832396216010002,72.20602890293995,56.38686475778941,1.8274869026426865,94.90965888471298,4.847262363637027,SPLICE_FAULT
1.2231614763052512,2.3994830252839705,1.5065182930944678,43.22719481500217,62.74071475236025,1.9947511908575566,111.20936512406246,13.991143472964852,MISALIGNMENT
1.1353872374165412,1.4269011433520413,1.514599637576936,38.05744333224725,36.64240052419767,2.148911310832829,96.79702195463358,1.2912738390158789,NORMAL
2.469503837522659,6.707032945265648,3.146635182813973,64.40668838942685,52.6090665138315,1.5737585383837762,110.65374970596565,-0.8474356374078695,SPLICE_FAULT
1.9893809312934065,5.6550761045914415,3.444657300731934,81.67693041005008,59.591214107175006,1.7787560687615291,113.93394436397872,0.021991123427974824,SPLICE_FAULT
1.4900319448616415,1.9321178866343518,1.712336064187607,38.529175808311585,49.96871605799021,1.8753428945740425,105.16396667786579,7.0419626130205755,MISALIGNMENT
3.079096085647753,5.532783664987023,2.8355445949635856,64.24388524213464,55.80693524817254,1.8516840480658223,95.67002967703708,-0.2669192781009171,SPLICE_FAULT
1.726376409791276,2.821500566164073,1.4966931998638233,68.04185807496884,63.03397512529817,1.066587768027197,403.97739372551735,0.22930037093794764,OVERLOAD
2.098238570437035,5.77024717595768,3.2102442083562837,64.33513567321403,58.7236913485766,2.025119558192184,101.61382866451285,1.6572346514526513,SPLICE_FAULT
1.4409516076241577,1.9058861183355102,1.6578031482016382,45.35004382520257,50.33658014538133,1.8858291278298176,109.7141235767236,13.847907691082334,MISALIGNMENT
1.7718529504555933,2.2455669662834388,1.5894458843105128,53.448426724475084,61.474153446048476,1.071938859511592,371.1763045887149,-0.9423978280103904,OVERLOAD
2.3398441391484863,6.102758720274689,2.3368599251310083,83.05199284261438,56.509062430379345,1.8844021783849212,85.15775202469844,2.6151058354568955,SPLICE_FAULT
2.616688792047963,8.944977307376481,4.396622798285365,50.81453660349979,91.38803923692535,1.8739629603071908,119.26234258079765,3.0230141794064944,BEARING_FAULT
1.7009839865921403,6.564543770824109,2.8495733448474776,69.83222752574291,66.0481432609543,2.0146836734318203,103.1645197770735,0.6463785289073707,SPLICE_FAULT
3.778772253985103,7.806545669976816,5.080024214453204,42.515460804815035,90.85981223390479,2.078075123625333,91.93178658838852,0.4114985956754691,BEARING_FAULT
1.5099243622732617,1.9837519920254993,1.4105521015692462,39.408060452771764,54.1390380609781,2.0277856655030515,106.13265544661144,8.758206052463681,MISALIGNMENT
1.7863438395612337,3.1298753392983008,1.5538503156639043,49.684759087875506,52.045770715706524,1.1378319505044296,378.3576081297135,2.322619601140018,OVERLOAD
2.9237129961771537,4.652326853325234,2.98064723813078,52.57368077224328,46.15707165043259,1.8339141480197372,109.94426689250848,0.7922278998938914,SPLICE_FAULT
0.8601432426180858,1.6006049645736873,1.4007777174849416,36.84808618414294,40.290501215283726,2.004522270899998,113.5107289241314,0.6662696720435232,NORMAL
1.066936848659731,1.9031364472943249,1.655205702366334,41.50755176183468,59.985233349412,1.728429168136187,104.31009692130077,10.083726020316561,MISALIGNMENT
3.449682948936668,7.608960161319255,4.558282828407668,44.667277359582364,76.68025478706359,1.6699612140983349,113.46722338770843,1.245031220683604,BEARING_FAULT
1.0357787360348283,1.4625940567171198,1.266247121385445,35.97446517507686,36.37034188187438,2.0185175536829916,86.1145744616879,0.48730523704499484,NORMAL
3.4830205883952976,6.564445131928879,5.103712874578324,43.162098272189425,89.16803117283922,1.5918370378497846,110.79581247984804,0.009849601300326416,BEARING_FAULT
3.9812851129169142,9.359794193758914,5.056030340016578,49.739937790401264,94.02875253982864,1.4879576074136323,95.3387347687091,0.989595483068745,BEARING_FAULT
3.4575471969550735,9.287474700487902,4.464763213061272,43.77267302244562,96.67055308685175,1.5524468243768206,103.7347395047135,0.8573573478666349,BEARING_FAULT
2.0681294975573983,2.228872178306622,1.5118350201123436,64.56306540445794,60.100069025008054,1.3018812504766575,367.9385209917563,3.176199199463109,OVERLOAD
1.2189802933217673,1.1599316611817132,1.2912326738561561,44.07081865768892,41.814707400419614,2.0505965553455865,105.68103205128646,-0.5663945912147232,NORMAL
3.5824541518490416,8.89756039353218,4.2201729095874185,43.76495283522647,95.57923459849384,2.023153266960527,93.29485069871092,0.7707952997267515,BEARING_FAULT
1.1179297184063826,1.3115583230166816,1.3158913923035567,44.29916536749955,43.181391894648755,1.8707374652847737,94.82307427130786,-0.016610342325908987,NORMAL
1.8999700846747172,2.9563647373566173,1.4699430609414752,54.738949391649236,59.07694502781475,1.1148688688714241,351.14712737680395,3.529010424655666,OVERLOAD
1.0491919171506505,1.1049918157890852,1.1162919613204314,39.38651799824583,40.32773084067504,1.9197175556049157,95.2873625929748,0.19624094066672046,NORMAL
2.7921200328207556,5.290734843395878,2.2667853217437584,68.41026833380559,57.62101286523589,1.9741601722103523,99.04334387914572,2.552158011096309,SPLICE_FAULT
1.5702673967615381,2.2323899282542987,1.5657321095119539,62.845210231346755,50.10202862073736,1.0220488282694549,418.3362956312592,2.3516676715932574,OVERLOAD
1.4092825029330702,1.9069775894178815,1.5268034928262437,43.644200774121515,52.87017591259611,1.767635042915782,102.56783257324723,12.14244842047248,MISALIGNMENT
1.805422861748374,2.7218175002998124,1.5616579352307272,58.918364945873186,66.35264612073571,1.2491004182553271,387.95865034351425,0.057853247380325046,OVERLOAD
1.959463267614685,6.136335926855091,2.373451114730722,75.6113436121982,50.44030026594168,1.791632987745096,100.00950717391545,1.1055577410723,SPLICE_FAULT
3.954014742840696,7.978078167306797,4.3691061631879515,39.671021652946216,83.93854576224084,2.2335964485598705,113.95460223674831,1.1420744572340922,BEARING_FAULT
1.4251355158701484,1.756685302315179,1.5976876428151081,39.36990874314212,62.05013619253058,1.9428761258880762,90.61532894258914,12.111652055150255,MISALIGNMENT
2.0158854761402343,2.961463481647677,1.39737576246971,63.51250384554195,59.57068049601119,1.1285316439014264,312.4239945564905,2.10434116774769,OVERLOAD
2.7238232554882584,6.282324487558827,2.314093422090277,80.26222487424337,52.26412697928116,1.8888072626078825,107.75516121544067,0.2929433837930111,SPLICE_FAULT
1.08125258223942,1.2644585060787403,1.3635488659228863,41.91302072863446,44.60746819316782,1.8485529690819233,111.92735165416414,-0.059826143529903696,NORMAL
3.3840315387899937,8.971907224146427,4.27464672041137,46.97247010886402,80.88459345390605,1.65033655813396,125.24028536379257,-0.11575023923779182,BEARING_FAULT
1.312037727666684,1.7003118294246562,1.5154512707758496,42.943333772624555,56.06943611956929,1.9101788333707326,96.92753774338269,13.93288478237716,MISALIGNMENT
1.0077368307647618,1.4373155452364377,1.4197037837965796,38.25595442769507,44.30462164989521,2.0496199187363318,98.86519354117858,0.9513062442994834,NORMAL
0.9191701714644849,1.4412497587373159,1.2851798050388497,38.02039953367999,43.438324554258195,1.9271727797593388,89.50344501090059,0.8316167861804036,NORMAL
3.451261755475586,7.469986282954608,5.061070866959762,41.67646934457948,80.26683347726043,1.8419717781453533,96.74988101593813,1.7793786898518995,BEARING_FAULT
1.446357116454898,2.049396168020942,1.3660978067804403,47.0017705252486,55.22359751547335,1.9735269309974988,102.08491970575581,13.135995556117944,MISALIGNMENT
3.8688693826028344,8.110580189201473,5.045513954595738,45.4261787057375,97.23280805338598,1.6185052456999236,119.47857766151364,3.0702013552370193,BEARING_FAULT
1.502483452218321,1.8492096587205529,1.420834257511753,40.63832575154061,58.39003709239429,1.8975713504329974,83.63596980793515,7.383409343000971,MISALIGNMENT
1.1794265673153124,1.5764398772369326,1.674461768677886,44.40210584263673,56.92731167741018,2.145987198502938,97.24104278559827,11.543367169000062,MISALIGNMENT
1.4501657772272782,1.9719477950253577,1.4048961546512473,41.097522131903105,67.59303166938103,1.9359055093480366,104.23507874022037,10.074526704007324,MISALIGNMENT
0.9678614158347006,1.4350027736759225,1.3073839328270471,42.64706045448556,43.027013503468865,1.9851030690232703,86.6722260252035,-0.3033500674771342,NORMAL
2.171316092976424,5.009859248903458,2.83955724860459,70.10991608784158,52.60816641706031,2.1791355925244025,89.55637515850212,-0.498593851470293,SPLICE_FAULT
2.9893527199021355,7.369793393903649,4.364606751510468,46.83043896776149,88.52866129488324,2.0019720893334045,90.20135094491187,5.560031911463252,BEARING_FAULT
1.4436447095206164,1.7370487994352903,1.3958735556712982,41.89471059964622,58.81398309049956,2.048547736927255,97.3163120086262,14.468083908845237,MISALIGNMENT
2.371160465469127,2.9712822981826594,1.3050409827273968,73.54339362348111,62.27437900331922,1.153471565700424,336.58346662226126,0.6362253257109671,OVERLOAD
0.9207127167737655,1.269405195847434,1.3263678871888778,39.0908956478749,40.46041090645981,2.2052972024501662,102.0636177132545,2.154928677383142,NORMAL
1.3232354663086543,1.3892900807888202,1.3530343861277485,42.53558750916143,49.183816505482575,2.0344854031180692,90.21976976477431,13.404498006722342,MISALIGNMENT
4.2430363506598665,8.549477581650976,4.241986734139136,47.57493600476844,85.64127808390043,1.8279242933372601,105.72689463035434,1.5625071332090337,BEARING_FAULT
1.33570182096252,1.8787611819920493,1.6471117637890382,41.10639958512942,54.695828820949274,1.9998217655971728,81.84351024121182,12.403646081086688,MISALIGNMENT
2.1681984809967485,6.432654713011218,4.4591316619842525,46.428650342805085,86.94322032569,1.8642381596275295,117.49821097053679,0.8837142012952883,BEARING_FAULT
1.0560784526368234,1.2880746326139152,1.392932220202183,37.56644398785345,43.85913433789841,2.042544486418417,83.9972889549629,1.0719298652117972,NORMAL
1.0787084603742452,1.3646411777574434,1.3963433199680872,38.85666222457297,42.25706148421008,2.04559041951707,99.88907996051398,-0.8246122504347609,NORMAL
1.5600102794626873,2.719413512818581,1.5178669775219071,59.94622569937959,63.86364188959697,0.9682251813545744,342.0533346769187,0.26753831993276234,OVERLOAD
2.411768258831366,5.46470415449917,1.8169463926748177,69.82412596207502,52.96050537728176,1.819531884471095,97.84451728557356,2.9002995201194643,SPLICE_FAULT
2.840093681404569,5.478063434422498,2.9123275140123033,63.877389156327745,55.22223959387753,1.7555348374657924,108.63094021340343,4.276194188220895,SPLICE_FAULT
1.2458894672710983,1.9330807320599408,1.4139894778048854,35.34066615764445,55.71651192488377,1.9388818910263712,118.9514861210897,12.466358634845115,MISALIGNMENT
2.233663676834156,3.262396343440396,1.5370867792471026,68.62239809714133,61.13531526572075,1.0022071768964922,392.9253801550924,-2.2415839960239063,OVERLOAD
1.1379656462981667,1.9806549126074342,1.4537083952162195,45.9295955083006,58.83246563557562,1.8875078404676433,101.26824685134962,10.696097753056028,MISALIGNMENT
2.288336379190592,4.8721899785875475,2.6322334346122913,73.30233398505848,57.93312441308411,1.7363859123504566,118.55042221468732,0.5106701951701726,SPLICE_FAULT
1.402017554692894,1.9537187162088594,1.4513822205894384,37.1235231894005,55.476831288553825,1.9966956645344816,113.42721861351185,11.560471892004989,MISALIGNMENT
1.9018184403935456,2.4198169934881806,1.395854704822518,66.38988842966553,59.619061943544914,0.8146060645352838,395.62930620475316,1.7043947249416012,OVERLOAD
2.963611185607488,8.017301304474852,4.069998762438849,44.7826366358534,89.59265025685228,1.888056363610175,87.19118359919699,-0.9810532503910534,BEARING_FAULT
3.2719225609207387,8.667991541902868,4.2597898902982525,38.928195472626996,87.73695536087726,1.6793793467758968,119.45635046658087,2.2719603599717386,BEARING_FAULT
1.082254491210319,1.22854747496878,1.2857060345624216,36.162687876078685,42.67592376612282,2.0058984221589595,104.21546083536562,-1.5630343065712535,NORMAL
1.193924776265201,1.508532282173202,1.5184030631746501,44.46619823409758,67.861722395411,1.9320930061925656,104.05824086673815,10.24493770288035,MISALIGNMENT
2.470599513463028,4.818765205676061,2.6062237304072227,67.56769562444336,54.41607737111801,2.049544531827687,97.62278148034095,0.6046743079738812,SPLICE_FAULT
1.7226361111384452,3.370194712516626,1.3822968368546928,58.375127260016484,61.36655624792582,1.2241486264602799,390.4894927144242,0.16177556239480761,OVERLOAD
2.205670606643536,2.052651577554562,1.4902654031107267,68.38698922428499,62.2651982828603,1.1673414077289497,391.1838247558762,-0.9371833467304465,OVERLOAD
3.166336381313368,7.824250363980928,3.8897928945944575,39.227538843288755,98.41320642209088,1.6772212791524903,101.46294957744418,2.7572203453457407,BEARING_FAULT
2.0813148745573953,2.4272497489241838,1.5291658933189045,74.62960701052342,60.282538372146334,1.1115099289089436,353.99079630702346,1.1217157477744304,OVERLOAD
2.0371072879683965,5.1482633834314,2.6003303600256227,73.44984893949612,55.93510053846969,1.8385949595568496,109.34529218424487,0.40848984587718085,SPLICE_FAULT
2.275282957970998,5.504462283285949,2.8216410852063416,71.7182900771547,48.11889389797837,1.726408150362585,94.06383500346622,3.693739469368505,SPLICE_FAULT
3.5900683728907743,8.792099829514253,4.07339094092906,50.34181224680697,86.36995238147996,1.7487572299844527,98.02921087199303,1.3374977289460588,BEARING_FAULT
0.9885263558533101,1.4309783390599926,1.443877908598826,36.772152685660686,41.34586231382288,2.2868403055666766,92.90211007766464,0.223153054747697,NORMAL
3.9838125604545076,8.8361660656258,5.244067313620101,48.72404741947642,89.53016566446951,1.5787573980434493,103.38872513313999,3.104537522609412,BEARING_FAULT
3.484834128746892,6.013964811271329,4.882821553241348,43.35625969370455,88.0164872770272,1.904290384063312,108.6358427384619,0.4810645205585917,BEARING_FAULT
1.4760530408203034,1.6624469520164946,1.4163102370120295,38.131558238370935,58.69825837107948,1.8166401717033593,102.33865101009248,12.5308043120267,MISALIGNMENT
2.614714823706982,6.226229565437058,2.807431573021537,78.93741596955795,48.18232068135984,1.7830066884550337,95.94322787242822,3.638842414410542,SPLICE_FAULT
2.1537403080116935,3.2723759073287026,1.431221570517457,61.01700138304586,56.990514195336935,1.0799914516832567,412.05926658770255,-0.9265579632637979,OVERLOAD
4.207171466735813,7.356863724608463,5.1281106722206795,51.92046707683536,104.87315264596269,1.8738785169309535,100.85994764861596,-0.7292434119099243,BEARING_FAULT
2.3060541953345277,4.983610520851162,2.939043217467524,65.99473669859918,58.423124981559454,1.6899240042814532,104.97001294264729,0.7790153474559329,SPLICE_FAULT
3.3248711508553392,8.79898125606648,4.531508829449614,43.92103757355337,78.41641099310114,1.8187167869516119,81.51931602899174,2.7158924597228884,BEARING_FAULT
1.0732683020402853,1.6300453861237536,1.5502372213706974,43.65871568579844,57.41172534198918,1.8108456510145494,106.65334534508875,13.556561894918973,MISALIGNMENT
2.1720649276931034,3.139157985861193,1.4298750455595923,61.999083912711626,58.171096273489965,0.8781989605534555,433.44199149802574,1.430830517762919,OVERLOAD
2.835211844926103,5.627854344921382,3.031468987449802,82.22632398301174,53.52014248056901,1.7863986435150336,100.70496286372662,-0.2143995957179965,SPLICE_FAULT
1.9043540393193916,2.762584552529054,1.4205340815854197,65.6800067834318,58.31486812659312,1.0514028723949136,403.03531084004334,1.4363701023884976,OVERLOAD
3.77044145531886,6.97082440514447,3.9909811640385926,47.82608309368251,96.84793923293995,1.8653524667886754,108.72767224276402,-0.07674540952529085,BEARING_FAULT
1.0871124703431692,1.1832513039883685,1.3560346911121275,33.43292244134633,40.41306687580796,1.7810078295021445,97.31354246690258,0.6719446078144975,NORMAL
1.8834695109199948,5.691859308089117,3.186704484144548,64.9419975242497,58.25305448053068,1.7912801149445354,99.68081595140981,4.127911690091695,SPLICE_FAULT
0.8485152775314135,1.1506846879780812,1.2897265703723053,39.29576763402182,41.809426276153935,2.1829620201716087,113.03278037316063,0.5852994365163381,NORMAL
3.6499630745203104,8.98929579371438,4.622299034824609,50.648385498710354,102.31914071281166,1.7801361622584995,87.78952874370337,4.976030648422292,BEARING_FAULT
1.670214514889973,1.6394310472950508,1.6818181851262182,42.0732955205341,51.003858703876844,2.0121188142569904,86.227045107279,8.948553210050786,MISALIGNMENT
2.3700940789801304,4.804430560461494,2.460752007091421,72.57327672640554,54.87133102580376,1.889555063740969,112.34826113855856,4.968121106441394,SPLICE_FAULT
3.131312865407234,6.940110956919809,5.28479203314054,44.669638698333955,80.17503929419104,1.809479040577534,97.31805764994517,1.964594254630513,BEARING_FAULT
1.986166634551722,6.548342397105935,2.722605120230057,68.9521372056734,63.62209180304953,1.454532658403923,97.83845202887049,1.5489443453565426,SPLICE_FAULT
1.5540341927386871,2.0344586816080805,1.4436751703625947,39.66187402421965,56.92443099914755,1.9806676402164363,109.81149715570353,8.182078506415921,MISALIGNMENT
1.1644967713501284,1.4695520183336568,1.4792300551575555,34.73826218341159,41.9068232013873,1.9282983850872064,95.5405628613884,0.8227827808340025,NORMAL
2.235408314183146,5.737281664027351,2.95052717692862,71.67793819901172,54.22313505891,2.0110951867288054,94.21508434881652,4.598971996363524,SPLICE_FAULT
1.199808408963465,1.9937956156296934,1.5053865186171815,43.55465685133623,51.56197358173469,1.9805574702806172,111.78843444025644,10.040063707702547,MISALIGNMENT
3.280641284875527,7.930763071455518,4.338627723638329,51.335745763853936,70.70289129932439,1.7075777806661059,104.45648725599797,2.7265294695818314,BEARING_FAULT
0.9774223699513465,1.4065762028563196,1.3747856568181622,38.230555648876305,45.50876997728332,1.9536838637914602,103.51479900352201,0.8447743757816999,NORMAL
0.8802122107411151,1.3055262801496674,1.4411902848903237,38.59684444038948,42.58232289286007,1.8828345652682439,97.62988029987372,-0.8022800271395435,NORMAL
1.5263445990520852,2.218080713714728,1.7413013547444816,42.129092919963846,58.96703183594858,1.9123429181703648,97.746485149558,13.298974728020736,MISALIGNMENT
3.4856969422505943,7.68775668071064,4.911773059920987,47.62384220856549,96.31795055487851,1.6160159130147052,111.11106095446024,0.428080781813555,BEARING_FAULT
1.398369929444754,1.6915456823905501,1.5217671308033074,36.737145441532505,59.32145105076626,1.861399742435056,112.69255671898621,11.96506741964237,MISALIGNMENT
2.101711908784946,2.510486325827146,1.4660911705473172,61.146605129336066,57.393725965719355,1.1733484295990069,395.5163064847688,-0.5628303987160526,OVERLOAD
2.5085437027570334,5.351688780787351,2.1386057746907348,63.15068682805806,62.18948496684216,1.7638837289634006,102.71777826237694,-1.1173996107878166,SPLICE_FAULT
2.210080512206067,5.824224478558623,3.2946805236398222,72.12651431396564,54.08795649632041,1.7942104309332774,101.77186305952077,3.5604279444004834,SPLICE_FAULT
2.0724777935094156,3.0898418982583142,1.5489211824664302,54.97200639419137,63.766067232080786,1.1529558872622503,334.5465519125156,1.5790369280628398,OVERLOAD
3.865356436320873,7.821947943382869,3.745915395313911,44.61133157450999,94.04131753812894,1.9536527684789948,85.89034064407795,4.19631726702898,BEARING_FAULT
1.6179133317689274,1.700357548297719,1.6026095239395974,40.112363551411676,55.47255122277745,2.0132804697174804,82.77743066042481,11.684451158848692,MISALIGNMENT
2.0439184281229448,2.544940676255603,1.427056295115235,69.56704423430983,59.32063475818102,1.036699115493638,424.14201044499566,-2.022832858148565,OVERLOAD
0.8449336568933867,1.373501430611722,1.4724600665874958,34.31135121664275,43.420896230434366,1.991076584577855,108.58014195302145,0.6813623265753054,NORMAL
2.306377083581405,6.386147377786161,2.59268372830109,66.62717449138893,50.33289366644867,1.9029264935378774,88.16171196075398,0.7165979391549657,SPLICE_FAULT
2.8413954453592236,7.0776784450820935,5.050399902711359,44.397665806500285,87.83818294902407,1.893539929057802,100.08120545185533,1.7514752330799837,BEARING_FAULT
1.7001989187260893,2.3986977441736945,1.5539950900755102,76.71157453710454,63.28058100930135,0.9459934262322102,423.2033036020752,1.5171624588884418,OVERLOAD
0.9987753227153086,1.2833760567968162,1.3612708997528964,39.315427216429185,45.69262353946421,2.0913771621385586,106.71531171729053,0.1680153405325285,NORMAL
1.8472287343808205,2.34827565983075,1.4450873519010423,67.22724058082035,68.67381396561788,1.1819598427500908,401.1654015818074,0.7769056182739096,OVERLOAD
1.0614166700043426,1.1946382229134913,1.2700558214164073,32.66423724798045,39.484242604658306,1.9588176631036343,101.89328307292374,-0.6416668201303823,NORMAL
3.173875554084757,7.027324813739705,4.9999955025298055,51.75262821161116,87.42090820757004,1.859734917703841,109.41625067814218,0.29948905194607556,BEARING_FAULT
2.154639089244481,2.661882300203003,1.5163447746617478,76.25135233090033,61.152299403138166,1.2052823378088942,430.3389751090609,2.491003059259417,OVERLOAD
1.3746315971535774,2.101346014245413,1.5957710741041211,36.85190025506793,65.2780023962865,2.002747934335269,120.45654547677154,8.581129342081883,MISALIGNMENT
1.3191858743980855,1.706659621859468,1.6194714378285482,41.77696401072443,65.71368183639888,1.8784803676439819,96.33658322862243,12.618517256246598,MISALIGNMENT
1.9423034619743196,2.830935274733691,1.4663933303494259,72.5754644417849,63.30868306048474,0.9974928445219806,423.1986212428589,1.6963956148536896,OVERLOAD
1.354221673177887,1.8890443279322349,1.7199694150040352,39.522501680285856,54.97160000032101,1.9105278623909676,123.0594658596774,7.148865279334245,MISALIGNMENT
